0.005718435	0.004333461
0.001443048	0.00109355
0.004016016	0.003043358
0.002561638	0.001941223
-0.018247832	-0.013828305
-0.062962601	-0.047713399
-0.030463005	-0.02308503
0.003191576	0.002418593
-0.037059623	-0.028083982
-0.039963792	-0.030284777
-0.028268771	-0.021422227
0.003507132	0.002657723
-0.014005934	-0.010613773
-0.003362957	-0.002548467
0.052361135	0.03967955
0.050658602	0.038389362
-0.013579731	-0.010290793
0.00182469	0.00138276
0.035016903	0.026535998
-0.004815432	-0.00364916
0.011773098	0.008921718
0.005512771	0.004177608
0.048089372	0.036442386
0.00553743	0.004196294
-0.000600835	-0.000455316
0.035007661	0.026528995
0.084928958	0.064359622
-0.004734937	-0.003588161
0.029338529	0.022232896
0.052473448	0.039764662
0.024852398	0.018833281
-0.019854954	-0.015046191
0.005175191	0.003921787
0.073113158	0.055405546
0.047981344	0.036360522
-0.026990756	-0.02045374
0.020985797	0.01590315
0.07420649	0.056234078
0.002443237	0.001851498
0.00470061	0.003562148
0.034304873	0.025996418
0.044626501	0.033818204
0.047829512	0.036245462
0.010680941	0.008094075
0.027839055	0.021096586
0.084680584	0.064171403
0.025393265	0.019243153
0.017232748	0.01305907
0.069363169	0.052563783
0.028717003	0.0217619
0.041118939	0.031160154
0.030275326	0.022942805
0.087119566	0.066019677
0.065387787	0.049551218
0.010388221	0.00787225
0.097589549	0.073953887
0.142090795	0.107677171
0.065552533	0.049676063
0.077847173	0.058993008
0.084674422	0.064166734
0.150279087	0.113882303
0.124315563	0.094207004
0.048523575	0.036771427
0.127259782	0.096438149
0.121285486	0.091910796
0.116482144	0.088270797
0.12145248	0.092037345
0.104373202	0.079094576
0.109054075	0.082641767
0.112225176	0.085044844
0.125182744	0.094864159
0.098773206	0.074850869
0.100593768	0.0762305
0.167005235	0.126557468
0.16511224	0.125122947
0.134817224	0.10216522
0.180056591	0.136447856
0.179116514	0.135735461
0.233315804	0.176807975
0.19741162	0.149599591
0.169546994	0.128483627
0.222073781	0.168288709
0.258596033	0.195965469
0.239673855	0.18162614
0.231446783	0.175391621
0.244185009	0.185044717
0.284940154	0.215929186
0.229053248	0.173577787
0.25720086	0.1949082
0.276781189	0.209746278
0.270204161	0.204762171
0.244624676	0.1853779
0.18922788	0.143397908
0.197079261	0.149347727
0.224350519	0.170014034
0.171492533	0.129957966
0.223337525	0.169246382
0.203748522	0.154401729
0.207698197	0.157394815
0.27161009	0.205827592
0.239857044	0.181764962
0.278725065	0.211219358
0.264587409	0.200505766
0.242939963	0.184101214
0.282604916	0.21415953
0.321715686	0.243797883
0.246876454	0.187084309
0.324145653	0.245639325
0.28902524	0.219024887
0.302396423	0.229157641
0.29458681	0.223239474
0.324360065	0.245801807
0.378000903	0.286451124
0.288710122	0.218786088
0.277681445	0.210428497
0.379899612	0.287889975
0.395251209	0.299523499
0.314304938	0.238181978
0.33460665	0.253566725
0.349776609	0.265062601
0.397589947	0.301295807
0.283721394	0.215005603
0.311830144	0.236306566
0.380426229	0.288289049
0.384236859	0.291176765
0.35295376	0.267470264
0.36945492	0.279974932
0.423191419	0.320696741
0.419196763	0.317669569
0.334287017	0.253324505
0.369249451	0.279819226
0.424644377	0.3217978
0.385774865	0.292342274
0.325937673	0.246997327
0.371949962	0.281865688
0.422946164	0.320510885
0.367484781	0.27848195
0.325445356	0.246624247
0.394828591	0.299203236
0.451513589	0.342159434
0.315904357	0.239394026
0.31635329	0.23973423
0.441844241	0.33483195
0.414845829	0.314372407
0.362712582	0.274865552
0.36486075	0.276493445
0.428947222	0.325058519
0.394725541	0.299125145
0.309422838	0.234482296
0.359405397	0.272359349
0.406360416	0.307942116
0.39813139	0.301706115
0.341478978	0.258774612
0.386165143	0.292638029
0.444218932	0.336631503
0.417619215	0.316474095
0.361398345	0.273869616
0.403427141	0.305719264
0.428586983	0.324785528
0.405468321	0.307266081
0.386969882	0.293247865
0.474005167	0.359203673
0.460694768	0.349116981
0.410905171	0.311386155
0.411282236	0.311671898
0.448216967	0.339661236
0.437922446	0.331859993
0.457014957	0.3463284
0.489978953	0.371308694
0.496247401	0.376058958
0.455265624	0.345002746
0.427737685	0.324141925
0.509263251	0.385922439
0.48454275	0.36718911
0.422521979	0.320189435
0.458274647	0.347283
0.539503164	0.408838409
0.520541066	0.394468829
0.466591553	0.353585596
0.495513436	0.375502755
0.577383325	0.437544199
0.517576721	0.392222432
0.506390395	0.383745374
0.580998847	0.440284061
0.53408449	0.404732108
0.555603357	0.421039222
0.595565689	0.451322892
0.639422338	0.484557698
0.61584339	0.466689444
0.597811387	0.453024695
0.587920812	0.445529564
0.632412819	0.479245847
0.579056152	0.438811876
0.583375535	0.442085128
0.664884338	0.503852939
0.683976173	0.518320834
0.619078492	0.469141022
0.649633484	0.49229576
0.696005828	0.527436972
0.677889254	0.513708134
0.641113492	0.485839264
0.656061759	0.497167141
0.711973528	0.539537381
0.679564588	0.514977711
0.660291395	0.500372382
0.68880739	0.521981957
0.737699714	0.559032823
0.705172783	0.534383739
0.68375224	0.518151136
0.710877499	0.538706805
0.737952116	0.559224095
0.668730948	0.50676792
0.65073434	0.493129994
0.74976948	0.568179357
0.739776935	0.560606953
0.702425256	0.532301649
0.676600931	0.512731836
0.770837995	0.584145192
0.745609965	0.565027254
0.706129813	0.535108982
0.688044531	0.521403858
0.781434306	0.592175133
0.742763209	0.562869968
0.68687847	0.52052021
0.726721223	0.550713264
0.798675371	0.605240506
0.685216894	0.519261059
0.684977456	0.519079612
0.740841283	0.561413522
0.794952155	0.602419033
0.71763834	0.543830206
0.698297089	0.529173302
0.829214093	0.628382914
0.778173308	0.589703931
0.690681739	0.523402349
0.747341032	0.566339066
0.773439189	0.58611639
0.768427451	0.582318468
0.723560994	0.548318425
0.750312659	0.568590982
0.83368787	0.631773166
0.7678025	0.581844877
0.782999877	0.593361532
0.78960998	0.598370703
0.787565487	0.596821375
0.773213713	0.585945524
0.816882218	0.619037752
0.757506989	0.574042883
0.788880637	0.597818003
0.771640777	0.584753544
0.763809746	0.578819147
0.781804812	0.592455905
0.743923793	0.563749464
0.77984275	0.590969044
0.79598023	0.603198113
0.739085135	0.560082703
0.779292524	0.590552079
0.801409785	0.607312659
0.805064174	0.610081974
0.792560838	0.600606879
0.769837018	0.583386646
0.78541298	0.595190194
0.788972455	0.597887583
0.789030326	0.597931438
0.7753374	0.587554865
0.788186436	0.597291934
0.857484273	0.649806209
0.801304815	0.607233112
0.837817005	0.634902247
0.849368847	0.643656295
0.848419581	0.642936936
0.852424063	0.645971554
0.848131253	0.64271844
0.829250177	0.628410259
0.863051415	0.654025019
0.811493024	0.614953792
0.847917979	0.64255682
0.883171819	0.66927237
0.840021169	0.636572575
0.848467566	0.642973299
0.891003063	0.675206928
0.895566176	0.67866488
0.837978989	0.635024999
0.856993264	0.64943412
0.95731777	0.725460571
0.921748469	0.698505963
0.857122378	0.649531963
0.956268251	0.72466524
0.945853004	0.716772509
0.928095796	0.703316002
0.950864619	0.720570339
0.941554943	0.713515416
1.013506595	0.768040766
0.973680938	0.737860669
0.923100636	0.699530643
1.038318531	0.786843385
1.036148608	0.785199006
1.001193549	0.758709874
0.985466124	0.746791546
1.071985087	0.812356083
1.096009601	0.830561989
0.973396136	0.737644844
0.996775913	0.755362165
1.075820985	0.815262947
1.003945504	0.76079532
0.980768731	0.743231836
1.041999056	0.789632507
1.074819853	0.814504284
1.060678306	0.803787743
1.027653829	0.778761616
1.076843178	0.81603757
1.069864505	0.810749094
1.067796381	0.809181859
1.052897413	0.79789134
1.107127794	0.838987416
1.087835953	0.824367955
0.978658372	0.741632595
1.042403461	0.789938967
1.106120871	0.838224364
1.014205567	0.768570451
1.067090845	0.8086472
1.150991233	0.872227367
1.128577567	0.85524217
1.04180311	0.789484018
1.087083559	0.823797787
1.158122518	0.877631493
1.055929159	0.800188814
1.03173835	0.781856888
1.064875275	0.806968229
1.107583051	0.839332412
1.074984829	0.814629303
1.053627911	0.798444916
1.11582411	0.845577531
1.082907738	0.820633326
1.02685614	0.778157123
1.050308442	0.795929404
1.095492853	0.830170395
1.066660025	0.808320722
1.067514557	0.808968291
1.091058831	0.826810269
1.129210469	0.855721786
1.077767173	0.816737779
1.131313876	0.857315759
1.109722914	0.840954012
1.159548365	0.878712007
1.073835541	0.813758367
1.112792692	0.843280306
1.132347299	0.858098893
1.118692837	0.847751468
1.163520861	0.881722387
1.15939299	0.878594263
1.123830365	0.851644714
1.162874387	0.881232485
1.178690803	0.89321825
1.13301191	0.858602539
1.097463832	0.831664014
1.192489307	0.903674831
1.20954104	0.916596726
1.078932569	0.817620922
1.152519413	0.87338543
1.273956153	0.965410846
1.183233479	0.896660714
1.167761151	0.884935701
1.175812305	0.891036909
1.238649923	0.938655595
1.177727008	0.892487881
1.156771114	0.876607392
1.296532713	0.982519486
1.30466318	0.988680797
1.191303666	0.902776346
1.230132155	0.932200784
1.328224105	1.006535393
1.314735956	0.996314001
1.214558204	0.92039876
1.26967605	0.962167361
1.333065765	1.010204429
1.241781649	0.941028834
1.23072318	0.932648666
1.310176998	0.992859198
1.333570538	1.010586949
1.293084408	0.979906341
1.267155573	0.96025733
1.335347143	1.01193327
1.343262954	1.017931914
1.271266197	0.963372384
1.274367901	0.965722871
1.315435175	0.996843873
1.245339256	0.943724807
1.230310194	0.932335703
1.248090401	0.94580964
1.322460153	1.002167439
1.282866857	0.972163426
1.200613859	0.90983166
1.321453222	1.001404381
1.305132738	0.989036631
1.224116415	0.927642024
1.306164373	0.989818409
1.359983165	1.03060258
1.323675635	1.003088538
1.246323457	0.94447064
1.335307945	1.011903565
1.398781932	1.060004495
1.219288989	0.923983774
1.274078262	0.965503381
1.424627843	1.079590666
1.334962646	1.011641896
1.272240249	0.964110525
1.341770891	1.016801221
1.39914722	1.060281313
1.311294483	0.993706034
1.272679337	0.964443269
1.391519743	1.054501169
1.409423974	1.068069092
1.35707881	1.028401645
1.391089062	1.054174797
1.415475911	1.072655282
1.399798059	1.060774522
1.348711889	1.022061146
1.365017986	1.034417995
1.415885295	1.072965516
1.35861205	1.029563542
1.386400334	1.050621653
1.456299778	1.10359183
1.419497037	1.075702514
1.377529267	1.043899111
1.377904522	1.044183482
1.431292911	1.084641491
1.429350405	1.083169449
1.356934415	1.028292221
1.410141652	1.068612952
1.455565628	1.103035487
1.367471576	1.036277339
1.392804354	1.055474654
1.461841806	1.107791608
1.403018357	1.063214881
1.389260627	1.052789199
1.415413868	1.072608266
1.41411313	1.07162256
1.430728709	1.084213936
1.447124922	1.096639074
1.409719651	1.068293158
1.429540474	1.083313484
1.478690567	1.12055969
1.462752932	1.108482064
1.394998361	1.057137285
1.490174699	1.129262427
1.509300788	1.143756281
1.475630974	1.118241114
1.459701618	1.106169762
1.480894778	1.122230053
1.519438829	1.151438943
1.49584144	1.133556714
1.496145991	1.133787505
1.560413635	1.182489872
1.513248105	1.146747578
1.528923323	1.158626344
1.573773303	1.1926139
1.568239278	1.188420186
1.610612828	1.220531092
1.529846259	1.159325749
1.550235896	1.174777126
1.63863455	1.241766103
1.560312216	1.182413016
1.576091992	1.194371015
1.621369877	1.228682841
1.616651771	1.225107435
1.611461938	1.221174551
1.580262074	1.197531126
1.655319818	1.254410289
1.692522437	1.282602635
1.588011595	1.203403755
1.633812993	1.238112302
1.619608882	1.22734835
1.586380064	1.202167372
1.608276726	1.21876078
1.646671252	1.24785636
1.670381643	1.265824222
1.625835647	1.232067026
1.59027659	1.205120181
1.664830943	1.261617871
1.624856798	1.231325248
1.643856674	1.245723457
1.6598909	1.25787428
1.635133808	1.239113222
1.626458521	1.232539043
1.61528841	1.224074273
1.685546747	1.27731642
1.660352527	1.258224104
1.581631429	1.198568831
1.653194407	1.252799642
1.646343878	1.247608274
1.548973627	1.173820572
1.635139198	1.239117307
1.65602262	1.254942877
1.643092953	1.245144705
1.616125463	1.224708596
1.636717659	1.240313473
1.677254159	1.271032252
1.617407426	1.225680075
1.57810076	1.19589327
1.681996974	1.274626382
1.660319037	1.258198725
1.622004037	1.229163411
1.662125789	1.259567891
1.73118664	1.311902577
1.674781754	1.26915865
1.594205736	1.208097709
1.695894257	1.285157818
1.76612528	1.338379266
1.607905178	1.218479219
1.704214918	1.29146326
1.738618606	1.31753456
1.738667632	1.317571712
1.744058459	1.32165691
1.734869347	1.314693352
1.806231614	1.368772063
1.75549979	1.330327213
1.691565166	1.281877209
1.777226869	1.34679211
1.775135476	1.345207242
1.750430308	1.326485532
1.729790423	1.310844516
1.736007353	1.315555739
1.831467624	1.387896047
1.782237292	1.350589036
1.754744554	1.329754891
1.868187411	1.4157225
1.823824076	1.382103725
1.812113709	1.373229546
1.868550097	1.415997346
1.850745694	1.402505072
1.824613467	1.38270193
1.828099246	1.385343472
1.885725477	1.429012941
1.923056818	1.457302832
1.807719122	1.369899304
1.889607778	1.43195497
1.916312306	1.452191805
1.891060875	1.433056135
1.900108169	1.439912222
1.877686087	1.422920648
1.884464532	1.42805739
1.871939998	1.418566231
1.875541831	1.421295719
1.924645909	1.458507054
1.884669935	1.428213045
1.93339098	1.465134117
1.945360033	1.474204329
1.857283107	1.40745916
1.91992351	1.454928395
1.942887091	1.472330321
1.904401876	1.443166017
1.910764033	1.447987294
1.905333359	1.4438719
1.950016812	1.477733262
1.933384809	1.46512944
1.871871982	1.418514688
1.945101304	1.474008263
1.905269906	1.443823815
1.941724791	1.471449523
1.939711861	1.469924114
1.884713678	1.428246195
1.961296135	1.486280794
1.907928641	1.445838619
1.910057285	1.447451717
1.947981375	1.476190797
1.96318623	1.487713117
1.962791677	1.487414123
1.963163858	1.487696164
1.915411379	1.451509078
1.989517599	1.507667171
1.967498365	1.490980877
1.943782144	1.473008597
1.961587738	1.486501772
1.939993939	1.470137874
1.960426891	1.485622076
1.98865883	1.507016391
1.954367849	1.481030501
1.939312123	1.46962119
1.979459695	1.500045238
2.023608654	1.533501556
2.019052017	1.530048513
1.992081795	1.509610333
2.062366457	1.562872429
1.968137728	1.49146539
1.992788126	1.510145594
2.043628592	1.548672774
1.986904656	1.505687069
2.044128508	1.549051613
2.050884144	1.55417107
1.99482666	1.511690406
2.037105149	1.543729273
2.077946645	1.574679179
2.058134728	1.559665602
2.072344737	1.570434023
2.030835941	1.538978434
2.091184325	1.584710764
2.096424243	1.588681602
2.006875692	1.520821228
2.085596508	1.580476287
2.140654613	1.622199616
2.077762112	1.574539339
2.03467147	1.541885018
2.104764786	1.595002111
2.112750047	1.601053385
2.096806862	1.588971554
2.113880438	1.601910002
2.191688125	1.660873087
2.139714719	1.621487359
2.073336646	1.571185697
2.172884254	1.646623412
2.170908708	1.645126332
2.067978788	1.567125483
2.113290204	1.601462719
2.220375793	1.682612756
2.160006173	1.636864333
2.130766396	1.614706272
2.21279216	1.676865838
2.254363334	1.708368698
2.179630577	1.651735812
2.155356251	1.633340596
2.223504696	1.684983856
2.250004878	1.705065837
2.186920419	1.657260093
2.195153765	1.663499367
2.27339474	1.722790801
2.23193648	1.691373507
2.189596001	1.659287663
2.247495024	1.703163856
2.225425837	1.686439707
2.146168292	1.626377911
2.178088901	1.650567521
2.326186984	1.762797048
2.228377404	1.68867642
2.140920983	1.622401472
2.236257611	1.694648084
2.317433464	1.756163583
2.193531032	1.662269651
2.238327814	1.696216895
2.265634361	1.716909943
2.290201528	1.735527075
2.187320008	1.657562904
2.218649817	1.681304802
2.327771774	1.76399801
2.220858681	1.682978691
2.222031606	1.68386754
2.292991165	1.737641077
2.282825521	1.729937497
2.228013743	1.688400836
2.261514581	1.713787952
2.313321826	1.753047761
2.23200293	1.691423864
2.232455317	1.691766684
2.294817842	1.739025342
2.308753915	1.749586174
2.288377396	1.734144738
2.263927191	1.715616241
2.257515734	1.710757603
2.299829617	1.742823293
2.328708417	1.764707803
2.278411197	1.726592299
2.301255439	1.743903788
2.351844892	1.782240748
2.339119158	1.772597119
2.293147192	1.737759315
2.30200949	1.744475212
2.379458099	1.803166186
2.373167622	1.798399228
2.329861063	1.765581285
2.34078371	1.773858525
2.419973441	1.833868931
2.348454183	1.779671251
2.357997588	1.786903295
2.461268595	1.865162622
2.402917963	1.820944198
2.32138622	1.759159003
2.356467803	1.785744015
2.434866299	1.845154819
2.357668787	1.786654127
2.3163254	1.755323886
2.377822827	1.801926968
2.441284001	1.850018188
2.34753664	1.778975932
2.364447241	1.791790877
2.453103615	1.858975155
2.412062439	1.827873931
2.358404818	1.787211896
2.403987058	1.821754364
2.395448317	1.815283659
2.397164253	1.816584005
2.416443981	1.831194287
2.400659508	1.819232728
2.435375302	1.845540544
2.448837493	1.855742265
2.433267865	1.843943517
2.472590711	1.873742582
2.417844902	1.832255912
2.407566101	1.824466582
2.451572469	1.857814845
2.446844203	1.854231739
2.433892615	1.844416956
2.368190789	1.794627758
2.462897082	1.866396697
2.451952152	1.85810257
2.34636664	1.7780893
2.409349474	1.825818031
2.481264238	1.880315427
2.387707583	1.809417689
2.407634573	1.82451847
2.482355085	1.881142077
2.518182625	1.90829238
2.45358744	1.859341801
2.41650538	1.831240816
2.516730991	1.907192324
2.445516593	1.853225669
2.404268448	1.821967602
2.498698261	1.893527024
2.502019645	1.896043987
2.470017729	1.871792763
2.456180724	1.861307005
2.542137817	1.926445754
2.509795073	1.901936248
2.459660785	1.863944214
2.492262521	1.888649986
2.525374079	1.913742103
2.440578711	1.849483716
2.480079628	1.879417724
2.509229633	1.901507755
2.452600942	1.858594227
2.493660666	1.889709507
2.51907837	1.908971181
2.482181032	1.881010179
2.515778041	1.906470173
2.545456247	1.928960478
2.498208057	1.893155545
2.49207049	1.888504463
2.53582262	1.921660064
2.602797307	1.972413843
2.544388314	1.928151193
2.506043501	1.899093286
2.617806132	1.983787611
2.568997499	1.946800166
2.509680274	1.901849253
2.578112741	1.953707745
2.657718432	2.014033367
2.55278386	1.934513383
2.538001379	1.923311139
2.634796676	1.996663138
2.587964936	1.961173792
2.584042859	1.958201621
2.643902114	2.003563288
2.634964965	1.996790668
2.58052067	1.955532487
2.561630299	1.941217262
2.634940474	1.996772108
2.631317638	1.994026704
2.596895224	1.967941212
2.65159354	2.009391892
2.701873554	2.047494357
2.641450579	2.001705501
2.622078831	1.987025486
2.74810928	2.08253204
2.687553874	2.036642826
2.6230535	1.987764095
2.685953475	2.035430036
2.700295011	2.046298129
2.631625871	1.994260284
2.654728368	2.011767481
2.653220946	2.010625149
2.658807096	2.014858363
2.676375682	2.028171932
2.718705683	2.060249835
2.687865739	2.036879159
2.673609373	2.026075608
2.728882455	2.067961848
2.692501692	2.04039231
2.643617539	2.003347635
2.699180277	2.045453377
2.719931675	2.061178899
2.67414664	2.026482752
2.686212365	2.035626224
2.731521842	2.06996199
2.690403039	2.038801939
2.667830675	2.02169648
2.714536783	2.057090621
2.731621496	2.070037508
2.681093398	2.031747043
2.69881746	2.045178433
2.781498136	2.107834296
2.767475349	2.097207751
2.726277852	2.065988066
2.785462399	2.110838435
2.742980953	2.078645767
2.750385431	2.08425692
2.767002477	2.096849407
2.763582459	2.094257699
2.723379752	2.06379187
2.779263369	2.106140777
2.795630652	2.118543992
2.765009812	2.095339354
2.757746578	2.089835236
2.790682998	2.114794633
2.748063043	2.082497001
2.764539506	2.094982954
2.795982663	2.118810748
2.819064397	2.13630221
2.784679625	2.110245245
2.738753791	2.0754424
2.807639435	2.127644313
2.831126174	2.14544269
2.765609908	2.09579411
2.820011056	2.137019594
2.88024048	2.182661776
2.816954511	2.134703327
2.817291978	2.134959062
2.906541627	2.202592927
2.879797086	2.18232577
2.853492367	2.162391912
2.842298907	2.153909448
2.916166564	2.209886757
2.920909047	2.213480635
2.893905639	2.193017308
2.917950308	2.211238488
2.891960356	2.191543161
2.899567708	2.197308054
2.925352943	2.216848244
2.946753985	2.233066069
2.934451666	2.223743306
2.902759677	2.199726945
2.991002784	2.266598048
2.995806857	2.2702386
2.889909352	2.189988899
2.949606266	2.235227543
2.976959927	2.255956295
2.918446555	2.211614546
2.961382963	2.244151988
3.001418102	2.274490832
2.960209249	2.243262541
2.927259235	2.218292843
3.005491687	2.277577817
2.962076247	2.244677362
2.920277384	2.213001958
2.99404693	2.268904918
3.041090295	2.304554634
2.945214591	2.231899508
2.975754419	2.255042755
3.01010382	2.281072916
2.956390654	2.240368789
2.983702178	2.261065609
2.995217614	2.269792069
2.973993023	2.253707959
2.971145511	2.251550099
2.969075183	2.249981194
3.02872001	2.295180365
3.037468734	2.301810196
2.968194674	2.249313939
3.031336079	2.297162836
3.03467832	2.299695605
3.017620666	2.286769223
3.016248929	2.285729713
3.084587215	2.337516834
3.103754532	2.352041931
3.059705221	2.318661126
3.028555469	2.295055675
3.11114402	2.357641725
3.090675431	2.342130518
3.008640249	2.279963814
3.079898619	2.333963792
3.105968014	2.353719319
3.01226114	2.282707745
3.046203009	2.308429076
3.080548891	2.334456571
3.004592432	2.276896356
3.056126674	2.315949283
3.068406817	2.325255242
3.081624528	2.335271695
3.052978395	2.3135635
3.072493455	2.328352118
3.12547196	2.368499515
3.122342701	2.366128146
3.108347333	2.35552238
3.121229241	2.36528436
3.122557786	2.366291138
3.137885945	2.3779069
3.120586867	2.364797565
3.129517587	2.371565313
3.136640943	2.376963431
3.155350574	2.39114169
3.147934021	2.385521386
3.130059049	2.371975636
3.166724206	2.399760689
3.191720047	2.418702673
3.142273359	2.381231706
3.205284821	2.428982132
3.200174281	2.425109337
3.148985401	2.386318127
3.185715244	2.414152201
3.208992651	2.431791945
3.198518257	2.423854393
3.215727395	2.436895571
3.207114861	2.430368946
3.224053783	2.443205352
3.253005439	2.465145073
3.208123509	2.431133305
3.172012262	2.403768007
3.218748517	2.439184993
3.161769164	2.396005732
3.133620471	2.374674501
3.197805096	2.423313956
3.2669912	2.475743559
3.155160969	2.390998007
3.190153962	2.417515885
3.264087449	2.473543081
3.184990052	2.413602646
3.131938189	2.373399659
3.250691647	2.46339167
3.218217339	2.438782463
3.170054317	2.402284266
3.258903034	2.469614303
3.226032907	2.444705143
3.219495441	2.439751016
3.216189966	2.43724611
3.230232942	2.447887952
3.213119242	2.434919098
3.195323912	2.421433701
3.277000007	2.483328286
3.252820565	2.465004975
3.191066247	2.41820722
3.278811114	2.484700753
3.34155434	2.532247909
3.251664516	2.464128915
3.253468194	2.465495752
3.33599836	2.528037556
3.321445829	2.51700957
3.252400391	2.464686565
3.307387144	2.506355823
3.38205125	2.562936685
3.299540752	2.500409785
3.301705202	2.502050016
3.386615465	2.566395472
3.354422844	2.54199973
3.305824927	2.505171966
3.370279131	2.55401571
3.381775179	2.562727477
3.310790555	2.508934946
3.353903035	2.541605816
3.314920947	2.51206498
3.348500942	2.537512081
3.369999511	2.553803813
3.325995567	2.520457387
3.309246053	2.507764514
3.383700393	2.564186415
3.390869161	2.569618946
3.335321795	2.527524852
3.415486592	2.588274168
3.415513757	2.588294754
3.363930914	2.549204997
3.382068738	2.562949938
3.450563644	2.614855747
3.431416022	2.600345576
3.387458786	2.567034545
3.399960714	2.576508574
3.473638943	2.632342333
3.405109699	2.580410503
3.375594649	2.558043838
3.475139835	2.633479717
3.452437491	2.616275759
3.366225	2.550943468
3.418741111	2.59074046
3.548449978	2.689034539
3.435300199	2.603289026
3.389323954	2.56844798
3.551281559	2.691180326
3.457072131	2.619787914
3.351344093	2.539666636
3.526975383	2.672760975
3.467511491	2.627698917
3.416827074	2.589289993
3.462844295	2.624162091
3.537741178	2.680919353
3.44322235	2.609292475
3.416945116	2.589379445
3.544804703	2.68627213
3.491180326	2.645635288
3.404612219	2.580033509
3.522533176	2.669394647
3.496946584	2.65000499
3.427430763	2.597325525
3.502205213	2.653990007
3.507314082	2.657861535
3.50543708	2.656439133
3.451718441	2.615730859
3.535495914	2.67921788
3.577629832	2.71114719
3.476228879	2.634305001
3.529830456	2.674924565
3.597753424	2.726396956
3.505360802	2.656381329
3.514936091	2.663637535
3.5691706	2.704736738
3.579155381	2.712303259
3.558717045	2.696814978
3.533655046	2.67782286
3.610591095	2.736125413
3.588651884	2.71949976
3.487399719	2.642770324
3.572355564	2.707150321
3.624769336	2.74686976
3.54257973	2.684586033
3.576407536	2.710220928
3.609477225	2.735281316
3.581628136	2.714177126
3.551027622	2.690987892
3.662781535	2.77567561
3.614770659	2.739292709
3.613994846	2.738704794
3.665946305	2.77807389
3.66873516	2.780187299
3.65149024	2.767119006
3.639759453	2.758229352
3.665393456	2.777654938
3.602317943	2.729855974
3.626751219	2.748371642
3.639406016	2.757961516
3.613477575	2.738312803
3.611085681	2.736500213
3.669052204	2.780427557
3.626104013	2.747881186
3.582721675	2.715005816
3.626198719	2.747952954
3.62071217	2.743795219
3.633013526	2.753117253
3.66856072	2.780055108
3.660506285	2.773951413
3.645086685	2.762266357
3.678708425	2.787745093
3.668480588	2.779994383
3.646426157	2.763281416
3.621714611	2.744554873
3.739505859	2.833817717
3.653544076	2.768675414
3.615727681	2.740017945
3.748704763	2.840788696
3.688142479	2.79489427
3.64061328	2.758876387
3.719736776	2.818836599
3.736874856	2.831823929
3.693165036	2.798700391
3.671952969	2.782625772
3.750721622	2.842317082
3.68659177	2.793719135
3.607193082	2.733550381
3.719233813	2.818455451
3.720475239	2.81939621
3.653711079	2.76880197
3.728164885	2.825223465
3.731561711	2.827797599
3.682112569	2.790324772
3.732866127	2.828786092
3.719302157	2.818507242
3.684987447	2.79250337
3.729692264	2.826380922
3.810855289	2.8878867
3.762742526	2.851426589
3.692436704	2.798148457
3.799086114	2.878967955
3.763261401	2.851819794
3.683805726	2.791607855
3.71429247	2.814710874
3.82575753	2.899179699
3.77092673	2.857628622
3.749320022	2.841254943
3.835912556	2.906875232
3.868374642	2.931475176
3.743566234	2.836894691
3.805430756	2.88377596
3.856808237	2.922710092
3.770208185	2.857084105
3.829642047	2.902123407
3.856293145	2.922319752
3.840700297	2.910503408
3.799406056	2.879210409
3.810886031	2.887909996
3.921377059	2.971640693
3.807417932	2.885281852
3.833086357	2.904733523
3.905690126	2.959753051
3.852271354	2.919272017
3.859856418	2.925020019
3.881196988	2.941192019
3.848014197	2.916045921
3.882302522	2.942029799
3.848151511	2.916149978
3.884512277	2.943704363
3.912416762	2.964850532
3.813913724	2.890204399
3.873145027	2.9350902
3.908988924	2.962252898
3.858507314	2.923997661
3.900932994	2.956148071
3.890190481	2.948007337
3.90589054	2.959904926
3.898722594	2.954473017
3.918858986	2.969732484
3.941305134	2.986742296
3.897397499	2.953468854
3.89059309	2.948312436
3.984841472	3.019734368
3.929180515	2.977554194
3.914177022	2.966184466
3.974604737	3.011976915
3.958913958	3.000086358
3.936005988	2.982726575
3.979387606	3.015601399
3.971547349	3.00966001
3.98842674	3.022451304
4.010414685	3.039113887
3.990121142	3.023735331
3.973895873	3.011439734
3.996140879	3.02829712
4.046177456	3.066215108
3.963597784	3.003635786
4.013550596	3.041490297
4.057474549	3.074776105
3.985300079	3.020081903
3.988627287	3.022603279
4.047197197	3.066987873
4.022896918	3.048572991
3.973099273	3.010836066
4.096033797	3.103996512
4.08221583	3.093525182
4.007333465	3.036778922
4.086922442	3.097091878
4.069866709	3.084166951
4.050935931	3.069821105
4.071854029	3.085672953
4.11069465	3.115106586
4.048232411	3.067772363
4.066631443	3.08171525
4.094917424	3.103150518
4.062347763	3.078469053
4.039210283	3.060935346
4.096094188	3.104042276
4.072863495	3.086437932
4.063545651	3.079376819
4.095116898	3.103301681
4.131866447	3.131150688
4.113685195	3.117372837
4.058833862	3.0758062
4.132394578	3.131550908
4.094759039	3.103030493
4.066771474	3.081821365
4.107034276	3.112332734
4.121635076	3.123397299
4.075822611	3.088680366
4.083161539	3.094241845
4.167585587	3.158218844
4.064251889	3.07991201
4.110355938	3.114849907
4.124418752	3.125506784
4.125989041	3.126696758
4.112723703	3.116644213
4.108691728	3.11358876
4.150721132	3.145438869
4.128396712	3.128521303
4.110724218	3.115128992
4.163151574	3.154858725
4.153870316	3.147825338
4.068852092	3.083398069
4.194347524	3.178499184
4.201350675	3.18380621
4.156045697	3.149473854
4.186839521	3.172809579
4.20430925	3.186048234
4.177743742	3.165916749
4.167063608	3.157823286
4.188794675	3.174291206
4.224969667	3.20170481
4.180040921	3.167657563
4.194224411	3.178405889
4.2452135	3.217045695
4.232618575	3.207501194
4.195844353	3.17963349
4.280848968	3.244050446
4.228246505	3.204188016
4.233323635	3.208035492
4.295931835	3.255480324
4.247156922	3.218518432
4.264375954	3.231567107
4.27317517	3.2382352
4.295018698	3.254788343
4.27326233	3.23830125
4.254975002	3.224443015
4.333246055	3.283757241
4.289161019	3.250349362
4.279023594	3.242667167
4.354236813	3.299664151
4.269220618	3.235238419
4.274141803	3.23896772
4.313238636	3.26859551
4.30361775	3.261304751
4.313323439	3.268659775
4.258782555	3.227328398
4.280230783	3.243581982
4.306609526	3.263571936
4.262485258	3.230134327
4.2773129	3.241370795
4.306531236	3.263512607
4.29296446	3.253231631
4.289791923	3.250827465
4.317087246	3.271512008
4.326259934	3.27846312
4.291965518	3.252474627
4.32060526	3.274177978
4.353288489	3.298945506
4.283893082	3.246357292
4.308345858	3.264887737
4.388728786	3.325802354
4.302544443	3.260491393
4.289924154	3.250927671
4.403957732	3.337342931
4.286422499	3.248274098
4.331288532	3.282273819
4.374881504	3.315308809
4.388921858	3.325948665
4.307107335	3.263949178
4.427054663	3.35484591
4.459920319	3.379751682
4.311267527	3.267101794
4.381215135	3.320108468
4.44054916	3.365072113
4.389073286	3.326063418
4.380401958	3.319492239
4.436120645	3.36171616
4.456313755	3.377018608
4.383554271	3.321881078
4.434738286	3.360668601
4.484125992	3.398094871
4.372982281	3.313869567
4.401215682	3.335264991
4.551297551	3.448997841
4.36160965	3.305251326
4.398329877	3.333078112
4.550737677	3.448573565
4.398658127	3.333326862
4.415695439	3.346237829
4.518502964	3.424145926
4.471916821	3.388842695
4.487213322	3.400434467
4.460295299	3.380035843
4.560230513	3.455767288
4.496801461	3.40770041
4.488002833	3.401032762
4.592663972	3.480345538
4.496593558	3.40754286
4.453806717	3.375118761
4.592003927	3.479845353
4.511113373	3.418546054
4.480932754	3.395675018
4.527317595	3.430825701
4.544013161	3.443477691
4.453354565	3.374776118
4.482718033	3.397027913
4.55322927	3.450461708
4.503356803	3.412668083
4.452280046	3.373961841
4.567984656	3.461643419
4.478128415	3.393549875
4.450689494	3.372756513
4.545701167	3.444756871
4.499946837	3.410083993
4.501412447	3.41119464
4.508630937	3.416664851
4.50266663	3.412145067
4.521035955	3.42606544
4.544650351	3.443960557
4.557898061	3.453999743
4.549047715	3.447292904
4.513162536	3.420098921
4.568467591	3.46200939
4.561261999	3.456548954
4.52939856	3.432402668
4.595127975	3.482212773
4.560712019	3.456132176
4.55829612	3.454301395
4.626283314	3.505822457
4.608635015	3.492448481
4.596001644	3.482874844
4.647674061	3.522032481
4.618481795	3.499910423
4.623152746	3.503450095
4.591938106	3.479795473
4.592764341	3.480421598
4.658181442	3.529995031
4.598190486	3.48453356
4.653060405	3.526114281
4.643776805	3.519079118
4.639964615	3.516190221
4.650918062	3.524490802
4.634542753	3.512081504
4.643305194	3.518721729
4.705072957	3.565529674
4.650347731	3.524058602
4.625046349	3.504885078
4.65514259	3.527692172
4.667477587	3.537039699
4.608917209	3.492662329
4.676245125	3.543683787
4.683139782	3.548908595
4.615343212	3.497531989
4.669070944	3.538247153
4.703295982	3.564183072
4.662778861	3.533478979
4.653584425	3.526511386
4.667751697	3.537247421
4.682103169	3.548123044
4.646427017	3.521087463
4.689795957	3.553952681
4.733952632	3.587414847
4.680992546	3.547281408
4.69455486	3.557559003
4.740281536	3.592210925
4.71098011	3.570006146
4.668201321	3.537588149
4.720014368	3.576852355
4.705217736	3.565639387
4.74870382	3.598593377
4.773499395	3.617383597
4.730061805	3.584466358
4.748695375	3.598586977
4.747164222	3.597426661
4.755123701	3.603458397
4.760587485	3.607598883
4.772166501	3.616373523
4.767124018	3.612552302
4.796925472	3.635136005
4.780187507	3.622451885
4.819541262	3.652274373
4.832208526	3.661873694
4.853431226	3.67795637
4.870717426	3.691055946
4.871077546	3.691328846
4.874826485	3.694169813
4.820560338	3.653046634
4.88369767	3.700892445
4.916868388	3.726029394
4.830167989	3.660327364
4.859261449	3.682374544
4.909957656	3.720792404
4.833047791	3.662509693
4.901338183	3.714260521
4.912620386	3.722810235
4.869381772	3.69004378
4.846475895	3.672685582
4.878935555	3.697283688
4.895017197	3.709470443
4.855351637	3.679411668
4.900916712	3.713941127
4.912966326	3.72307239
4.827664919	3.658430524
4.893680919	3.708457804
4.887776957	3.70398375
4.815353385	3.649100777
4.924360918	3.731707273
4.925700571	3.73272247
4.819602485	3.652320767
4.925475974	3.732552269
4.928596863	3.734917295
4.873667083	3.693291212
4.952157352	3.752771561
4.915488203	3.724983482
4.891105137	3.706505863
4.912121473	3.722432156
4.911631274	3.722060681
4.928195028	3.734612783
4.925961135	3.732919926
4.892777339	3.707773067
4.919560826	3.728069738
4.90358578	3.715963762
4.932732075	3.738050982
4.868056826	3.689039729
4.923280354	3.730888416
4.987571925	3.779608916
4.890597555	3.706121215
4.924614326	3.731899307
4.947863098	3.749517352
4.922756169	3.730491186
4.975099929	3.77015757
4.959151923	3.758072085
4.938845689	3.742683911
4.968422433	3.765097327
5.02395741	3.807182033
4.962691207	3.760754173
4.967187926	3.764161811
5.016500875	3.80153143
5.020136776	3.804286735
4.949465068	3.750731334
5.04183116	3.820726857
5.042579322	3.821293818
4.924232974	3.731610316
5.034998478	3.815549013
5.059794145	3.834339303
4.961382994	3.759762802
5.046057129	3.823929318
5.070588886	3.842519616
5.00911862	3.795937117
5.041661544	3.82059832
5.111042486	3.873175573
5.023082304	3.806518872
5.035509333	3.815936142
5.068916791	3.841252494
5.026760138	3.809305955
5.077831927	3.848008432
5.113883339	3.875328387
5.016404816	3.801458636
5.05349358	3.829564701
5.129234392	3.886961497
5.080292025	3.849872708
5.096872533	3.862437506
5.12685163	3.885155827
5.092200739	3.858897196
5.105108363	3.868678663
5.080490932	3.850023441
5.130294424	3.887764795
5.097916264	3.863228451
5.113096801	3.874732344
5.12080476	3.880573477
5.064799317	3.83813225
5.097286224	3.862751003
5.161423292	3.911354419
5.04850287	3.825782715
5.104202231	3.867991991
5.163058042	3.912593242
5.065889439	3.83895835
5.146563224	3.90009338
5.158253609	3.908952417
5.098085692	3.863356844
5.141251029	3.89606777
5.172404567	3.919676089
5.100511939	3.865195468
5.158226074	3.90893155
5.169998052	3.917852419
5.159731712	3.910072531
5.116945386	3.877648822
5.247130888	3.976304098
5.151013734	3.903466
5.095761179	3.861595316
5.258648562	3.985032254
5.192826382	3.935151851
5.145462745	3.899259431
5.272796439	3.995753591
5.214854671	3.951845007
5.191422561	3.934088028
5.299930424	4.016315872
5.258058001	3.984584724
5.239311036	3.970378172
5.262960725	3.988300034
5.293564166	4.011491487
5.253734004	3.981307975
5.292129274	4.010404118
5.308168421	4.02255867
5.25715414	3.983899773
5.239610945	3.970605445
5.310239226	4.024127937
5.279020521	4.000470234
5.2671155	3.991448545
5.308367338	4.022709411
5.279679302	4.000969462
5.273287496	3.996125717
5.332943779	4.04133357
5.262336463	3.987826965
5.27388213	3.996576334
5.289990204	4.008783119
5.286180562	4.005896152
5.311987569	4.025452841
5.253913971	3.981444355
5.316231335	4.02866879
5.325961693	4.036042508
5.276406131	3.998489036
5.319887346	4.031439335
5.365448579	4.065965883
5.295549806	4.012996215
5.311516404	4.02509579
5.375566591	4.073633367
5.324690025	4.035078831
5.283715133	4.004027836
5.401037036	4.092935008
5.372717944	4.071474647
5.297782306	4.014688016
5.364205018	4.065023505
5.36735028	4.067407002
5.308593293	4.02288064
5.34403511	4.04973864
5.397798841	4.090481086
5.343320337	4.049196982
5.373053301	4.071728782
5.43482771	4.118541762
5.358588752	4.060767469
5.343796081	4.049557503
5.390344145	4.084831877
5.402557203	4.094086999
5.332077366	4.040676997
5.432045877	4.116433674
5.407679755	4.097968896
5.38640574	4.081847333
5.424782707	4.110929605
5.407231104	4.097628906
5.443207319	4.124891876
5.419595124	4.106998427
5.49466236	4.163884783
5.492289081	4.1620863
5.42347573	4.109939171
5.491552342	4.161527995
5.471422762	4.14627369
5.435218907	4.118838213
5.509858423	4.175400442
5.46962926	4.144914565
5.379628175	4.076711257
5.500476467	4.168290745
5.457878862	4.13601005
5.418203028	4.105943489
5.497321811	4.16590013
5.491949382	4.161828874
5.422429279	4.109146165
5.467546355	4.143336128
5.499795299	4.167774552
5.468357	4.14395044
5.437571173	4.120620774
5.463108132	4.139972819
5.463033528	4.139916284
5.46469866	4.14117813
5.502568732	4.169876275
5.472791675	4.14731106
5.497791182	4.166255821
5.531038519	4.191450833
5.466990968	4.142915253
5.541158789	4.199120028
5.561573394	4.214590326
5.528063723	4.189196517
5.541826858	4.199626294
5.601644885	4.244956718
5.545898551	4.202711845
5.524705858	4.186651909
5.581542238	4.229722824
5.592147977	4.23775991
5.538288549	4.196944945
5.606804942	4.248867037
5.627793629	4.264772377
5.569418489	4.220535381
5.591554781	4.237310383
5.607173817	4.249146573
5.609436561	4.250861292
5.549414231	4.205376047
5.573557482	4.223671932
5.610256095	4.251482339
5.58924992	4.235563747
5.585835269	4.232976106
5.612459828	4.25315234
5.617256443	4.25678724
5.601178108	4.244602991
5.632009586	4.267967252
5.711179982	4.327963005
5.619924305	4.258808961
5.626574614	4.263848601
5.692886277	4.314099937
5.651373175	4.282641084
5.627432238	4.264498513
5.704040027	4.322552309
5.657715946	4.28744767
5.638217353	4.272671532
5.679304226	4.303807386
5.6384167	4.272822598
5.690279971	4.312124864
5.700222858	4.319659638
5.665980564	4.293710642
5.649281648	4.281056114
5.733646128	4.344987972
5.706603495	4.324494919
5.66498956	4.292959654
5.718034328	4.333157266
5.735688561	4.346535739
5.66747442	4.294842695
5.685758801	4.308698697
5.755145251	4.361280124
5.674228292	4.299960815
5.656806849	4.286758752
5.764511554	4.368377958
5.675343281	4.30080576
5.715651026	4.331351186
5.770947836	4.373255408
5.737440059	4.347863033
5.695574551	4.316137126
5.777798342	4.378446758
5.755122743	4.361263066
5.711989439	4.328576416
5.790875383	4.38835661
5.778424659	4.378921385
5.713883517	4.330011759
5.802585807	4.397230833
5.794271533	4.390930231
5.705623561	4.32375232
5.79202551	4.389228183
5.80435912	4.398574659
5.74927813	4.356833988
5.759777072	4.364790143
5.795199082	4.391633133
5.821418576	4.411502407
5.758146685	4.363554626
5.834197168	4.421186093
5.820190413	4.410571698
5.796245256	4.392425929
5.831119602	4.418853896
5.830307895	4.418238781
5.814727891	4.40643217
5.828252653	4.416681307
5.830228542	4.418178647
5.788391931	4.386474637
5.83061092	4.418468415
5.819675037	4.410181143
5.829257579	4.417442845
5.869603353	4.448017091
5.881259142	4.456849911
5.849844496	4.433043722
5.880448101	4.4562353
5.888357034	4.462228732
5.840991403	4.426334801
5.864999022	4.444527904
5.89322156	4.465915095
5.862039615	4.442285249
5.842952708	4.427821088
5.883115639	4.458256774
5.841809897	4.42695506
5.886452027	4.460785107
5.911198952	4.47953846
5.801941858	4.396742845
5.88169985	4.457183881
5.920490724	4.486579815
5.862703864	4.442788621
5.925182323	4.490135134
5.933202804	4.496213098
5.871585626	4.449519268
5.914463139	4.482012079
5.947858719	4.507319429
5.919848027	4.486092776
5.86797976	4.446786723
5.926689398	4.491277204
5.926128841	4.490852411
5.86683301	4.44591771
5.952108914	4.51054025
5.978820143	4.530782164
5.89164665	4.46472162
5.96799182	4.522576402
6.029619475	4.569278171
5.933587049	4.496504281
5.955101703	4.512808201
6.053400955	4.587299905
5.952398271	4.510759527
5.959909767	4.516451778
6.048561948	4.58363288
5.96376841	4.519375879
6.009562057	4.554078552
6.099354698	4.6221239
5.962402737	4.518340965
5.964912898	4.520243178
6.07705181	4.605222651
6.004501426	4.550243578
5.989511025	4.538883772
6.040461221	4.577494105
6.041799882	4.578508549
5.996626776	4.544276126
6.014877927	4.558106947
6.047283966	4.582664418
5.989579234	4.53893546
5.999310609	4.546309949
6.113216915	4.632628762
5.995870369	4.543702917
5.975833969	4.528519225
6.11391742	4.633159609
6.025802153	4.566385384
6.007416829	4.552452886
6.131989267	4.646854552
6.061593912	4.593508572
6.002283233	4.54856262
6.085294905	4.611469313
6.084404676	4.610794693
6.044577685	4.580613584
6.126355904	4.642585559
6.12292092	4.63998251
6.058199058	4.590935934
6.113010763	4.632472539
6.108376924	4.628960991
6.034759307	4.573173164
6.114593103	4.633671645
6.181495994	4.684371017
6.025762639	4.566355441
6.120012066	4.637778164
6.18515041	4.687140353
6.067847212	4.598247356
6.149440974	4.66007955
6.181116529	4.684083456
6.117286316	4.635712576
6.157399309	4.666110419
6.206205892	4.703096311
6.109392584	4.629730664
6.176836285	4.680839864
6.189632461	4.690536876
6.143026909	4.655218937
6.148345926	4.659249716
6.191694584	4.692099563
6.155910081	4.664981874
6.127076285	4.643131468
6.184584777	4.686711713
6.163378079	4.670641163
6.161198834	4.66898972
6.188821565	4.689922374
6.179811167	4.683094246
6.15013448	4.660605092
6.175549365	4.679864629
6.179292413	4.682701131
6.213410212	4.708555783
6.205073206	4.702237955
6.167139284	4.673491425
6.214421942	4.709322478
6.19550379	4.6949862
6.153523757	4.663173504
6.217970224	4.712011385
6.222646012	4.715554723
6.16359408	4.67080485
6.254030127	4.739337774
6.261851095	4.745264546
6.177125759	4.681059229
6.250624104	4.736756672
6.29003031	4.766618908
6.19473554	4.694404016
6.288697641	4.765609004
6.328566994	4.795822214
6.218214318	4.712196361
6.241169497	4.729591919
6.32276273	4.791423711
6.285445367	4.763144413
6.274050169	4.75450907
6.322265909	4.791047218
6.248888106	4.735441123
6.298928244	4.77336181
6.363992966	4.822668207
6.299214774	4.773578943
6.279290601	4.758480298
6.36120595	4.820556191
6.322599805	4.791300246
6.254576948	4.739752158
6.341694256	4.805770124
6.298071059	4.77271223
6.254441329	4.739649386
6.351420828	4.813140973
6.365773941	4.824017839
6.29603449	4.771168907
6.32678193	4.794469483
6.415596181	4.861773402
6.325796735	4.793722897
6.323091063	4.791672524
6.409989291	4.85752447
6.354587252	4.815540506
6.297480049	4.77226436
6.43273694	4.874762762
6.363702654	4.822448207
6.317075748	4.787114086
6.441901643	4.881707823
6.387694991	4.84062973
6.358520727	4.818521315
6.429184298	4.87207055
6.415971433	4.862057769
6.400267776	4.850157454
6.421174138	4.866000408
6.414360362	4.860836892
6.418303522	4.863825039
6.425696575	4.869427535
6.463199798	4.89784768
6.432071718	4.874258652
6.410037432	4.857560952
6.44179439	4.881626546
6.407080978	4.855320535
6.404566354	4.853414939
6.427561321	4.870840649
6.425599019	4.869353606
6.410528989	4.857933456
6.447286959	4.885788845
6.422371775	4.866907984
6.446987482	4.885561899
6.504376345	4.929051489
6.432472579	4.874562427
6.43394044	4.87567478
6.463807651	4.898308314
6.423275406	4.86759276
6.48443933	4.913943112
6.466737487	4.900528559
6.473320797	4.905517428
6.464275204	4.898662628
6.463350587	4.897961948
6.499514696	4.925367305
6.512325264	4.935075223
6.444475151	4.883658041
6.519168846	4.940261326
6.521629922	4.942126343
6.455415788	4.891948915
6.515300643	4.937329981
6.555139414	4.967520017
6.484318612	4.913851631
6.550614245	4.964090819
6.637191979	5.029699893
6.475273408	4.906997126
6.532069315	4.950037371
6.630557558	5.024672293
6.483898918	4.913533584
6.603503644	5.004170691
6.593678946	4.996725482
6.512716519	4.935371718
6.587433114	4.991992357
6.589481358	4.993544527
6.527299281	4.946422614
6.587876769	4.992328561
6.579257633	4.985796933
6.550053856	4.963666153
6.574107284	4.981893971
6.593935796	4.996920124
6.529454066	4.948055522
6.564517879	4.974627068
6.566605546	4.976209114
6.516393473	4.938158133
6.610518395	5.009486507
6.597107681	4.999323795
6.565154029	4.975109146
6.590944698	4.994653454
6.568696689	4.977793793
6.602568971	5.003462391
6.60076313	5.002093915
6.595294066	4.997949429
6.597776784	4.999830846
6.581555231	4.987538066
6.605206648	5.005461237
6.601079436	5.002333614
6.616472885	5.013998852
6.637461211	5.029903919
6.635285428	5.028255098
6.655327899	5.043443391
6.670552856	5.054980945
6.621786717	5.018025703
6.690013441	5.069728282
6.669220195	5.053971048
6.681805792	5.063508481
6.68560036	5.066384026
6.650733089	5.03996142
6.690910102	5.070407776
6.720973385	5.093189895
6.67108091	5.055381108
6.687110505	5.067528421
6.711433648	5.08596063
6.672646566	5.05656757
6.74191629	5.109060541
6.751902869	5.116628425
6.717692256	5.090703437
6.679168535	5.061509954
6.738540968	5.106502704
6.723674965	5.095237167
6.702301236	5.079040039
6.788746261	5.144548546
6.725745423	5.096806171
6.728057915	5.09855859
6.805693286	5.157391093
6.723742192	5.095288111
6.758882793	5.121917848
6.79740014	5.151106502
6.770746551	5.130908269
6.742797596	5.1097284
6.774698066	5.133902748
6.802088908	5.154659676
6.74520414	5.111552091
6.741857138	5.109015715
6.831771617	5.177153393
6.782337315	5.139691812
6.753042892	5.11749234
6.846880038	5.188602636
6.805064742	5.156914779
6.769088074	5.129651465
6.811875564	5.162076056
6.813544342	5.163340665
6.805987165	5.157613796
6.824806507	5.171875195
6.856372834	5.195796328
6.840858695	5.184039629
6.829810504	5.17566725
6.88702218	5.219022568
6.83309382	5.178155365
6.852563617	5.192909682
6.867091177	5.203918746
6.866859113	5.203742887
6.894014003	5.224321009
6.889097313	5.220595115
6.865950463	5.203054307
6.872324355	5.207884476
6.894330692	5.224560997
6.816980153	5.165944341
6.856378479	5.195800606
6.918680827	5.243013661
6.868589567	5.205054234
6.891376635	5.222322397
6.890526119	5.221677871
6.882745669	5.215781805
6.889606149	5.220980713
6.876010454	5.210677822
6.90043734	5.229188648
6.893740326	5.224113615
6.868575576	5.205043632
6.931115774	5.252436931
6.933767674	5.254446555
6.888308823	5.219997592
6.91697139	5.24171824
6.953928578	5.269724597
6.893991783	5.22430417
6.949305284	5.266221039
6.945630352	5.263436156
6.893789476	5.224150861
6.979286462	5.288940939
6.983956846	5.29248018
6.854091479	5.194067505
6.98746226	5.295136602
6.934931567	5.255328559
6.827037603	5.173565931
6.96290395	5.276526182
6.930585641	5.252035193
6.897667957	5.227089994
6.970304662	5.282134482
6.966896402	5.279551684
6.884765019	5.217312079
6.980766994	5.290062893
6.990473451	5.297418498
6.916579654	5.24142138
6.973818625	5.284797382
6.98302727	5.291775743
6.893984724	5.224298821
6.961630421	5.275561095
7.038460851	5.33378361
6.929324436	5.251079445
7.006166601	5.309310852
7.071539233	5.358850586
6.96851818	5.280780676
7.057136466	5.347936091
7.063482482	5.352745136
7.004468682	5.30802416
7.038280203	5.333646713
7.026388311	5.324634974
7.020548111	5.320209238
7.030541435	5.327782233
7.076415304	5.362545699
7.048711064	5.341551276
7.055940266	5.347029604
7.06464413	5.35362544
7.06322616	5.352550894
7.048675944	5.341524662
7.100196518	5.380567231
7.083538002	5.367943318
7.076575948	5.362667436
7.098231043	5.379077784
7.065331043	5.354145986
7.119971875	5.395553103
7.066368465	5.35493215
7.082134068	5.366879409
7.157120983	5.423704897
7.076791718	5.362830947
7.125014566	5.399374482
7.130013153	5.403162438
7.120614444	5.396040045
7.167019105	5.431205748
7.090165439	5.372965625
7.087060159	5.370612427
7.12147489	5.396692096
7.105566583	5.384636695
7.087050434	5.370605057
7.112184825	5.389652035
7.106381065	5.385253914
7.06479924	5.353742983
7.106834938	5.385597862
7.136503267	5.408080681
7.114805417	5.391637934
7.167227566	5.431363721
7.1361519	5.407814413
7.135284291	5.407156935
7.176883384	5.438680952
7.139123368	5.410066208
7.121903753	5.397017091
7.188399903	5.447408232
7.161677793	5.427158073
7.10782775	5.38635022
7.24365496	5.489280813
7.179563796	5.440712183
7.196881871	5.453835913
7.240495522	5.486886573
7.186143605	5.445698397
7.220831654	5.471985188
7.236419999	5.48379812
7.217032315	5.469106029
7.243306558	5.489016791
7.218742941	5.47040235
7.206980433	5.461488658
7.226390582	5.476197773
7.215070766	5.467619556
7.274320562	5.512519371
7.228078402	5.477476813
7.26745421	5.507316012
7.240705977	5.487046057
7.253347324	5.496625738
7.266096934	5.506287461
7.245405712	5.490607542
7.268275397	5.507938312
7.256760618	5.499212351
7.245729258	5.490852726
7.269897147	5.509167283
7.244037538	5.489570732
7.265694956	5.50598284
7.291084944	5.52522351
7.295075279	5.528247407
7.230660055	5.479433204
7.275270052	5.5132389
7.35382249	5.572766361
7.268007409	5.50773523
7.318116857	5.545708439
7.358091956	5.576001786
7.282651672	5.518832731
7.359710555	5.577228368
7.402165322	5.60940082
7.31697454	5.544842786
7.372865838	5.587197513
7.398195933	5.606392796
7.316444176	5.544440873
7.347544314	5.568008725
7.407406723	5.613372782
7.33659298	5.559709745
7.359696254	5.577217531
7.407517883	5.61345702
7.357374913	5.575458407
7.368720839	5.58405641
7.387694789	5.598434972
7.37949507	5.592221181
7.419256742	5.62235279
7.379356476	5.592116153
7.391200448	5.60109158
7.391269985	5.601144275
7.41865648	5.621897909
7.384642445	5.596121889
7.433933024	5.633474556
7.420019087	5.6229305
7.416048349	5.619921453
7.444728362	5.641655321
7.411526946	5.616495109
7.412371154	5.617134855
7.434626804	5.634000306
7.41237433	5.617137261
7.437752554	5.636369016
7.478194812	5.667016378
7.409156389	5.614698688
7.456456442	5.650542924
7.444987085	5.641851383
7.442988809	5.640337079
7.43883842	5.637191891
7.485716077	5.672716033
7.447941282	5.644090089
7.501356313	5.684568288
7.491737644	5.677279209
7.469208298	5.660206349
7.525128884	5.702583271
7.501421706	5.684617843
7.482306362	5.670132133
7.478687961	5.667390089
7.522914293	5.700905042
7.481495154	5.669517395
7.518602638	5.697637646
7.527562219	5.704427265
7.52315788	5.701089634
7.547651536	5.719651058
7.496660656	5.681009894
7.534098795	5.709380717
7.536762317	5.711399149
7.516699109	5.696195142
7.55543103	5.7255464
7.54412354	5.716977524
7.516346728	5.695928106
7.522565937	5.700641056
7.50764251	5.689332002
7.537584671	5.712022333
7.548020111	5.719930366
7.52021464	5.69885923
7.55035247	5.72169784
7.575661738	5.74087734
7.576352609	5.741400886
7.579567337	5.743837024
7.546224722	5.718569811
7.566663045	5.734058082
7.557594778	5.7271861
7.566396741	5.733856275
7.641548606	5.790806764
7.55427191	5.724668013
7.612912355	5.769106058
7.63638014	5.786890072
7.526577712	5.7036812
7.634052418	5.785126112
7.634760311	5.785662558
7.548067009	5.719965905
7.633283467	5.784543397
7.592013357	5.753268685
7.585571759	5.748387208
7.615498884	5.771066144
7.597734155	5.757603937
7.615122306	5.770780772
7.619513025	5.774108082
7.598056648	5.757848324
7.608346293	5.765645872
7.572669536	5.738609833
7.596836331	5.756923561
7.652052293	5.798766515
7.588933142	5.750934482
7.607008462	5.764632057
7.639725682	5.789425343
7.606464351	5.764219727
7.60170929	5.760616315
7.682160078	5.821582356
7.645399171	5.793724743
7.626269684	5.779228314
7.706026053	5.839668122
7.648540506	5.796105264
7.645505762	5.793805518
7.733731785	5.860663674
7.665118501	5.808668158
7.663557609	5.807485305
7.787728209	5.901582456
7.649136563	5.796556959
7.729252955	5.857269593
7.78291492	5.89793492
7.691125454	5.828376367
7.757936499	5.879006138
7.815590681	5.922696788
7.69400969	5.830562057
7.756582852	5.877980336
7.793784537	5.906171974
7.707931535	5.841112106
7.77757756	5.89389024
7.805361204	5.914944835
7.741679318	5.866686358
7.789310393	5.902781444
7.820320373	5.926280974
7.733951777	5.860830386
7.791024021	5.90408004
7.793372566	5.90585978
7.736575261	5.862818476
7.767517483	5.886266659
7.795417024	5.907409082
7.735848101	5.862267431
7.756625356	5.878012546
7.790269992	5.903508633
7.760226776	5.880741722
7.830699989	5.934146703
7.829910752	5.933548615
7.737704623	5.863674313
7.870160637	5.964050194
7.824747792	5.929636096
7.789717759	5.903090147
7.842156988	5.942828878
7.822742553	5.928116515
7.851447804	5.949869509
7.848568412	5.94768749
7.813106427	5.920814207
7.848132584	5.947357217
7.852759967	5.950863873
7.829230546	5.933033151
7.873757988	5.966776287
7.863305945	5.958855672
7.848851049	5.947901674
7.905234416	5.990629294
7.913823247	5.997137956
7.867790681	5.962254229
7.929733123	6.009194546
7.905257933	5.990647115
7.880924699	5.972207259
7.932703704	6.011445668
7.866931406	5.961603066
7.897184766	5.984529225
7.912027207	5.995776907
7.863066543	5.958674252
7.901113323	5.987506307
7.946977517	6.022262441
7.870739832	5.964489112
7.873797451	5.966806192
7.925852887	6.006254082
7.877627575	5.969708681
7.890044966	5.979118647
7.918104328	6.000382183
7.896651612	5.984125199
7.898006649	5.985152053
7.939464158	6.016568777
7.895962467	5.983602961
7.879131798	5.970848589
7.991298039	6.055848771
7.910644909	5.994729394
7.915676923	5.998542682
8.018032567	6.076108341
7.890799098	5.979690132
7.913410884	5.996825466
7.990550732	6.055282459
7.876117199	5.968564109
7.941549664	6.018149185
7.994802315	6.058504331
7.859807923	5.956204852
7.987578238	6.053029887
8.004169906	6.065603142
7.928687081	6.00840185
8.003041629	6.064748128
7.958401126	6.030919313
7.968513906	6.038582832
8.036159413	6.089844963
7.981147606	6.048156719
7.991262119	6.055821551
8.063573265	6.110619328
7.997514891	6.060559936
7.981923005	6.04874432
8.065620742	6.112170917
8.008932416	6.069212198
8.023094019	6.079943937
8.044286471	6.096003692
8.03303602	6.087478039
8.016567381	6.074998015
8.079511075	6.122697086
8.036777627	6.090313449
8.080592698	6.123516746
8.078993033	6.122304511
8.043381086	6.095317586
8.057928838	6.10634195
8.102924623	6.140439999
8.051105021	6.101170826
8.095367559	6.134713216
8.065027213	6.111721138
8.054428388	6.103689291
8.124737048	6.156969572
8.027165005	6.083028952
8.077348818	6.121058516
8.167161149	6.189118785
8.061769948	6.109252764
8.110617372	6.146269606
8.186445376	6.203732476
8.056303584	6.105110324
8.128163385	6.15956607
8.154437032	6.179476381
8.101595664	6.139432907
8.171969911	6.192762891
8.178751922	6.197902336
8.123446068	6.155991261
8.189008585	6.20567489
8.17582814	6.195686678
8.10752598	6.143926932
8.21883556	6.228277933
8.172486132	6.193154086
8.120175984	6.153513173
8.17011972	6.191360806
8.189452595	6.206011363
8.167856884	6.189646017
8.20576963	6.2183765
8.167686548	6.189516936
8.183126147	6.201217147
8.25099431	6.252648007
8.173353876	6.193811667
8.188847685	6.205552959
8.218605375	6.228103497
8.215402788	6.225676559
8.248938837	6.251090359
8.266487608	6.264388911
8.16158994	6.184896893
8.250082227	6.251956826
8.27616255	6.271720635
8.18631654	6.203634844
8.266650124	6.264512067
8.248678271	6.2508929
8.230499524	6.237116947
8.290078441	6.282266173
8.252679678	6.253925188
8.207578916	6.219747587
8.318722992	6.303973168
8.247474484	6.249980664
8.203776626	6.216866191
8.352170504	6.329319873
8.250286724	6.252111794
8.246361785	6.249137454
8.356908617	6.33291044
8.255204892	6.255838809
8.230439661	6.237071583
8.334594462	6.316000653
8.276795094	6.27219998
8.255674766	6.256194882
8.348629199	6.326636253
8.32282547	6.307082047
8.252521394	6.253805239
8.337589473	6.318270289
8.315292129	6.301373241
8.30235846	6.291572037
8.339667981	6.319845393
8.303364908	6.292334729
8.305064566	6.293622739
8.327209578	6.310404348
8.338471516	6.318938706
8.329533834	6.312165682
8.379278562	6.349862505
8.371580346	6.344028756
8.399739833	6.365368167
8.366557255	6.34022223
8.362710115	6.337306847
8.374385824	6.346154762
8.40840813	6.371937049
8.413091377	6.375486039
8.406227838	6.370284812
8.39453182	6.361421507
8.406058199	6.370156258
8.391469651	6.359100978
8.409262728	6.372584668
8.364760718	6.338860805
8.394513118	6.361407334
8.408632662	6.3721072
8.373290988	6.34532509
8.429790724	6.388140894
8.379418295	6.349968396
8.3727263	6.344897166
8.446087029	6.400490322
8.406889241	6.370786027
8.37127054	6.343793983
8.448707353	6.402476017
8.408353527	6.371895671
8.344483893	6.323494917
8.484764524	6.429800337
8.379743843	6.350215098
8.38093172	6.351115277
8.514099543	6.452030573
8.382337863	6.35218086
8.422483993	6.382603814
8.501746261	6.442669188
8.42663006	6.385745726
8.456336368	6.408257326
8.511250862	6.449871826
8.422090555	6.382305665
8.465584407	6.41526554
8.552690019	6.481274643
8.457581384	6.409200807
8.462458356	6.412896602
8.56970613	6.494169544
8.451444548	6.404550279
8.548442697	6.478055999
8.562330152	6.488579988
8.491107904	6.434607384
8.547509013	6.477348449
8.589718635	6.509335128
8.506475695	6.446253179
8.575884462	6.498851517
8.597532662	6.51525664
8.524498612	6.459911043
8.572623695	6.496380491
8.55305089	6.481548113
8.544839022	6.475325115
8.562837778	6.48896467
8.575534422	6.498586255
8.56083596	6.487447681
8.587167568	6.507401916
8.566882009	6.49202941
8.546975825	6.476944396
8.590857808	6.510198399
8.584247182	6.505188832
8.536670463	6.469134937
8.554181636	6.482404998
8.597421734	6.515172578
8.523964287	6.459506129
8.58554263	6.506170529
8.610014597	6.524715517
8.548021189	6.477736579
8.609122116	6.524039191
8.583088031	6.504310421
8.585001041	6.50576011
8.64694271	6.552699841
8.585088774	6.505826595
8.597135507	6.514955674
8.699696109	6.592676651
8.614661154	6.528236703
8.616871364	6.529911613
8.687678408	6.583569573
8.604122136	6.520250179
8.603327199	6.519647771
8.726383449	6.612900461
8.637260146	6.545362341
8.602227357	6.518814305
8.67690461	6.575405131
8.672366642	6.571966234
8.674763029	6.573782229
8.687397752	6.58335689
8.67707716	6.575535889
8.65108997	6.555842657
8.712499404	6.602379057
8.663980225	6.565610962
8.677629218	6.575954242
8.705213635	6.596857862
8.663671097	6.565376703
8.696470532	6.590232291
8.737718587	6.62149029
8.664052178	6.565665488
8.749175614	6.630172487
8.747803012	6.629132322
8.708457119	6.599315792
8.751391651	6.631851812
8.699249611	6.592338292
8.745997422	6.627764036
8.739479432	6.622824668
8.700396666	6.593207537
8.725907614	6.612539871
8.737399521	6.6212485
8.762163549	6.640014815
8.746809316	6.628379293
8.776309032	6.650734338
8.75091488	6.631490512
8.764646108	6.641896111
8.805372078	6.672758471
8.836110069	6.696051886
8.80142701	6.669768877
8.781759777	6.654864941
8.832194427	6.693084591
8.779988063	6.653522327
8.857785574	6.712477701
8.855571698	6.710800013
8.759192895	6.637763637
8.850006106	6.706582378
8.833230625	6.693869828
8.801861776	6.670098345
8.866831692	6.719332898
8.815634894	6.680535688
8.838090467	6.697552642
8.859846479	6.714039466
8.838492109	6.697857009
8.831758765	6.692754445
8.870161392	6.721856163
8.850182634	6.706716152
8.790986943	6.661857338
8.882278215	6.731038357
8.832856676	6.693586447
8.814918557	6.679992844
8.925238769	6.763594096
8.846888046	6.704219495
8.865872534	6.718606043
8.890754818	6.737461972
8.864250434	6.717376807
8.864106677	6.717267867
8.869954924	6.7216997
8.861353191	6.715181261
8.887866644	6.735273298
8.897286027	6.742411357
8.89158985	6.738094764
8.868239233	6.72039954
8.878496266	6.728172375
8.878832765	6.728427375
8.918942849	6.758823014
8.861554462	6.715333784
8.886011705	6.733867615
8.908201861	6.750683435
8.876866282	6.726937164
8.870919568	6.722430713
8.941921068	6.776236032
8.879650681	6.729047197
8.882916196	6.731521822
8.965672282	6.794234831
8.857274209	6.712090186
8.910841344	6.75268365
8.916928892	6.757296826
8.887775407	6.735204158
8.942494569	6.776670634
8.961173469	6.790825605
8.922843181	6.761778707
8.97010695	6.797595445
8.972630756	6.799507999
8.927801877	6.765536433
8.979279861	6.804546727
8.981654189	6.806346006
8.973505823	6.80017113
8.966543595	6.794895116
8.994879885	6.81636851
8.984693474	6.808649192
8.965855478	6.794373657
9.006489631	6.825166438
8.963259283	6.792406247
8.997735507	6.818532515
8.98423233	6.808299734
8.950881809	6.78302653
9.050797656	6.858743298
8.967173935	6.795372791
8.981838919	6.806485995
9.056727172	6.863236717
8.997623263	6.818447456
9.00799302	6.826305714
9.068737504	6.872338212
8.994212359	6.815862655
8.994162335	6.815824746
9.067980083	6.871764234
9.032352795	6.844765683
9.040248378	6.850748998
9.070592411	6.87374387
9.050017072	6.858151767
9.041641585	6.851804778
9.072498962	6.875188665
9.043253766	6.853026497
9.07092985	6.873999583
9.070651365	6.873788546
9.059127021	6.865055336
9.076032171	6.877866149
9.082685546	6.882908113
9.025787035	6.839790114
9.087248383	6.886365856
9.10875385	6.902662814
9.046843591	6.855746886
9.161878605	6.94292104
9.092213128	6.890128166
9.066441486	6.870598277
9.176336556	6.953877354
9.066966634	6.870996237
9.130926934	6.919465697
9.180937696	6.957364122
9.09516036	6.892361594
9.15972473	6.941288822
9.189630103	6.963951275
9.060108529	6.865799128
9.205204174	6.97575339
9.176129374	6.95372035
9.153943909	6.936908085
9.209855931	6.979278517
9.142410213	6.928167788
9.122059901	6.912746212
9.217067218	6.984743269
9.081655872	6.882127821
9.14108207	6.927161314
9.176137309	6.953726363
9.12269813	6.913229865
9.156285322	6.938682421
9.195960195	6.968748253
9.15843526	6.940311655
9.150676211	6.934431806
9.189716774	6.964016955
9.19149808	6.965366838
9.162247865	6.943200868
9.221912817	6.98841529
9.167578637	6.947240556
9.23478528	6.998170112
9.217933146	6.985399474
9.20762746	6.97758977
9.219918394	6.986903906
9.246463257	7.007019746
9.183578022	6.959364976
9.223235765	6.989417827
9.240957615	7.002847541
9.25330604	7.012205244
9.217355643	6.984961839
9.2611027	7.018113595
9.246627904	7.007144517
9.230086551	6.99460939
9.265411538	7.021378856
9.283211566	7.034867813
9.222960174	6.989208983
9.25546734	7.013843088
9.312946039	7.057400757
9.218389289	6.985745141
9.340974941	7.07864121
9.267991959	7.023334313
9.248067889	7.008235745
9.335141048	7.074220254
9.252111687	7.011300157
9.304306611	7.050853752
9.287837527	7.038373391
9.294769482	7.043626464
9.321461066	7.06385349
9.303615466	7.050329998
9.272347443	7.026634922
9.303546634	7.050277837
9.276971476	7.030139039
9.268401849	7.023644929
9.297792216	7.045917108
9.321659819	7.064004106
9.281173329	7.033323226
9.324209976	7.065936629
9.314437683	7.058531133
9.33397472	7.073336405
9.376816674	7.105802269
9.308280421	7.053865127
9.351491423	7.086610657
9.367005385	7.098367221
9.320140233	7.062852556
9.375217514	7.104590417
9.416273583	7.135702927
9.3150356	7.058984238
9.401019248	7.12414311
9.388086229	7.114342399
9.335121785	7.074205657
9.425919355	7.143012545
9.367522808	7.098759327
9.375860672	7.105077805
9.423060185	7.140845851
9.365250769	7.097037564
9.40027671	7.123580411
9.413970279	7.133957471
9.403017828	7.125657645
9.406689709	7.128440216
9.433932091	7.14908464
9.436813073	7.151267864
9.38428157	7.111459207
9.446743619	7.158793285
9.365171233	7.096977291
9.415867362	7.135395091
9.454496929	7.164668785
9.39600396	7.120342498
9.420064052	7.138575365
9.451043071	7.162051433
9.409602686	7.130647686
9.454837952	7.164927214
9.435216722	7.15005814
9.414637473	7.134463075
9.498483966	7.198002399
9.412637697	7.132947634
9.482890609	7.186185669
9.507663173	7.204958452
9.454366685	7.164570085
9.483323749	7.186513905
9.505983307	7.20368544
9.436166828	7.150778136
9.477094246	7.181793154
9.490966543	7.192305656
9.415982184	7.135482104
9.52590559	7.218782654
9.472382646	7.178222678
9.422344575	7.140303558
9.501874655	7.200571882
9.468693697	7.175427173
9.484883207	7.18769567
9.546397578	7.234311593
9.487718361	7.189844166
9.513225114	7.20917332
9.534950371	7.225636838
9.493665276	7.19435077
9.510452925	7.207072541
9.555992802	7.241582905
9.520023862	7.214325448
9.52965056	7.221620612
9.559830375	7.244491039
9.550517341	7.237433572
9.554892092	7.240748781
9.562713474	7.246675867
9.576292746	7.256966312
9.571953854	7.253678277
9.603955168	7.277929045
9.565813056	7.249024747
9.629642738	7.297395224
9.604787715	7.278559954
9.562801548	7.24674261
9.655674473	7.317122214
9.575292832	7.256208572
9.577959986	7.258229756
9.634369869	7.30097747
9.552008455	7.238563546
9.602779597	7.277038191
9.650025896	7.312841691
9.548813903	7.236142697
9.639922233	7.305185081
9.641430115	7.306327763
9.572722166	7.254260508
9.645566345	7.30946222
9.607171107	7.280366101
9.587289819	7.265299954
9.686563443	7.340530042
9.628352708	7.296417633
9.623978834	7.293103087
9.688796845	7.342222526
9.626494324	7.295009339
9.617546735	7.288228808
9.657609979	7.31858895
9.598630348	7.273893868
9.664420468	7.323749975
9.68628343	7.340317846
9.645272861	7.309239816
9.670426205	7.328301155
9.687023439	7.340878629
9.647336245	7.31080346
9.731114245	7.37429088
9.713184171	7.360703373
9.699914857	7.350647815
9.712562369	7.360232168
9.732822051	7.375585064
9.709286708	7.357749854
9.742168112	7.38266756
9.754614907	7.392099808
9.713682071	7.361080685
9.756906331	7.393836262
9.732651787	7.375456038
9.737115844	7.378838924
9.760854869	7.396828485
9.747509424	7.386715235
9.715761931	7.362656813
9.763458693	7.398801677
9.683640949	7.33831536
9.714461509	7.361671347
9.755177081	7.392525827
9.735085298	7.377300165
9.728871153	7.372591053
9.702560596	7.35265277
9.724738212	7.369459087
9.732589532	7.37540886
9.712728438	7.360358016
9.757335004	7.394161112
9.742049941	7.382578009
9.757851918	7.394552833
9.739873015	7.380928323
9.77958753	7.411024197
9.783065073	7.413659498
9.781775905	7.412682559
9.809822906	7.433936728
9.817948371	7.440094249
9.78181359	7.412711117
9.804830122	7.430153169
9.81114773	7.434940686
9.855223093	7.468341234
9.817712327	7.439915374
9.832081202	7.450804184
9.820031392	7.441672774
9.838610226	7.455751914
9.878048932	7.485638778
9.867479846	7.477629468
9.810964625	7.434801929
9.90916122	7.509215838
9.826385451	7.446487914
9.874089777	7.482638509
9.905856638	7.506711608
9.867623217	7.477738115
9.870387232	7.479832701
9.871533113	7.480701056
9.854876746	7.468078771
9.880838217	7.487752514
9.882988468	7.489381985
9.845754339	7.461165762
9.901153375	7.50314745
9.886455967	7.492009675
9.837962203	7.455260839
9.897732774	7.5005553
9.867318128	7.477506917
9.882143774	7.488741872
9.928809466	7.524105385
9.889790299	7.49453645
9.909796215	7.509697041
9.945968302	7.537108444
9.892919796	7.496907999
9.922218383	7.519110626
9.934914942	7.528732148
9.91485162	7.513528054
9.936880397	7.53022158
9.960928648	7.548445474
9.945681498	7.536891101
9.957247787	7.545656098
9.963340685	7.550273329
9.943985126	7.535605582
9.918065917	7.515963865
9.967937763	7.553757019
9.953962336	7.543166366
9.993074822	7.572806019
9.983543625	7.565583226
10.0025585	7.579992803
9.992679265	7.572506264
9.981796206	7.564259022
9.962186981	7.549399046
9.958866703	7.546882921
10.00288059	7.580236882
9.976734215	7.560423018
9.995727171	7.574815983
9.973858077	7.558243465
10.06833043	7.629835121
9.987571644	7.568635681
9.958328526	7.546475088
10.06168617	7.624800071
9.953639654	7.542921835
10.00814072	7.58422304
10.05420521	7.619130953
9.964561675	7.551198602
10.06524811	7.627499324
10.01962459	7.592925574
10.02165153	7.594461604
10.0838127	7.641567673
9.982068721	7.564465536
10.13102335	7.67734416
10.05811933	7.622097095
10.01709945	7.591012011
10.12306638	7.671314326
10.04074744	7.608932585
10.09952756	7.65347648
10.11639563	7.666259193
9.980641169	7.563383729
10.10967492	7.661166202
10.08560998	7.642929661
10.00291241	7.580260997
10.14256639	7.686091535
10.07903349	7.637945959
10.02713032	7.59861346
10.17767537	7.712697307
10.00662015	7.583070744
10.0934794	7.648893152
10.16852973	7.705766696
10.00843242	7.584444087
10.16853529	7.705770906
10.14933016	7.69121716
10.03384286	7.603700259
10.20250433	7.731512828
10.09920314	7.65323063
10.08022673	7.638850201
10.23150144	7.753486998
10.07916146	7.638042934
10.11164351	7.66265801
10.20823456	7.735855227
10.07551635	7.635280652
10.1875563	7.720185134
10.15925154	7.698735634
10.09727323	7.651768137
10.20442307	7.732966861
10.17419032	7.710056318
10.11241775	7.663244737
10.18894182	7.721235083
10.1940195	7.72508298
10.11327251	7.663892476
10.25054645	7.767919405
10.15169495	7.69300921
10.1678543	7.705254848
10.20831749	7.735918071
10.16727285	7.704814227
10.19661162	7.727047299
10.22992072	7.752289119
10.1851704	7.718377081
10.22574722	7.749126418
10.20368398	7.732406773
10.16861297	7.705829775
10.25719753	7.772959631
10.21404837	7.740260963
10.23316489	7.754747567
10.28183274	7.791628326
10.20471553	7.733188492
10.24133873	7.76094175
10.27630532	7.787439618
10.18547993	7.718611644
10.29550261	7.801987432
10.28340503	7.792819817
10.24520669	7.763872906
10.32401814	7.823596652
10.29432001	7.801091247
10.28790974	7.796233512
10.29230843	7.799566861
10.29229492	7.799556622
10.33058794	7.828575282
10.29795421	7.803845263
10.31583795	7.817397655
10.3583728	7.849630796
10.30531075	7.809420089
10.38504916	7.869846286
10.31635555	7.817789901
10.33191025	7.829577331
10.37246884	7.860312856
10.31955371	7.820213482
10.3601003	7.850939903
10.34257059	7.837655794
10.3544188	7.846634434
10.31535078	7.817028476
10.37771452	7.864288054
10.33452976	7.831562409
10.36136531	7.851898536
10.32828991	7.826833817
10.36278753	7.852976304
10.33456674	7.831590439
10.32840858	7.826923751
10.34867739	7.842283566
10.34449323	7.839112787
10.33303064	7.830426374
10.40112883	7.882031546
10.36892314	7.857625899
10.35540543	7.847382108
10.38146569	7.86713071
10.3662296	7.855584724
10.38524628	7.869995664
10.404615	7.884673385
10.35804167	7.849379864
10.46025728	7.926839406
10.40494999	7.884927243
10.40888175	7.887906756
10.46397833	7.92965924
10.37637408	7.863272262
10.4669328	7.931898149
10.44220958	7.913162758
10.38561428	7.870274539
10.50341711	7.959546157
10.40748405	7.886847569
10.41139052	7.889807913
10.48490962	7.945521082
10.38215705	7.867654631
10.45029988	7.919293634
10.46470924	7.930213127
10.40633553	7.885977213
10.4570359	7.924398229
10.4112802	7.88972431
10.43405736	7.906984962
10.49367608	7.952164351
10.43009924	7.903985482
10.43852849	7.910373214
10.50532001	7.960988182
10.44626583	7.916236612
10.48102031	7.94257374
10.4730947	7.936567674
10.4502247	7.919236664
10.5387112	7.986292209
10.44815696	7.91766972
10.49639417	7.954224133
10.55205765	7.996406222
10.48644337	7.946683367
10.53517061	7.983609131
10.54232106	7.989027781
10.47497813	7.937994942
10.61746371	8.04597129
10.49209685	7.950967606
10.55113192	7.995704702
10.6312013	8.056381705
10.47899317	7.941037568
10.65339044	8.073196759
10.53953113	7.98691356
10.49515532	7.953285327
10.61970924	8.047672964
10.53494988	7.983441862
10.51943193	7.971682276
10.62782954	8.053826566
10.51309631	7.966881105
10.58646352	8.022479174
10.66820443	8.084422875
10.49973356	7.956754742
10.6067144	8.0378254
10.63508974	8.05932839
10.49970016	7.956729433
10.62909578	8.054786132
10.59821894	8.031387499
10.51444676	7.967904488
10.6443374	8.066336313
10.59639861	8.030008042
10.53430382	7.982952271
10.67625785	8.090525804
10.56232596	8.0041876
10.6330186	8.057758869
10.6290762	8.054771291
10.53507826	7.983539151
10.69080657	8.101550903
10.60573402	8.037082466
10.58100532	8.018342919
10.7001079	8.108599499
10.59373859	8.02799226
10.63657377	8.060452995
10.68304237	8.09566715
10.59008109	8.025220589
10.74133347	8.139840463
10.64772359	8.068902386
10.65744902	8.076272368
10.75919418	8.153375402
10.64674993	8.068164544
10.71861189	8.122621927
10.74036759	8.139108513
10.62851169	8.054343508
10.71325154	8.118559818
10.70236198	8.110307652
10.66608204	8.082814518
10.77009208	8.161633889
10.70937597	8.115622894
10.68793722	8.099376495
10.74038975	8.139125305
10.72596863	8.128196899
10.67032807	8.086032187
10.77182074	8.16294388
10.6663112	8.082988178
10.74894425	8.145607949
10.72633988	8.128478238
10.69462162	8.104441968
10.7325393	8.133176191
10.693333	8.103465442
10.7539408	8.149394362
10.72351687	8.126338942
10.7275686	8.129409367
10.76437509	8.157301523
10.71273524	8.118168566
10.73674122	8.136360428
10.72279649	8.125793036
10.73578878	8.135638663
10.76887585	8.160712223
10.69966754	8.108265793
10.74957864	8.146088691
10.78030201	8.169371031
10.73466493	8.134787002
10.79772947	8.182577656
10.74978684	8.14624647
10.7773979	8.167170279
10.80961677	8.191585915
10.75223083	8.148098535
10.83214165	8.208655385
10.80344504	8.186908939
10.78886599	8.17586086
10.81189233	8.193310345
10.78789282	8.175123384
10.79322345	8.179162969
10.82805708	8.205560077
10.81092071	8.192574046
10.83559314	8.211270944
10.84643551	8.219487353
10.85388492	8.225132556
10.84441733	8.217957966
10.87365903	8.240117482
10.84422367	8.21781121
10.86118236	8.230662593
10.84817209	8.220803344
10.88482908	8.24858221
10.88857599	8.251421637
10.871049	8.238139588
10.89087388	8.25316299
10.87646657	8.242245054
10.8987676	8.259144894
10.89759121	8.258253416
10.89208549	8.254081151
10.86634945	8.234578241
10.93475176	8.286413884
10.87230085	8.239088245
10.87984404	8.24480452
10.90373877	8.262912075
10.86127828	8.230735282
10.9084415	8.266475827
10.87287926	8.239526566
10.92238301	8.277040778
10.89495273	8.256253966
10.89791736	8.258500579
10.93597146	8.287338177
10.93731939	8.28835965
10.91413966	8.270793922
10.92315354	8.277624687
10.91135153	8.268681063
10.95186533	8.299382641
10.95030068	8.298196941
10.91022563	8.26782785
10.99530672	8.33230276
10.95579883	8.30236347
10.98341091	8.32328805
11.01736845	8.349021255
10.98560565	8.324951237
11.00894511	8.342638002
10.95619455	8.302663344
10.95724077	8.303456179
10.9900146	8.328292363
10.97435633	8.316426441
10.98673172	8.325804577
11.00943825	8.343011706
10.9598746	8.305452107
11.00783158	8.341794164
11.02685885	8.356213134
10.92402567	8.278285591
11.01959603	8.350709327
11.02375886	8.353863943
10.93420819	8.286001963
11.0476374	8.371959234
10.96922593	8.312538593
10.99239949	8.330099644
11.04781446	8.372093406
10.93909577	8.289705794
11.00036586	8.336136604
11.06147745	8.382447291
10.94759551	8.296146945
11.11337496	8.421775505
11.01896367	8.350230122
11.02320808	8.35344656
11.11766133	8.42502374
10.99907286	8.335156763
11.07093196	8.389611971
11.10116281	8.412521076
11.02415266	8.354162367
11.13669853	8.439450234
11.06890709	8.388077516
11.0643809	8.384647544
11.14468733	8.445504188
11.04798483	8.372222516
11.13727093	8.439884004
11.1273339	8.432353668
11.074504	8.392318885
11.11093643	8.419927578
11.11381599	8.422109719
11.05209388	8.375336375
11.13137914	8.435419171
11.11069343	8.419743432
11.08057076	8.396916307
11.13565352	8.43865832
11.1151936	8.423153686
11.13028304	8.434588544
11.15685877	8.454727774
11.11696572	8.424496602
11.15657639	8.454513785
11.1592455	8.456536449
11.14294741	8.44418567
11.14360096	8.444680937
11.15702154	8.454851121
11.11035173	8.41948449
11.18181688	8.473641164
11.13419938	8.437556364
11.13317836	8.43678263
11.19656403	8.484816638
11.14320323	8.444379532
11.22276307	8.504670405
11.16571444	8.461438648
11.15872953	8.456145443
11.21799881	8.501060024
11.19842916	8.486230043
11.20089698	8.488100167
11.2323737	8.511953397
11.16595678	8.461622296
11.25210635	8.526906901
11.22340343	8.505155672
11.20348051	8.490057983
11.26071202	8.53342833
11.22991816	8.510092574
11.23955036	8.517391909
11.28417585	8.551209344
11.20944819	8.494580322
11.21956517	8.502247019
11.26763427	8.538674047
11.20087526	8.488083709
11.25953857	8.532539077
11.27018063	8.540603693
11.17929845	8.471732683
11.32946387	8.585528853
11.22853931	8.509047675
11.20982734	8.494867643
11.31128506	8.571752852
11.20844696	8.493821582
11.28566544	8.552338161
11.28711205	8.553434413
11.23287851	8.512335946
11.32748552	8.584029643
11.25530862	8.5293336
11.28501302	8.551843755
11.34193184	8.594977144
11.23842102	8.51653609
11.3261895	8.583047516
11.32394638	8.581347668
11.2596349	8.532612076
11.3578051	8.607005986
11.31930752	8.577832313
11.30830574	8.569495103
11.35923165	8.608087038
11.28380231	8.550926271
11.39240556	8.633226404
11.37160414	8.617462976
11.3368488	8.591125188
11.3674021	8.614278642
11.31966318	8.578101832
11.38689691	8.629051915
11.37253847	8.618171014
11.3266626	8.58340603
11.39122267	8.632329998
11.3325378	8.587858289
11.38615163	8.62848714
11.40713447	8.644388048
11.34882831	8.600203325
11.41765769	8.652362604
11.37995882	8.623794192
11.38248823	8.625710997
11.39697804	8.636691448
11.37659984	8.62124874
11.35556713	8.605310037
11.41940708	8.653688299
11.37958336	8.62350967
11.40231211	8.640733641
11.43961796	8.66900421
11.37247933	8.618126198
11.42887258	8.660861306
11.41671092	8.651645133
11.39238042	8.633207353
11.44512015	8.673173805
11.41211625	8.648163271
11.39707779	8.636767047
11.45959324	8.684141589
11.39137408	8.632444744
11.46956621	8.691699156
11.46019598	8.684598345
11.42295186	8.656374553
11.48930794	8.706659551
11.42648995	8.659055736
11.44829302	8.675578222
11.46826001	8.690709311
11.41365102	8.649326328
11.46014017	8.684556053
11.47327326	8.694508384
11.42343034	8.656737149
11.46797132	8.690490542
11.46495417	8.688204132
11.44068891	8.669815784
11.51534369	8.726389584
11.47686789	8.69723241
11.48410936	8.702720036
11.51328835	8.724832036
11.55102471	8.753428853
11.5067769	8.719897623
11.50678267	8.719901989
11.5515777	8.753847911
11.49782798	8.713116078
11.53265617	8.73950907
11.56375778	8.763078038
11.4945752	8.710651104
11.57158756	8.76901149
11.54846252	8.751487208
11.52574022	8.734268128
11.5770864	8.773178538
11.53167755	8.738767464
11.54575425	8.749434863
11.57491511	8.771533126
11.53955372	8.744736072
11.56516363	8.764143396
11.55188165	8.754078247
11.56388507	8.763174501
11.57542617	8.771920407
11.53976845	8.744898796
11.6049503	8.794293949
11.55029785	8.752878029
11.59311376	8.78532416
11.61938266	8.805230876
11.55398822	8.755674612
11.6688249	8.842698472
11.56850262	8.766673707
11.5919391	8.784433993
11.67008382	8.843652482
11.58758047	8.781131004
11.63176135	8.814611508
11.65064658	8.82892284
11.58826843	8.78165234
11.70262344	8.868311188
11.59996588	8.790516731
11.62333833	8.808228502
11.69041048	8.85905614
11.59699067	8.788262101
11.67641753	8.848452202
11.64708006	8.826220115
11.63367892	8.816064656
11.68524127	8.855138885
11.59603381	8.787536985
11.68125609	8.852118893
11.68689099	8.856389048
11.62378522	8.808567154
11.73732166	8.894605686
11.64692011	8.826098902
11.66751337	8.841704582
11.76184174	8.913187132
11.65395709	8.831431564
11.68394277	8.854154875
11.6899881	8.858736059
11.65520572	8.832377782
11.74044515	8.896972678
11.66195331	8.837491141
11.71256266	8.875843178
11.70083921	8.866959089
11.68014323	8.851275563
11.71720081	8.879357992
11.7100803	8.873962033
11.70630362	8.871100046
11.76451977	8.915216557
11.68463577	8.854680031
11.78947245	8.934125833
11.79017403	8.934657496
11.74391977	8.899605767
11.80242422	8.943940751
11.76358119	8.914505296
11.79024817	8.934713678
11.82319571	8.959681498
11.77558669	8.923603127
11.82793507	8.963273018
11.78920187	8.933920786
11.8182022	8.955897394
11.81338992	8.952250619
11.80308261	8.944439684
11.77469965	8.922930927
11.80939037	8.949219745
11.76753009	8.917497794
11.78360493	8.929679396
11.76717735	8.917230488
11.74832711	8.90294567
11.81433426	8.952966248
11.74919843	8.903605962
11.78046338	8.927298709
11.79413526	8.937659333
11.76848022	8.918217809
11.82722946	8.962738296
11.76832596	8.918100908
11.82560864	8.961510035
11.80140228	8.943166322
11.7932994	8.937025916
11.85832418	8.986302049
11.81624319	8.954412847
11.81204841	8.951234021
11.89049426	9.010680709
11.8400442	8.972449381
11.82580088	8.961655715
11.89965116	9.017619853
11.85202321	8.981527139
11.82791148	8.96325514
11.90468879	9.021437395
11.85588796	8.984455864
11.84522508	8.976375476
11.8967295	9.015405805
11.90497237	9.0216523
11.85637857	8.984827656
11.88754711	9.008447339
11.87315081	8.997537747
11.89660061	9.015308132
11.94462681	9.051702645
11.85592667	8.984485196
11.88143068	9.003812276
11.93953994	9.047847788
11.90103381	9.018667637
11.88130277	9.003715344
11.97566877	9.07522641
11.85992131	8.987512361
11.9558466	9.060205065
11.92949627	9.040236636
11.90544196	9.022008153
11.96184712	9.064752291
11.91133225	9.026471844
11.93584234	9.045045729
11.94496621	9.051959846
11.92305832	9.035357928
11.95500988	9.05957099
11.97878263	9.077586107
11.90445191	9.021257889
11.96665387	9.068394869
11.95732577	9.061325987
11.95074458	9.056338724
11.96335715	9.065896597
11.95230032	9.057517672
11.94976883	9.055599294
12.00579902	9.098059272
11.95557609	9.060000071
12.00047542	9.094025021
12.00323017	9.096112589
11.95559501	9.060014407
12.05100806	9.132318933
11.99405285	9.089157962
12.01112879	9.102098203
12.00386247	9.096591745
12.00396914	9.096672586
12.02383237	9.111725045
12.01149017	9.102372056
12.01735246	9.106814533
12.04978161	9.131389518
12.02540329	9.1129155
12.05056098	9.13198013
12.03471195	9.119969649
12.08464617	9.157810069
12.05120616	9.132469051
12.05232748	9.133318791
12.07008284	9.146773903
12.0524153	9.133385343
12.06913534	9.146055877
12.03108194	9.117218812
12.0612525	9.140082219
12.07200292	9.148228945
12.03695517	9.121669574
12.08384796	9.15720518
12.05025754	9.13175018
12.07932663	9.153778893
12.09012152	9.161959322
12.07426214	9.149941
12.11290398	9.179223989
12.09140791	9.162934154
12.06930251	9.146182563
12.10785412	9.175397181
12.11890852	9.183774264
12.10927067	9.176470648
12.1068828	9.174661112
12.12647338	9.189506955
12.09813993	9.168035716
12.13495297	9.195932833
12.11870751	9.183621936
12.15433579	9.210621242
12.16769166	9.22074239
12.11174297	9.178344172
12.16734384	9.220478809
12.16763303	9.220697964
12.13457588	9.195647075
12.19686005	9.242846358
12.18418405	9.233240417
12.14539532	9.203846108
12.21471409	9.256376241
12.19136424	9.238681599
12.17394748	9.225483087
12.20101076	9.245991788
12.18074426	9.230633721
12.21694576	9.258067414
12.20859558	9.251739606
12.19150783	9.238790413
12.21273874	9.25487931
12.22132927	9.261389263
12.20630417	9.250003157
12.25372219	9.285936791
12.21002518	9.252822961
12.22114116	9.261246709
12.22043567	9.260712087
12.23101423	9.268728577
12.21644284	9.257686301
12.23334858	9.270497564
12.22078138	9.260974068
12.26601895	9.29525534
12.25839078	9.289474671
12.23957302	9.275214473
12.27694345	9.303533987
12.24135993	9.276568607
12.27305235	9.300585294
12.28303999	9.308153982
12.23221708	9.269640106
12.31429145	9.331836503
12.25698099	9.28840633
12.31160542	9.329801016
12.34403538	9.354376614
12.23661015	9.272969197
12.33637183	9.348569134
12.28988684	9.313342562
12.2642773	9.293935511
12.34604065	9.355896221
12.31210049	9.330176183
12.27325471	9.300738642
12.35079083	9.359495932
12.30627192	9.325759262
12.31354625	9.331271783
12.34670293	9.356398096
12.27041841	9.298589278
12.35981477	9.366334325
12.29296601	9.31567597
12.32657829	9.34114754
12.37161495	9.375276563
12.27175468	9.29960191
12.33512261	9.347622472
12.35275099	9.360981347
12.27938942	9.305387561
12.35277937	9.361002859
12.33474138	9.347333568
12.28604868	9.310433983
12.39694174	9.39446934
12.30153289	9.322167996
12.37400543	9.377088083
12.37552782	9.378241754
12.34986609	9.358795154
12.44533922	9.431145213
12.36883771	9.373171957
12.38424302	9.384846177
12.35900619	9.365721573
12.3817874	9.382985302
12.40410076	9.399894483
12.37859254	9.380564215
12.42970961	9.419301007
12.42603664	9.416517614
12.40031261	9.397023801
12.42941037	9.419074244
12.41895472	9.411150895
12.41142627	9.405445795
12.42431174	9.41521047
12.40049192	9.397159683
12.42232247	9.413702991
12.42370955	9.41475413
12.39842273	9.395591643
12.44405046	9.430168581
12.41974781	9.411751902
12.45381468	9.437567958
12.44386922	9.430031238
12.45326271	9.437149673
12.46617991	9.446938395
12.48964343	9.464719176
12.45119694	9.435584221
12.48263557	9.459408586
12.47116941	9.450719467
12.48982017	9.464853114
12.48797412	9.463454168
12.50617023	9.47724328
12.47022027	9.450000201
12.50648118	9.477478917
12.49965522	9.472306166
12.48045902	9.457759181
12.51609199	9.484762044
12.5170504	9.485488327
12.48106769	9.45822044
12.55118874	9.511358548
12.52171553	9.489023592
12.53248483	9.497184627
12.54039471	9.503178774
12.51466314	9.483679251
12.59769909	9.546604341
12.54276912	9.504978114
12.5313054	9.496290849
12.59744616	9.546412671
12.53280145	9.497424562
12.56299254	9.520303529
12.56360501	9.520767664
12.54900998	9.509707471
12.58652853	9.538139231
12.54444101	9.506245079
12.55249596	9.512349167
12.57372332	9.528435372
12.53038333	9.495592099
12.56645778	9.522929506
12.5986156	9.547298878
12.50638741	9.477407857
12.56367895	9.520823698
12.58587525	9.53764417
12.55350885	9.513116737
12.63673169	9.57618346
12.56705715	9.523383711
12.64350183	9.581313904
12.61645688	9.560819099
12.60015143	9.548462737
12.63792441	9.577087306
12.59460699	9.54426113
12.64515441	9.582566237
12.60108713	9.549171819
12.64525019	9.582638819
12.66927958	9.600848423
12.59348028	9.543407303
12.66218004	9.595468355
12.64869503	9.58524934
12.61622924	9.560646592
12.69919021	9.623514863
12.65633547	9.591039307
12.63870598	9.577679588
12.67579476	9.605785664
12.61556681	9.560144599
12.67308503	9.603732213
12.67575508	9.605755591
12.65635382	9.591053211
12.74136905	9.655478216
12.64927565	9.585689338
12.66270589	9.595866849
12.73060835	9.647323699
12.65892058	9.592998314
12.74253792	9.656363986
12.70471552	9.627701968
12.64928302	9.585694922
12.7680018	9.675660654
12.69436221	9.619856174
12.69573146	9.6208938
12.7666001	9.674598441
12.69166374	9.617811263
12.77016695	9.677301415
12.75364652	9.664782149
12.69032409	9.616796071
12.80364856	9.702673965
12.71916682	9.638653245
12.72887153	9.646007525
12.76690643	9.674830579
12.72990769	9.646792734
12.78272625	9.686818922
12.76136204	9.670629007
12.75249735	9.663911296
12.78850151	9.691195442
12.76086285	9.670250718
12.76376307	9.672448519
12.80850813	9.706356572
12.76676327	9.674722086
12.78606139	9.689346307
12.79901138	9.699159881
12.77652374	9.682118628
12.80021952	9.700075417
12.78366723	9.687532
12.77635457	9.681990431
12.81106407	9.708293476
12.80254308	9.70183622
12.80292578	9.702126237
12.82768166	9.720886375
12.8493132	9.737278874
12.75201787	9.663547947
12.88988613	9.768025254
12.79328911	9.694823515
12.83763709	9.72843065
12.86941295	9.752510571
12.78744889	9.690397766
12.87130248	9.753942467
12.84578948	9.734608582
12.81743805	9.713123711
12.89566165	9.772401977
12.79821168	9.698553868
12.9081239	9.781845941
12.84657891	9.735206811
12.81666077	9.712534686
12.9365312	9.803373142
12.80053746	9.700316356
12.91344034	9.785874768
12.86595524	9.749890302
12.81252371	9.709399595
12.94382026	9.808896829
12.81620481	9.712189156
12.88370294	9.763339601
12.89644266	9.77299383
12.80918448	9.706869115
12.91738683	9.788865433
12.87260434	9.754929023
12.85206114	9.73936128
12.93883492	9.805118914
12.89592507	9.772601596
12.91596067	9.787784686
12.94587935	9.810457223
12.86413441	9.748510466
12.9725579	9.830674368
12.8993299	9.7751818
12.90552736	9.779878263
13.00069827	9.851999292
12.88515523	9.764440153
12.93645957	9.80331886
12.95327514	9.816061794
12.89538608	9.77219315
12.99775981	9.849772513
12.9727254	9.830801301
12.95869433	9.820168481
13.01390123	9.862004571
12.91010536	9.783347499
13.00226032	9.853183022
12.93879956	9.805092118
12.93186705	9.799838625
12.96441102	9.824500623
12.93045383	9.79876768
12.93912785	9.805340902
13.01989882	9.866549579
12.91274565	9.785348326
13.03206793	9.875771393
12.98704043	9.841649308
12.92701621	9.796162635
13.07298847	9.906781197
12.95177974	9.814928569
13.02111393	9.867470395
13.05605199	9.893946646
12.92116971	9.791732126
13.0308164	9.874822973
13.02610236	9.871250648
13.00663869	9.856500975
13.06878021	9.903592159
13.00207886	9.853045514
13.08334349	9.914628286
13.05465667	9.892889261
13.04361231	9.884519783
13.12108371	9.943228034
13.03820332	9.880420822
13.09874297	9.926298099
13.08964134	9.91940083
13.03018384	9.87434362
13.10500464	9.931043225
13.0239835	9.869644966
13.09167098	9.920938907
13.07660849	9.90952447
13.02880109	9.873295764
13.14058555	9.958006629
13.05321046	9.891793317
13.05576455	9.893728818
13.14174107	9.958882288
13.00329756	9.853969052
13.12361602	9.945147028
13.09383883	9.922581715
13.06179433	9.898298216
13.13933461	9.957058665
13.032251	9.875910121
13.14202818	9.95909986
13.13011793	9.950074212
13.05065662	9.889858001
13.19128635	9.996427972
13.12318111	9.944817453
13.14013223	9.957663105
13.2299573	10.02573302
13.10333859	9.929780687
13.20195775	10.00451481
13.1922026	9.997122313
13.11569789	9.939146624
13.22375181	10.02103047
13.08564614	9.916373253
13.19072963	9.996006088
13.19172065	9.996757083
13.11249485	9.936719344
13.25701899	10.04624052
13.1356728	9.954283724
13.17928879	9.987336156
13.24410016	10.03645056
13.11502865	9.938639475
13.22515595	10.02209454
13.18538424	9.991955321
13.16199824	9.974233285
13.28265099	10.06566459
13.14184547	9.958961402
13.22900981	10.02501501
13.27621009	10.06078364
13.17858182	9.986800411
13.29914417	10.07816321
13.19002286	9.995470494
13.19971558	10.00281568
13.31586918	10.09083751
13.18143803	9.988964857
13.27167809	10.05734926
13.28677415	10.06878914
13.21317154	10.01301269
13.31773757	10.09225339
13.23067887	10.02627983
13.26730956	10.05403877
13.30694441	10.08407427
13.22010329	10.0182656
13.34581418	10.11352999
13.28864114	10.07020396
13.27547609	10.06022741
13.34759588	10.11488017
13.26470249	10.05206312
13.28932313	10.07072077
13.34161368	10.11034684
13.29100463	10.07199502
13.33433176	10.10482855
13.32280281	10.09609185
13.29209373	10.07282035
13.35661733	10.12171668
13.28464028	10.06717208
13.33566855	10.10584158
13.35085617	10.11735084
13.32476568	10.09757932
13.33828385	10.10782347
13.28666994	10.06871017
13.32034033	10.09422577
13.31993093	10.09391552
13.27987264	10.06355914
13.3691961	10.13124894
13.2939875	10.07425545
13.34659217	10.11411956
13.33887957	10.10827491
13.31600279	10.09093876
13.34518035	10.11304967
13.34627106	10.11387622
13.3798369	10.13931259
13.33832788	10.10785683
13.35651256	10.12163728
13.36023528	10.12445838
13.33788712	10.10752283
13.3566643	10.12175227
13.37112377	10.13270973
13.34603859	10.11370005
13.38371293	10.14224987
13.32960145	10.1012439
13.37676564	10.13698518
13.38937717	10.14654226
13.34378643	10.11199335
13.41630522	10.16694849
13.40349493	10.15724078
13.41213951	10.16379169
13.45486298	10.19616776
13.39127472	10.14798024
13.45865139	10.19903864
13.42721629	10.17521695
13.43189003	10.17875874
13.45148845	10.19361053
13.40975429	10.16198415
13.48537811	10.2192923
13.39583383	10.15143516
13.44369015	10.18770093
13.47794551	10.21365983
13.43186869	10.17874256
13.49229304	10.22453247
13.45018416	10.19262213
13.43423682	10.18053715
13.50956761	10.23762323
13.45076812	10.19306465
13.48058502	10.21566006
13.48712222	10.22061399
13.44758934	10.19065576
13.46916847	10.20700854
13.49105302	10.22359277
13.47093309	10.20834578
13.50556508	10.23459009
13.50227535	10.23209711
13.49777422	10.22868614
13.53383779	10.2560153
13.52229955	10.24727156
13.49779457	10.22870156
13.53530843	10.25712976
13.52849462	10.25196621
13.51871588	10.24455584
13.54726595	10.26619124
13.56187129	10.27725924
13.53463369	10.25661843
13.56316005	10.27823587
13.54863602	10.26722948
13.56398349	10.27885987
13.58795063	10.2970223
13.54400011	10.26371636
13.59788319	10.30454925
13.56554492	10.28004313
13.59904729	10.30543141
13.60346951	10.30878259
13.51683252	10.24312861
13.60774783	10.31202472
13.54937296	10.26778794
13.58299023	10.29326328
13.62174876	10.32263471
13.52138456	10.24657818
13.65204449	10.34559298
13.56991575	10.28335538
13.5831452	10.29338072
13.6476938	10.342296
13.55590586	10.2727386
13.63670979	10.33397226
13.6073044	10.31168869
13.60287117	10.30832917
13.66338052	10.35418348
13.59948572	10.30576365
13.66365363	10.35439045
13.62785609	10.32726288
13.64092912	10.33716969
13.69289848	10.37655235
13.61722776	10.31920867
13.66771313	10.35746676
13.67864433	10.36575047
13.59808176	10.30469972
13.7211449	10.39795764
13.59986661	10.30605229
13.70460346	10.38542244
13.67358476	10.36191631
13.61852827	10.3201942
13.71396878	10.39251953
13.62984712	10.32877169
13.68704197	10.37211426
13.67803012	10.36528503
13.60926286	10.31317283
13.73756335	10.41039963
13.63816811	10.33507738
13.69365751	10.37712755
13.69584683	10.37878662
13.66921975	10.35860848
13.70975601	10.38932708
13.6727168	10.36125857
13.67502078	10.36300454
13.72505157	10.40091814
13.67892675	10.3659645
13.73983308	10.41211964
13.73176373	10.40600464
13.74280835	10.41437432
13.75317348	10.42222907
13.71904059	10.39636298
13.7822898	10.44429357
13.75362577	10.42257182
13.78516614	10.44647328
13.7562574	10.42456608
13.76611088	10.4320331
13.74149158	10.41337646
13.78381298	10.44544785
13.75376684	10.42267872
13.83031144	10.48068463
13.75075663	10.42039757
13.77117734	10.43587249
13.82020901	10.47302896
13.7740044	10.43801485
13.79037175	10.45041812
13.78027244	10.44276481
13.79134557	10.45115609
13.7952404	10.45410761
13.75071655	10.42036719
13.80558628	10.46194777
13.83200951	10.48197144
13.73814008	10.41083668
13.85940752	10.5027338
13.77276896	10.43707863
13.7831048	10.44491118
13.83325883	10.48291818
13.80376727	10.46056931
13.84026694	10.48822896
13.83432814	10.48372851
13.79259154	10.45210028
13.86716508	10.50861252
13.79252973	10.45205345
13.86764095	10.50897313
13.83975538	10.4878413
13.782591	10.44452182
13.86689979	10.50841148
13.77028247	10.43519436
13.82290125	10.47506915
13.84109635	10.48885749
13.80110708	10.45855341
13.89425276	10.52913971
13.85016263	10.49572797
13.85526784	10.49959673
13.95046278	10.57173597
13.85800511	10.50167104
13.90379838	10.53637343
13.93023114	10.55640432
13.86097008	10.50391791
13.95927963	10.57841742
13.85312785	10.49797503
13.93443425	10.55958946
13.94375274	10.56665106
13.88382903	10.52124055
13.95633517	10.57618609
13.91173031	10.54238429
13.93062393	10.55670198
13.94161865	10.56503384
13.87980435	10.51819063
13.93892803	10.56299487
13.95080605	10.57199609
13.93463632	10.55974259
13.9610775	10.57977986
13.90837911	10.53984473
13.96221613	10.58064272
13.93209917	10.55781992
13.91965335	10.54838842
14.01562069	10.62111298
13.96601975	10.58352512
13.97333133	10.58906588
14.00282761	10.61141832
13.95140517	10.57245011
14.0011719	10.61016361
13.99063634	10.6021797
13.98665598	10.59916337
13.99823565	10.60793851
14.00267643	10.61130375
13.97921093	10.59352147
14.00954866	10.61651156
13.96101715	10.57973412
14.02115045	10.62530347
13.95242581	10.57322356
13.97771018	10.59238419
14.03519158	10.63594391
14.01342777	10.61945117
14.01022431	10.61702358
14.0423765	10.64138868
14.04709466	10.64496413
14.0302535	10.6322018
14.05234467	10.64894261
14.04830469	10.64588109
14.04636387	10.64441033
14.02639821	10.62928025
14.05491362	10.65088937
14.06976843	10.66214643
14.01049737	10.6172305
14.0992462	10.68448485
14.02470598	10.62799787
14.05513268	10.65105538
14.14400565	10.7184038
14.03478526	10.63563599
14.09873722	10.68409914
14.05574774	10.65152148
14.04630395	10.64436492
14.07810665	10.66846518
14.04973488	10.6469649
14.06749393	10.6604228
14.05421882	10.65036285
14.06666493	10.65979458
14.08931799	10.67696119
14.07031858	10.66256334
14.11274795	10.69471654
14.11179253	10.69399252
14.08090221	10.67058367
14.14980693	10.72280004
14.08200473	10.67141916
14.16188519	10.73195301
14.14587205	10.71981817
14.13311887	10.71015374
14.11899216	10.69944844
14.11749542	10.6983142
14.16471355	10.73409636
14.13935664	10.71488075
14.12333185	10.70273708
14.15714428	10.72836032
14.1692437	10.73752933
14.1427108	10.71742255
14.18956702	10.75293045
14.15685916	10.72814426
14.24129117	10.79212729
14.18305695	10.74799708
14.17019786	10.73825239
14.20304566	10.76314463
14.16134249	10.73154175
14.19082698	10.75388525
14.19793893	10.75927473
14.18821802	10.75190817
14.200829	10.76146484
14.22428658	10.77924112
14.1829032	10.74788057
14.24540542	10.79524509
14.2230409	10.77829713
14.23324601	10.78603062
14.24547756	10.79529976
14.23205189	10.78512572
14.2235697	10.77869786
14.26361797	10.80904666
14.22973996	10.78337372
14.24962201	10.79844044
14.27272617	10.8159489
14.24808345	10.79727452
14.29292846	10.83125831
14.28156096	10.82264395
14.30312949	10.8389887
14.30653738	10.84157122
14.29528259	10.83304228
14.28602315	10.82602542
14.26171746	10.80760644
14.29111511	10.82988414
14.2713184	10.81488208
14.2394471	10.79072984
14.31960562	10.8514744
14.24842482	10.79753321
14.34178472	10.86828184
14.2934827	10.83167831
14.27489269	10.8175907
14.29759781	10.83479676
14.27631053	10.81866515
14.30123766	10.83755506
14.26174044	10.80762385
14.30715927	10.84204249
14.30921839	10.8436029
14.24376985	10.79400564
14.33160002	10.86056382
14.29144258	10.8301323
14.33088062	10.86001866
14.33853502	10.8658192
14.29516695	10.83295464
14.33851665	10.86580528
14.36260963	10.88406308
14.30748055	10.84228596
14.39843025	10.91120813
14.38141722	10.89831557
14.34851086	10.87337895
14.41014333	10.92008437
14.35307321	10.87683632
14.40058956	10.91284447
14.361369	10.88312292
14.3981915	10.9110272
14.38544252	10.90136596
14.41364999	10.92274173
14.3893779	10.90434821
14.40942838	10.91954257
14.4095813	10.91965846
14.41090127	10.92065874
14.39741383	10.91043789
14.39285692	10.90698464
14.40884272	10.91909876
14.40221162	10.91407367
14.40201436	10.91392419
14.42253194	10.92947252
14.41418351	10.92314604
14.40983377	10.91984978
14.3748732	10.89335647
14.43434135	10.93842175
14.39464633	10.90834065
14.41243112	10.92181807
14.43741376	10.94075004
14.40089253	10.91307406
14.47083566	10.96607734
14.47408828	10.9685422
14.45910483	10.95718766
14.49266848	10.98262237
14.46573223	10.96220993
14.45674907	10.95540244
14.46870325	10.96446139
14.48770282	10.97885937
14.47152751	10.96660163
14.51233484	10.99752565
14.46183518	10.95925673
14.51274543	10.99783679
14.51513723	10.99964931
14.44909188	10.94959979
14.56081049	11.03426076
14.48082641	10.97364839
14.50569109	10.99249097
14.52106722	11.00414309
14.4683029	10.96415801
14.57206304	11.04278799
14.45740232	10.95589748
14.50947909	10.99536154
14.51547718	10.99990693
14.50519245	10.9921131
14.57185493	11.04263029
14.52219352	11.0049966
14.53997245	11.01846958
14.58390582	11.05176252
14.49578558	10.98498453
14.57040375	11.04153058
14.52956206	11.01058052
14.51470352	10.99932064
14.6027449	11.06603888
14.49400342	10.983634
14.57594396	11.04572898
14.57819429	11.04743429
14.51858352	11.00226093
14.63300523	11.08897032
14.50208465	10.989758
14.616553	11.07650273
14.58334185	11.05133514
14.57117671	11.04211633
14.6527351	11.10392172
14.56361072	11.03638278
14.64271538	11.09632872
14.58097088	11.04953841
14.56927106	11.04067222
14.67336854	11.11955785
14.55222783	11.02775677
14.67652893	11.12195281
14.60764698	11.0697537
14.58293496	11.05102679
14.69891457	11.13891677
14.57094161	11.04193817
14.68950454	11.1317858
14.65593281	11.10634496
14.63564318	11.09096937
14.71871601	11.15392241
14.5691622	11.04058973
14.726334	11.15969536
14.65929626	11.1088938
14.62307649	11.08144626
14.68804239	11.13067777
14.66496117	11.1131867
14.70147884	11.14085999
14.68142583	11.12566371
14.68977006	11.13198701
14.7215586	11.15607654
14.68723149	11.13006327
14.69781774	11.13808559
14.73410124	11.16558142
14.66518007	11.11335258
14.74335459	11.17259365
14.6991036	11.13906002
14.73035825	11.16274496
14.72391222	11.15786013
14.66324247	11.11188426
14.77455499	11.19623749
14.69692014	11.13740538
14.76317961	11.18761717
14.74461096	11.17354574
14.71556791	11.15153676
14.77003315	11.19281081
14.7228489	11.15705434
14.71271936	11.14937812
14.7306814	11.16298984
14.69714776	11.13757787
14.80561072	11.21977169
14.68331377	11.1270944
14.80392699	11.21849575
14.73712802	11.16787513
14.7313322	11.16348303
14.79422836	11.21114608
14.73128269	11.1634455
14.80658462	11.22050972
14.75465281	11.18115551
14.74119875	11.17095995
14.82753666	11.23638728
14.75372902	11.18045546
14.77805238	11.19888783
14.7597015	11.18498143
14.75684576	11.18281734
14.80225512	11.2172288
14.76110803	11.18604731
14.80682455	11.22069153
14.78390184	11.20332058
14.785662	11.20465444
14.85066782	11.2539162
14.79207006	11.20951051
14.85395697	11.25640874
14.82158848	11.23187972
14.81750822	11.22878768
14.87983244	11.27601731
14.84002064	11.24584771
14.89779161	11.28962686
14.85136666	11.25444579
14.87036628	11.2688438
14.85361672	11.2561509
14.85821614	11.25963636
14.87352961	11.27124099
14.87092596	11.26926793
14.89560083	11.28796668
14.86240446	11.26281029
14.86290724	11.2631913
14.92531153	11.31048161
14.84832617	11.25214168
14.9128671	11.30105115
14.88039175	11.27644115
14.83380948	11.24114086
14.95635557	11.33400695
14.7895747	11.20761951
14.92414868	11.30960039
14.91494544	11.30262613
14.82110243	11.23151139
14.96160469	11.33798476
14.83994829	11.24579289
14.97115503	11.34522206
14.90324062	11.29375616
14.87617651	11.27324682
15.00955419	11.37432115
14.84031657	11.24607197
14.9948869	11.3632062
14.93484824	11.31770858
14.88140975	11.27721261
14.99761834	11.3652761
14.88837374	11.28248995
14.96345077	11.33938373
14.94490197	11.32532735
14.92117931	11.30735019
14.99744656	11.36514592
14.91117464	11.2997686
15.00188017	11.36850573
14.98080794	11.35253709
14.95486075	11.33287417
15.00278097	11.36918837
14.89812352	11.28987839
15.04654669	11.40235427
14.92910307	11.31335486
14.98985896	11.359396
14.97957818	11.35160517
14.92312712	11.30882625
15.05652173	11.40991341
14.8925542	11.28565793
15.04183272	11.39878199
14.97884054	11.35104618
14.97864933	11.35090128
15.07378689	11.42299703
14.94542494	11.32572366
15.02527417	11.38623383
15.00982151	11.37452373
14.98761348	11.35769436
15.07164354	11.42137279
14.98287361	11.35410246
15.03552494	11.39400193
15.05675911	11.41009329
14.99404804	11.3625705
15.11636988	11.45526666
15.003908	11.37004243
15.07445165	11.4235008
15.07673835	11.42523367
15.01286312	11.37682868
15.15325537	11.48321868
14.99306066	11.36182226
15.098187	11.44148757
15.1104778	11.45080161
15.0082859	11.37336003
15.17057459	11.49634328
15.01780065	11.38057037
15.13512066	11.4694761
15.09557573	11.43950873
15.05219576	11.40663516
15.17596304	11.50042667
15.04512968	11.40128045
15.19278061	11.51317112
15.10419986	11.44604415
15.12023435	11.45819517
15.17268476	11.49794237
15.06984279	11.42000818
15.18469733	11.50704557
15.09972862	11.44265582
15.14057302	11.47360793
15.1642568	11.49155563
15.12695713	11.46328973
15.18825659	11.5097428
15.11689823	11.45566704
15.16725785	11.49382984
15.15610776	11.48538024
15.14226475	11.47488993
15.21850457	11.53266488
15.14444004	11.47653838
15.19714647	11.51647959
15.17878864	11.50256793
15.18240902	11.50531147
15.17966616	11.50323292
15.15024639	11.48093846
15.21453623	11.52965764
15.16801582	11.49440423
15.1970562	11.51641119
15.22793994	11.53981505
15.14849648	11.47961237
15.27207657	11.57326203
15.15309154	11.48309453
15.22715909	11.53922332
15.22966447	11.54112191
15.16984919	11.49579356
15.27329174	11.57418289
15.14236173	11.47496342
15.27914883	11.57862142
15.18556389	11.50770225
15.22694843	11.53906368
15.24539276	11.55304089
15.23844513	11.54777594
15.25993635	11.5640621
15.20777627	11.52453492
15.24190217	11.55039571
15.26130881	11.56510216
15.20988822	11.52613536
15.26138614	11.56516076
15.27132811	11.57269484
15.22742194	11.5394225
15.30973036	11.60179627
15.18142966	11.50456931
15.32484963	11.61325374
15.23382912	11.5442779
15.21743496	11.53185432
15.29969686	11.59419283
15.2191502	11.53315413
15.31557216	11.60622322
15.25750964	11.56222313
15.24455381	11.55240513
15.32919424	11.6165461
15.25465814	11.56006224
15.30886698	11.60114199
15.30117537	11.59531326
15.33517209	11.62107615
15.2918583	11.58825273
15.33689747	11.62238365
15.29616615	11.59151724
15.29412469	11.58997021
15.33305193	11.61946949
15.2948963	11.59055494
15.3327893	11.61927046
15.33936108	11.62425059
15.33289797	11.61935281
15.36527265	11.64388652
15.34374829	11.62757524
15.33312659	11.61952606
15.40759966	11.67596216
15.28594436	11.58377111
15.39964221	11.66993196
15.36427074	11.64312727
15.33548967	11.62131681
15.43973579	11.70031509
15.28139463	11.5803233
15.44221588	11.70219452
15.34758721	11.63048439
15.37460632	11.65095963
15.42417503	11.68852306
15.35172486	11.63361993
15.43535205	11.69699307
15.39206364	11.66418888
15.39038927	11.66292003
15.45663713	11.71312302
15.35134987	11.63333576
15.45065897	11.70859273
15.3975991	11.66838367
15.4406208	11.70098575
15.44287198	11.70269171
15.36938454	11.64700253
15.47360302	11.72597986
15.36437587	11.64320694
15.44023478	11.70069323
15.44017387	11.70064706
15.41640394	11.68263408
15.45769238	11.71392269
15.42418135	11.68852785
15.42501417	11.68915896
15.45703206	11.71342229
15.40572613	11.67454238
15.46165319	11.71692421
15.44669684	11.70559021
15.44270124	11.70256232
15.4666736	11.72072871
15.45519686	11.71203157
15.45283455	11.7102414
15.47576324	11.72761688
15.46075986	11.71624724
15.49910505	11.74530543
15.5181905	11.75976849
15.49376286	11.74125709
15.54202027	11.77782682
15.49189933	11.7398449
15.5010078	11.74674734
15.4824522	11.73268581
15.52501038	11.76493664
15.5439258	11.77927084
15.51306498	11.75588434
15.53626279	11.77346377
15.53854185	11.77519085
15.55354617	11.78656121
15.52552242	11.76532466
15.605934	11.82626099
15.55289543	11.78606808
15.56010635	11.79153255
15.55965548	11.79119088
15.57566786	11.80332514
15.51297591	11.75581685
15.59999656	11.82176157
15.52040599	11.7614474
15.55830153	11.79016485
15.59409751	11.81729123
15.52601313	11.76569652
15.60926403	11.8287845
15.51971688	11.76092519
15.62056687	11.83734986
15.56785041	11.79740104
15.60202939	11.82330205
15.62692929	11.84217133
15.56137625	11.79249488
15.64111764	11.85292334
15.59487766	11.81788243
15.62583303	11.84134058
15.61219828	11.83100809
15.65153679	11.86081903
15.67269279	11.87685116
15.57891615	11.80578672
15.70823338	11.90378401
15.61651136	11.83427657
15.6389559	11.85128516
15.66823676	11.87347436
15.62970968	11.84427833
15.69020184	11.89011961
15.62236816	11.83871488
15.68190874	11.88383506
15.62001075	11.83692843
15.67305567	11.87712616
15.61736329	11.83492216
15.63702216	11.84981976
15.67334545	11.87734575
15.65420419	11.8628404
15.69485253	11.89364393
15.64880489	11.85874878
15.66770721	11.87307306
15.6660722	11.87183404
15.63344981	11.84711262
15.70441	11.90088663
15.66939944	11.87435544
15.69195779	11.89145028
15.71321313	11.90755769
15.67326408	11.87728409
15.70619833	11.90224184
15.67731863	11.88035665
15.69022657	11.89013835
15.71659208	11.91011828
15.70348412	11.900185
15.7404232	11.92817763
15.7262439	11.91743248
15.73228534	11.92201071
15.72919216	11.91966669
15.7322611	11.92199234
15.77864074	11.95713909
15.70061819	11.89801318
15.77422555	11.95379323
15.70337592	11.900103
15.72447017	11.91608834
15.7819793	11.95966906
15.68691699	11.88763033
15.81141073	11.98197237
15.73978501	11.92769401
15.71900754	11.91194872
15.79694817	11.97101256
15.69574349	11.89431911
15.83116411	11.99694158
15.73181018	11.92165064
15.7546021	11.93892248
15.80552865	11.97751489
15.72780409	11.9186148
15.80902946	11.98016782
15.74838384	11.93421024
15.84834747	12.00996322
15.74657901	11.93284253
15.81458684	11.98437924
15.81970351	11.98825668
15.76322813	11.94545933
15.89245132	12.04338536
15.72216843	11.91434406
15.85430777	12.01447997
15.83006573	11.99610922
15.76042293	11.94333353
15.88516197	12.03786145
15.74544541	11.93198349
15.85403508	12.01427333
15.84150341	12.00477676
15.80543554	11.97744433
15.89268172	12.04355996
15.79346183	11.96837059
15.85914319	12.01814428
15.86214103	12.02041606
15.86671033	12.0238787
15.83872997	12.00267503
15.86383505	12.0216998
15.84485247	12.0073147
15.86425477	12.02201786
15.8461744	12.00831646
15.85087096	12.01187553
15.90723408	12.05458781
15.86300915	12.02107392
15.89329463	12.04402443
15.88481208	12.0375963
15.87281149	12.02850219
15.91469756	12.06024368
15.87084364	12.02701094
15.94062884	12.07989454
15.8656161	12.02304949
15.93453548	12.07527696
15.88938816	12.04106408
15.87816931	12.03256238
15.93154774	12.07301284
15.82131153	11.98947524
15.95368731	12.08979032
15.88172848	12.03525953
15.91300103	12.05895804
15.96860224	12.10109293
15.87168316	12.02764713
15.98013699	12.10983404
15.89831157	12.04782629
15.96243506	12.09641942
15.97188974	12.10358422
15.92888228	12.07099294
15.96216784	12.09621691
15.95612512	12.09163771
15.95589194	12.091461
15.96441141	12.0979171
15.96012319	12.09466747
15.96989433	12.10207209
16.00171777	12.12618806
15.9866888	12.11479903
15.99960742	12.12458883
15.97547165	12.10629861
16.02638202	12.14487877
15.99487513	12.12100268
16.00670047	12.12996398
16.00818176	12.13108651
15.97839739	12.10851576
16.02791689	12.1460419
15.99548968	12.12146839
16.02201721	12.14157109
16.02219504	12.14170585
16.00036465	12.12516266
16.08928225	12.1925449
15.9943786	12.1206264
16.06491414	12.17407861
16.0661744	12.17503365
15.9996696	12.12463595
16.1254787	12.21997476
15.99037608	12.11759327
16.08612723	12.19015401
16.0834456	12.18812185
16.03437777	12.15093799
16.11685435	12.21343919
16.03665004	12.15265993
16.12917075	12.22277262
16.09613067	12.19773467
16.1240667	12.21890474
16.11125834	12.2091985
16.10605293	12.20525381
16.12874313	12.22244857
16.05210142	12.16436906
16.14267648	12.23300734
16.09550039	12.19725704
16.07698912	12.1832291
16.14981715	12.23841858
16.08552961	12.18970113
16.16094772	12.24685338
16.08482159	12.18916459
16.12101036	12.21658863
16.12043887	12.21615555
16.11781006	12.21416343
16.13152426	12.22455613
16.10270089	12.20271362
16.14300039	12.23325279
16.11500746	12.2120396
16.15450851	12.24197371
16.12202119	12.21735465
16.16532237	12.25016852
16.15109749	12.23938882
16.1475185	12.23667664
16.17074019	12.25427417
16.16357564	12.24884483
16.16065354	12.24663045
16.21151074	12.28517031
16.13870595	12.22999845
16.22636666	12.2964282
16.18559168	12.26552871
16.17535953	12.25777473
16.18342747	12.26388865
16.17989742	12.26121357
16.20001807	12.2764611
16.17730713	12.25925063
16.22800012	12.29766605
16.18504856	12.26511713
16.24798994	12.31281444
16.19944374	12.27602587
16.22571739	12.29593619
16.26106104	12.32271979
16.20683078	12.28162381
16.20757367	12.28218677
16.22256109	12.29354433
16.24069983	12.30728996
16.19466492	12.27240446
16.2569852	12.3196311
16.19357819	12.27158093
16.24715966	12.31218526
16.22661047	12.29661297
16.20515383	12.28035301
16.30453626	12.35566555
16.19524587	12.2728447
16.28947157	12.34424945
16.26181706	12.32329271
16.22462262	12.29510656
16.3084057	12.35859784
16.22944502	12.298761
16.29858961	12.35115915
16.26763742	12.32770341
16.2798115	12.33692899
16.30355745	12.3549238
16.25961816	12.32162637
16.29178759	12.34600454
16.28124157	12.33801271
16.32977281	12.37478994
16.30448806	12.35562902
16.3050948	12.35608882
16.32326266	12.36985651
16.27492955	12.33322942
16.33738798	12.38056076
16.30866167	12.35879181
16.27803423	12.33558217
16.34133748	12.38355371
16.28977328	12.34447809
16.33644563	12.37984665
16.34401436	12.38558227
16.31011923	12.35989636
16.38935265	12.41993987
16.31137904	12.36085105
16.36652433	12.40264044
16.37995512	12.41281837
16.36248196	12.39957712
16.40371116	12.43082083
16.37573522	12.40962051
16.38788263	12.41882588
16.40645104	12.43289712
16.36614338	12.40235176
16.38936881	12.41995212
16.40279209	12.43012435
16.39448253	12.42382732
16.3788243	12.41196143
16.39783328	12.42636654
16.40634056	12.4328134
16.40180518	12.42937646
16.42411429	12.44628243
16.37031092	12.40550995
16.42504768	12.44698976
16.43552658	12.45493072
16.40566467	12.4323012
16.4698644	12.48095211
16.43056949	12.45117421
16.4399562	12.45828751
16.51019891	12.51151782
16.37952412	12.41249175
16.52485792	12.52262649
16.40109261	12.42883648
16.47942219	12.48819505
16.46022806	12.47364964
16.42165692	12.44442022
16.51733543	12.51692591
16.38912286	12.41976574
16.53240968	12.52834925
16.41173194	12.43689902
16.49046325	12.49656203
16.47832335	12.48736235
16.42631182	12.44794772
16.57871966	12.56344321
16.39981037	12.42786479
16.52853366	12.52541199
16.45963743	12.47320206
16.47593041	12.48554896
16.55460862	12.54517174
16.43237091	12.45253934
16.56025036	12.54944708
16.49164174	12.49745509
16.55481958	12.5453316
16.54372421	12.53692347
16.47202922	12.48259262
16.59013456	12.57209349
16.456326	12.47069264
16.55943608	12.54883001
16.53062711	12.52699842
16.51007173	12.51142144
16.58688193	12.56962862
16.4995494	12.50344756
16.58824169	12.57065905
16.50346392	12.506414
16.61751193	12.5928402
16.5329047	12.52872439
16.55012801	12.54177631
16.61407626	12.59023664
16.5572732	12.54719097
16.61519177	12.59108198
16.56693691	12.55451418
16.54890435	12.54084901
16.60776588	12.58545459
16.53899672	12.53334095
16.62136819	12.5957625
16.5400755	12.53415846
16.58856341	12.57090286
16.59335075	12.57453073
16.56489812	12.55296917
16.60296029	12.58181289
16.60663672	12.58459891
16.60953702	12.58679677
16.60371256	12.58238297
16.61642467	12.59201627
16.60229309	12.58130728
16.62506298	12.59856243
16.63150827	12.6034467
16.6394423	12.60945915
16.60857929	12.586071
16.7000936	12.65542104
16.60640584	12.58442395
16.6705365	12.6330225
16.64981571	12.61732018
16.66406713	12.62811998
16.65923042	12.6244547
16.65246228	12.61932577
16.69713165	12.65317645
16.63715815	12.60772821
16.6557454	12.62181373
16.64771959	12.61573173
16.66304852	12.62734807
16.64302403	12.61217341
16.66215605	12.62667176
16.71121531	12.66384913
16.62599034	12.59926519
16.70506076	12.65918518
16.65194958	12.61893724
16.68815947	12.64637729
16.70241744	12.65718206
16.65360784	12.62019388
16.73321948	12.680524
16.68798242	12.64624312
16.73292693	12.68030231
16.72212306	12.67211508
16.69902404	12.65461052
16.73789674	12.68406846
16.69998783	12.65534088
16.77252259	12.71030812
16.69459791	12.65125638
16.75909436	12.70013213
16.73759025	12.6838362
16.71132644	12.66393335
16.77824476	12.71464441
16.71976923	12.67033134
16.75686028	12.69843913
16.77823995	12.71464076
16.73062384	12.67855702
16.79389879	12.72650712
16.79610611	12.72817983
16.72907452	12.67738294
16.79398672	12.72657375
16.7379077	12.68407676
16.78359246	12.71869692
16.77891964	12.71515584
16.74733513	12.69122093
16.82147654	12.74740568
16.78058597	12.71641859
16.78090418	12.71665973
16.80736746	12.73671375
16.78290014	12.71817228
16.80868474	12.73771199
16.77358745	12.71111508
16.80621697	12.7358419
16.77413127	12.71152718
16.82972284	12.75365477
16.81112959	12.73956471
16.73842451	12.6844684
16.89309793	12.80168076
16.74776627	12.69154764
16.9007142	12.80745241
16.79612739	12.72819596
16.82009934	12.74636203
16.87251431	12.78608238
16.79875064	12.73018387
16.91555603	12.81869963
16.84231324	12.76319585
16.83193429	12.75533063
16.87468152	12.7877247
16.82781857	12.75221171
16.89098547	12.80007992
16.84566778	12.76573793
16.84714974	12.76686098
16.89179714	12.80069502
16.89136043	12.80036407
16.88776315	12.79763803
16.91687977	12.81970277
16.85773085	12.7748794
16.91930631	12.82154161
16.90437547	12.81022694
16.89592109	12.80382016
16.9026602	12.8089271
16.87351956	12.78684417
16.91843693	12.82088279
16.90585554	12.81134854
16.92940594	12.82919516
16.92519411	12.82600342
16.91819574	12.82070001
16.97606298	12.86455212
16.92819687	12.82827893
16.98858788	12.87404356
16.89128518	12.80030705
16.95983999	12.85225825
16.94159411	12.83843142
16.93872799	12.83625946
16.98191128	12.868984
16.9100748	12.81454592
17.00354806	12.88538046
16.90095265	12.80763311
16.96994229	12.85991383
16.9705122	12.86034571
16.97629607	12.86472876
16.96519641	12.85631738
16.96438705	12.85570404
16.9614382	12.85346939
17.01253228	12.89218875
16.92482919	12.82572688
17.02440924	12.90118918
16.95380534	12.84768516
16.98645703	12.87242879
16.98633367	12.87233531
16.97414984	12.86310233
17.01981568	12.89770815
16.99482637	12.87877112
16.99642535	12.87998284
17.01405993	12.89334642
16.99659419	12.88011078
17.05131024	12.9215749
16.99371194	12.8779266
17.02648399	12.90276143
16.99522884	12.87907612
17.02318622	12.90026237
17.06422643	12.93136286
17.02012246	12.89794063
17.0921625	12.95253297
17.03208037	12.9070024
17.0821976	12.94498151
17.03434065	12.90871526
17.05753045	12.92628861
17.09874177	12.95751877
17.0327249	12.90749083
17.07777001	12.94162626
17.02938425	12.90495927
17.06426097	12.93138904
17.04628626	12.9177677
17.09791657	12.95689343
17.05842785	12.92696866
17.11610207	12.9706745
17.0750137	12.93953751
17.08299654	12.94558695
17.12803775	12.97971943
17.0332134	12.90786102
17.11437065	12.96936242
17.08972942	12.95068916
17.09492719	12.95462806
17.09592386	12.95538334
17.11856451	12.97254055
17.08436676	12.94662531
17.11705203	12.97139438
17.12181752	12.9750057
17.09071159	12.95143345
17.13053064	12.98160855
17.13616041	12.98587482
17.1298183	12.98106874
17.16880547	13.01061342
17.08754841	12.94903638
17.167434	13.00957412
17.1562175	13.00107419
17.14036158	12.98905849
17.18760826	13.02486227
17.18011665	13.01918509
17.21346389	13.04445581
17.1656856	13.00824916
17.22529199	13.05341921
17.17333747	13.0140478
17.23977127	13.06439169
17.1744119	13.014862
17.21439997	13.04516518
17.20009913	13.03432792
17.18484398	13.02276749
17.2314239	13.058066
17.19948539	13.03386283
17.20871481	13.04085693
17.20988487	13.04174361
17.21927135	13.04885674
17.21610174	13.04645479
17.23363536	13.05974186
17.21524132	13.04580276
17.23780587	13.06290229
17.23073964	13.05754747
17.23093516	13.05769564
17.26588042	13.08417734
17.24095291	13.06528714
17.24902909	13.07140731
17.28599695	13.09942176
17.19928127	13.03370815
17.33385296	13.1356873
17.21271087	13.04388517
17.2923542	13.10423932
17.27415368	13.09044686
17.25148513	13.07326851
17.34381016	13.14323292
17.23442846	13.06034288
17.32756225	13.13092017
17.26214274	13.08134491
17.29034355	13.10271564
17.31000287	13.11761357
17.21929693	13.04887612
17.34318128	13.14275635
17.2403709	13.06484609
17.33496453	13.13652965
17.3021162	13.11163701
17.28093311	13.09558435
17.34989787	13.14784622
17.27762996	13.09308121
17.36134516	13.15652103
17.28511705	13.09875497
17.34110964	13.14118645
17.31111885	13.11845927
17.33717867	13.13820754
17.33820922	13.1389885
17.30798513	13.11608452
17.37252819	13.1649956
17.329403	13.1323151
17.35899633	13.15474108
17.38028246	13.17087182
17.36973032	13.16287535
17.38607639	13.1752625
17.3619228	13.15695878
17.4155608	13.19760594
17.39797164	13.18427678
17.36474728	13.15909918
17.42496373	13.20473153
17.34549227	13.14450763
17.4283791	13.20731972
17.38755214	13.17638083
17.38026433	13.17085809
17.41703957	13.19872656
17.38028078	13.17087055
17.44763188	13.22190958
17.34837443	13.14669175
17.4289078	13.20772037
17.38724027	13.17614449
17.39734837	13.18380447
17.43469407	13.21210524
17.34075039	13.14091421
17.47633843	13.24366356
17.35303484	13.15022343
17.43133446	13.20955931
17.44639403	13.22097153
17.37046466	13.16343184
17.5056974	13.26591194
17.41198107	13.1948932
17.47383079	13.24176325
17.47297626	13.24111569
17.42421077	13.20416094
17.49572023	13.25835119
17.44173569	13.21744141
17.47590936	13.2433384
17.4502053	13.22385973
17.46902163	13.23811884
17.48814569	13.25261116
17.47146005	13.2399667
17.50660903	13.26660278
17.49024891	13.25420499
17.48805461	13.25254214
17.48913573	13.25336142
17.47893159	13.24562866
17.51125373	13.27012256
17.46919279	13.23824855
17.53134802	13.28535012
17.49201184	13.25554095
17.4913608	13.25504759
17.54619977	13.29660486
17.46025089	13.23147234
17.56135463	13.3080893
17.46676927	13.23641199
17.57574745	13.31899625
17.48437053	13.24975033
17.51743697	13.27480825
17.57683901	13.31982344
17.48537886	13.25051444
17.59276119	13.33188935
17.50768778	13.26742026
17.56270257	13.30911077
17.5655859	13.31129577
17.56388965	13.31001034
17.60953394	13.34459983
17.53393864	13.28731331
17.61969214	13.35229777
17.55788425	13.30545942
17.61035049	13.34521862
17.58940595	13.32934673
17.54367567	13.29469208
17.63655014	13.36507286
17.53451734	13.28775185
17.6165158	13.34989073
17.60128042	13.33834527
17.60157827	13.33857098
17.63927011	13.36713406
17.52523049	13.28071422
17.65898783	13.38207626
17.55799321	13.30554199
17.61984302	13.35241211
17.61438116	13.34827309
17.58205623	13.32377708
17.65485827	13.37894686
17.57296219	13.31688556
17.66468292	13.38639203
17.6044156	13.34072113
17.62287671	13.35471106
17.69443845	13.40894093
17.5756714	13.31893862
17.70501809	13.41695824
17.57821244	13.32086423
17.69910713	13.41247888
17.6579176	13.38126523
17.58595057	13.32672823
17.74185528	13.44487366
17.5612964	13.30804517
17.74301174	13.44575003
17.60403211	13.34043052
17.69287075	13.40775292
17.67493029	13.39415754
17.61251475	13.34685871
17.78899373	13.48059543
17.61372318	13.34777446
17.76530479	13.46264382
17.6430787	13.37002023
17.71923758	13.42773384
17.74937808	13.45057448
17.64664403	13.37272206
17.79221575	13.48303709
17.64616126	13.37235621
17.74681993	13.44863589
17.71064749	13.42122422
17.71249457	13.42262395
17.75914772	13.45797796
17.66793084	13.38885332
17.8101989	13.49666482
17.67272806	13.39248868
17.79096179	13.48208684
17.682295	13.39973856
17.72870043	13.43490484
17.7501522	13.45116111
17.72305781	13.43062884
17.80303391	13.49123515
17.72409852	13.43141749
17.76973034	13.46599753
17.75002676	13.45106605
17.79225989	13.48307055
17.74202957	13.44500574
17.75431293	13.45431413
17.80341212	13.49152176
17.71397296	13.42374429
17.85385842	13.52975025
17.74352054	13.4461356
17.83481008	13.5153153
17.77011353	13.46628791
17.79462704	13.48486438
17.82709103	13.50946577
17.77776459	13.47208592
17.86080345	13.53501323
17.79758689	13.48710737
17.83507723	13.51551775
17.83444141	13.51503593
17.80504736	13.49276095
17.83563432	13.51593992
17.8367808	13.51680873
17.87298302	13.54424296
17.84112757	13.52010273
17.86237801	13.53620644
17.85108879	13.5276514
17.82917545	13.51104535
17.87884105	13.54868221
17.87078355	13.5425762
17.87690764	13.54721706
17.82406803	13.50717492
17.88583822	13.55398471
17.84215264	13.52087954
17.89715834	13.56256315
17.88946285	13.55673147
17.85832597	13.53313577
17.90908784	13.57160339
17.88152066	13.55071284
17.92180633	13.58124154
17.86036827	13.53468344
17.97816364	13.62394941
17.86038878	13.53469899
17.97578808	13.6221492
17.87915151	13.54891748
17.92243401	13.58171719
17.93457132	13.59091492
17.86864314	13.54095418
18.00697117	13.64577991
17.84205596	13.52080627
17.97471075	13.62133279
17.92631098	13.58465518
17.92881248	13.58655083
17.95821854	13.60883491
17.91625602	13.57703548
17.96175571	13.61151539
17.91587574	13.57674731
17.97884305	13.62446427
17.91071995	13.57284022
17.99351044	13.6355793
17.91007349	13.57235032
17.97404881	13.62083117
17.97395087	13.62075695
17.92823869	13.58611601
18.01899713	13.65489325
17.96053337	13.6105891
18.02653636	13.66060651
17.98206313	13.62690447
17.98934497	13.63242268
18.01838982	13.65443302
17.99693761	13.63817642
18.00471041	13.64406669
18.00691741	13.64573917
18.05144993	13.67948615
17.99284764	13.63507702
18.00375683	13.64334407
18.01267797	13.65010456
18.0324869	13.66511587
18.04005876	13.67085386
18.02542516	13.65976445
18.05972724	13.68575875
18.05908729	13.68527379
18.04023493	13.67098737
18.06202481	13.68749986
18.03351897	13.66589798
18.04147466	13.67192684
18.02232668	13.6574164
18.03085816	13.6638816
18.05631825	13.6831754
18.01134342	13.64909322
18.06795091	13.69199069
18.04271301	13.67286527
18.05010287	13.67846535
18.06383034	13.6888681
18.07355946	13.69624088
18.0558885	13.68284973
18.08733251	13.70667817
18.09845165	13.71510432
18.05540409	13.68248264
18.12641201	13.73629282
18.06752252	13.69166605
18.12601039	13.73598847
18.10360908	13.71901264
18.09287841	13.71088088
18.17005126	13.76936288
18.07245382	13.69540302
18.16193004	13.76320858
18.11505122	13.72768356
18.11224044	13.72555353
18.13924274	13.74601602
18.12826147	13.73769435
18.13182042	13.74039134
18.13300424	13.74128845
18.13360607	13.74174452
18.15907072	13.76104177
18.12663467	13.73646155
18.12515954	13.73534369
18.16772814	13.76760241
18.1641933	13.76492369
18.12040564	13.73174117
18.17282083	13.77146168
18.15176445	13.75550504
18.18673397	13.78200513
18.17129141	13.77030267
18.17072734	13.76987522
18.15608687	13.75878059
18.22565141	13.81149698
18.16953303	13.76897016
18.23943696	13.82194374
18.21720474	13.80509604
18.18332937	13.77942511
18.2476308	13.82815308
18.18588247	13.78135986
18.24429045	13.82562174
18.19694351	13.78974197
18.20083887	13.7926939
18.24395666	13.8253688
18.18924881	13.78391089
18.2600598	13.83757184
18.21877897	13.80628901
18.21785741	13.80559064
18.23493263	13.81853033
18.19235382	13.78626388
18.25767637	13.83576566
18.22104506	13.80800626
18.26260888	13.83950355
18.23145071	13.81589171
18.24235459	13.82415474
18.22503539	13.81103016
18.24553216	13.82656271
18.24993969	13.82990277
18.21918476	13.80659651
18.2615144	13.83867414
18.24588652	13.82683125
18.24880474	13.8290427
18.26990381	13.84503169
18.23949212	13.82198554
18.26760448	13.84328924
18.25341239	13.8325344
18.28568258	13.85698892
18.27610873	13.84973381
18.27816085	13.85128891
18.28832743	13.8589932
18.30852643	13.87430011
18.28003913	13.85271228
18.31591964	13.87990273
18.32033354	13.88324761
18.28420856	13.8558719
18.30677542	13.87297319
18.30207748	13.86941306
18.32913568	13.88991791
18.32251837	13.88490328
18.31285726	13.87758204
18.34996286	13.90570086
18.3105257	13.87581517
18.35517106	13.90964767
18.34017727	13.89828529
18.33519656	13.89451088
18.370926	13.92158685
18.30809032	13.87396963
18.36109398	13.91413609
18.34403715	13.90121033
18.36697911	13.91859587
18.3419561	13.8996333
18.35405448	13.90880152
18.35483454	13.90939265
18.3865708	13.93344256
18.34374924	13.90099215
18.37394862	13.9238774
18.37975605	13.9282783
18.36672648	13.91840443
18.41869155	13.95778384
18.34295938	13.90039359
18.3989868	13.94285147
18.41512784	13.95508324
18.34438236	13.90147193
18.44271594	13.97598965
18.32953332	13.89021925
18.46763132	13.99487065
18.38122099	13.92938845
18.45424376	13.98472549
18.41813153	13.95735945
18.42340466	13.96135546
18.44785447	13.97988365
18.37860942	13.92740938
18.48230429	14.00598991
18.35953102	13.91295167
18.51865224	14.03353458
18.37575259	13.92524446
18.47536156	14.00072867
18.46141215	13.99015774
18.38487269	13.93215572
18.52655024	14.03951973
18.34164398	13.89939677
18.50233987	14.02117298
18.42047758	13.9591373
18.42943509	13.96592535
18.51623168	14.03170027
18.418906	13.95794635
18.50712119	14.0247963
18.46717449	13.99452447
18.48193127	14.00570724
18.47403378	13.99972248
18.47647081	14.00156927
18.50547467	14.02354855
18.46622817	13.99380734
18.5359164	14.04661746
18.45612888	13.98615404
18.51726587	14.03248398
18.51588822	14.03143999
18.49689552	14.01704723
18.57646428	14.07734487
18.48224402	14.00594424
18.56830816	14.07116411
18.52925862	14.04157216
18.51986483	14.03445349
18.55542136	14.06139842
18.53921342	14.04911596
18.53791669	14.04813329
18.49757194	14.01755982
18.58103101	14.08080556
18.51542932	14.03109224
18.58308956	14.08236554
18.51107502	14.02779253
18.60045132	14.09552237
18.5513777	14.05833412
18.5615195	14.06601963
18.5701479	14.07255828
18.56603101	14.06943848
18.58544163	14.08414795
18.56690051	14.07009738
18.61012743	14.10285498
18.5682207	14.07109783
18.57642721	14.07731677
18.62905435	14.1171979
18.55379358	14.06016489
18.64937254	14.13259513
18.58913264	14.08694501
18.65128873	14.13404723
18.64993385	14.1330205
18.62089192	14.11101237
18.65944378	14.14022718
18.56777597	14.07076081
18.64028407	14.12570784
18.59457507	14.09106932
18.64178785	14.12684742
18.620188	14.11047893
18.62630725	14.11511613
18.66142764	14.14173055
18.6051822	14.09910745
18.69296372	14.16562877
18.61176813	14.10409831
18.6473081	14.13103069
18.63824338	14.1241614
18.63806255	14.12402436
18.68615914	14.16047222
18.62203317	14.11187721
18.71186159	14.17994967
18.63934933	14.1249995
18.67832372	14.15453449
18.64002795	14.12551376
18.68935931	14.16289733
18.65373924	14.13590424
18.69386116	14.16630885
18.68997356	14.16336281
18.6872606	14.16130691
18.71355658	14.18123415
18.66228974	14.14238386
18.71767829	14.1843576
18.66420361	14.1438342
18.7027023	14.17300871
18.70289278	14.17315306
18.70809227	14.17709326
18.71543027	14.18265404
18.72202328	14.18765026
18.69276095	14.16547511
18.70433439	14.17424552
18.70903577	14.17780825
18.71963484	14.18584029
18.70744268	14.176601
18.73187226	14.19511387
18.71955549	14.18578015
18.72904897	14.19297437
18.73922316	14.20068442
18.74738792	14.20687172
18.77148311	14.22513118
18.74335083	14.20381239
18.77933547	14.23108174
18.7468174	14.20643937
18.75072838	14.20940313
18.80484536	14.25041328
18.7343233	14.19697128
18.8090218	14.2535782
18.76160345	14.21764432
18.81278863	14.25643273
18.82202423	14.26343151
18.74614781	14.20593195
18.88729981	14.31289771
18.7420765	14.2028467
18.83019665	14.26962462
18.80317371	14.24914649
18.8483417	14.28337504
18.79613047	14.24380908
18.83882514	14.27616334
18.8356473	14.27375515
18.79289553	14.24135763
18.86001892	14.2922241
18.77008166	14.22406916
18.83939613	14.27659604
18.79983069	14.24661313
18.84650629	14.28198415
18.85487807	14.28832833
18.81455445	14.25777088
18.86744293	14.29785005
18.79882961	14.24585451
18.89583647	14.31936683
18.81820486	14.26053718
18.87874169	14.30641231
18.84297766	14.27931014
18.8558385	14.28905616
18.89754594	14.32066227
18.8542104	14.28782237
18.92118418	14.33857546
18.82688925	14.26711826
18.93453974	14.34869638
18.87214028	14.30140973
18.90361618	14.32526234
18.88890512	14.31411422
18.86724502	14.29770008
18.93802453	14.35133717
18.82502438	14.26570505
18.95244595	14.3622658
18.86999725	14.29978573
18.94405447	14.3559067
18.88487808	14.3110625
18.91287289	14.33227712
18.95095796	14.36113819
18.87848362	14.30621675
19.00314477	14.40068564
18.91886277	14.33681629
18.95704422	14.36575039
18.94415751	14.35598477
18.95419291	14.36358966
18.95867188	14.36698385
18.95113326	14.36127104
18.96861074	14.37451556
18.95220289	14.36208161
19.00221689	14.39998249
18.95058377	14.36085463
18.99691062	14.39596137
19.00821466	14.40452763
18.93794063	14.35127359
19.01543596	14.40999997
18.9660829	14.37259995
18.99209519	14.39231221
18.99446982	14.39411172
18.99999272	14.398297
18.992664	14.39274326
19.01123056	14.40681309
19.02310227	14.41580954
18.98811884	14.38929891
19.04150981	14.42975887
18.98159036	14.38435159
18.99343041	14.39332404
19.07373251	14.45417741
18.96362713	14.37073896
19.11861916	14.48819276
18.97049103	14.37594046
19.07417127	14.45450991
19.03790079	14.42702394
19.01377386	14.40874042
19.07977563	14.45875692
18.9817949	14.38450659
19.1107767	14.48224969
18.98546562	14.38728829
19.07363228	14.45410145
19.04171446	14.42991396
19.04070075	14.42914576
19.08776391	14.46481048
19.01485431	14.40955919
19.11616755	14.48633491
19.01955803	14.4131237
19.11202042	14.48319219
19.05535118	14.44024794
19.08068989	14.45944975
19.09634535	14.47131354
19.07863704	14.45789409
19.12010515	14.48931884
19.06427677	14.4470118
19.12848029	14.49566558
19.06879907	14.45043882
19.11008703	14.48172706
19.11527371	14.48565755
19.08128896	14.45990373
19.11358946	14.48438122
19.13397591	14.49983019
19.13460786	14.50030908
19.15159871	14.51318484
19.13792002	14.50281905
19.12242114	14.49107391
19.15548277	14.51612819
19.15069534	14.51250026
19.15770606	14.51781302
19.14556006	14.50860871
19.12730132	14.49477215
19.18245357	14.53656681
19.13028685	14.49703459
19.17585968	14.53156993
19.14220963	14.50606974
19.17080421	14.52773887
19.11820115	14.48787598
19.20885782	14.5565761
19.13755203	14.50254018
19.19419996	14.54546829
19.17250367	14.52902673
19.15286027	14.51414086
19.22254091	14.56694522
19.16908022	14.52643242
19.21262578	14.55943148
19.16709299	14.52492649
19.2192634	14.56446151
19.22028135	14.56523291
19.21009181	14.55751123
19.25614623	14.59241151
19.20658812	14.55485611
19.29442719	14.62142103
19.19700844	14.54759658
19.26647507	14.60023876
19.24061667	14.58064313
19.21947331	14.56462057
19.2397689	14.58000068
19.24227384	14.58189894
19.22401933	14.56806558
19.24471365	14.58374784
19.22742899	14.57064943
19.29216333	14.61970546
19.22988291	14.57250903
19.25685391	14.59294779
19.23309169	14.57494066
19.24499183	14.58395865
19.24890169	14.58692156
19.26560117	14.59957651
19.28951296	14.617697
19.25887818	14.5944818
19.2755244	14.60709639
19.28509782	14.61435118
19.26293821	14.59755851
19.31546385	14.63736272
19.27133226	14.60391956
19.32545848	14.64493671
19.28361249	14.61322559
19.29774115	14.62393236
19.33013568	14.64848112
19.27346242	14.60553381
19.35695034	14.66880141
19.29514281	14.62196333
19.33974176	14.65576065
19.30707399	14.63100484
19.35809109	14.66966588
19.30980283	14.63307278
19.3560397	14.66811132
19.3537121	14.66634745
19.34530683	14.6599779
19.36501651	14.674914
19.34390122	14.65891272
19.36254565	14.67304157
19.38724736	14.69176065
19.34584094	14.66038265
19.38857511	14.69276683
19.37020663	14.6788471
19.38802208	14.69234774
19.40842441	14.70780874
19.36996443	14.67866355
19.41575675	14.71336522
19.35720525	14.66899458
19.41046132	14.70935232
19.3811315	14.68712602
19.43463102	14.72766824
19.39629823	14.69861945
19.40711276	14.70681476
19.43041196	14.72447102
19.38757542	14.69200926
19.45547538	14.74346422
19.38334182	14.68880102
19.44972311	14.73910511
19.42651043	14.72151442
19.41681601	14.71416793
19.45052356	14.7397117
19.41414691	14.71214528
19.4958721	14.77407707
19.40178939	14.70278068
19.48408152	14.7651421
19.42754434	14.72229792
19.46612898	14.75153757
19.4590905	14.74620377
19.43798324	14.73020857
19.44408559	14.73483297
19.46921861	14.75387891
19.45658861	14.74430783
19.47172221	14.75577615
19.46477559	14.75051196
19.44215048	14.73336654
19.50830874	14.78350162
19.46571585	14.7512245
19.48361129	14.76478576
19.5143772	14.78810033
19.46645782	14.75178677
19.51662767	14.78980575
19.45418354	14.74248525
19.54043624	14.80784802
19.45964109	14.74662101
19.51890871	14.79153433
19.47790042	14.76045804
19.45870319	14.74591027
19.54976855	14.81492009
19.47766355	14.76027853
19.53351539	14.80260336
19.46231259	14.74864549
19.55541037	14.81919549
19.52633108	14.79715905
19.51732953	14.79033763
19.57083364	14.83088333
19.48283594	14.7641982
19.58827584	14.84410112
19.54243642	14.80936376
19.57298982	14.83251729
19.57113956	14.83111516
19.53309911	14.8022879
19.57832193	14.836558
19.53532194	14.80397237
19.56889183	14.82941181
19.58809718	14.84396573
19.55830698	14.82139056
19.62211416	14.86974398
19.53849992	14.80638066
19.60680448	14.85814223
19.59961994	14.85269774
19.5896766	14.84516262
19.61669842	14.8656399
19.57776883	14.83613885
19.61808402	14.86668992
19.58360851	14.84056419
19.62297234	14.87039431
19.59590862	14.84988529
19.64214697	14.88492495
19.60567135	14.85728353
19.62953457	14.87536721
19.63986466	14.88319541
19.63511688	14.87959751
19.65284104	14.89302898
19.61208505	14.86214387
19.65745182	14.89652305
19.6151139	14.86443915
19.64795558	14.88932675
19.64452494	14.88672699
19.60719551	14.85843855
19.64774938	14.88917049
19.62302535	14.87043449
19.69064785	14.92167918
19.61550636	14.86473656
19.70662528	14.93378696
19.63233526	14.87748959
19.69210685	14.92278482
19.66023745	14.89863402
19.66887595	14.90518032
19.69334906	14.92372618
19.65545738	14.89501166
19.70167168	14.9300331
19.67506968	14.90987396
19.67288183	14.908216
19.70414588	14.93190806
19.69117293	14.92207709
19.70862962	14.93530587
19.72165969	14.94518012
19.71779361	14.94225039
19.73771729	14.95734866
19.70949001	14.93595787
19.74637428	14.96390897
19.71295011	14.93857995
19.72790673	14.94991417
19.72874266	14.95054763
19.77450256	14.98522474
19.70865492	14.93532504
19.78374665	14.99222995
19.73557636	14.95572625
19.74533982	14.96312506
19.77795371	14.98784004
19.69375059	14.92403046
19.80338311	15.00711057
19.72370568	14.94673059
19.78568106	14.99369586
19.74457691	14.96254691
19.78987924	14.99687727
19.77287104	14.98398836
19.79590555	15.00144403
19.7705734	14.98224719
19.77617437	14.98649164
19.79243899	14.99881706
19.76771344	14.9800799
19.85321556	15.04487387
19.76103285	14.97501732
19.85831773	15.04874032
19.79950625	15.00417266
19.81533916	15.01617093
19.81703971	15.01745961
19.82822068	15.02593262
19.82246785	15.02157309
19.82893279	15.02647226
19.87612887	15.0622377
19.77057028	14.98224484
19.9081559	15.08650795
19.77504345	14.98563462
19.88184667	15.06657068
19.81367115	15.0149069
19.852705	15.04448696
19.87360362	15.06032405
19.80689693	15.00977336
19.88202486	15.06670571
19.8052224	15.00850439
19.90128652	15.0813023
19.80046303	15.00489772
19.88530335	15.06919017
19.84047567	15.03521951
19.8270859	15.02507268
19.85312602	15.04480602
19.84871742	15.04146515
19.86673698	15.05512047
19.84074031	15.03542006
19.92163968	15.09672604
19.86994832	15.05755405
19.88551553	15.06935096
19.91625365	15.09264448
19.84415695	15.03800921
19.96062927	15.12627256
19.85327564	15.0449194
19.97342413	15.13596857
19.88533296	15.06921261
19.89125203	15.07369811
19.96917921	15.13275175
19.87716586	15.06302354
19.97692967	15.13862509
19.88654194	15.07012878
19.96220923	15.12746986
19.9054223	15.08443642
19.98615294	15.14561453
19.91628628	15.09266921
19.95225093	15.11992341
19.97753056	15.13908045
19.91362175	15.09065001
20.02575723	15.17562688
19.89404242	15.07581269
20.01724008	15.16917254
19.96217764	15.12744592
19.94425547	15.1138644
20.03252271	15.1807538
19.93494894	15.10681187
20.02689542	15.17648941
19.97573007	15.13771603
20.00514699	15.16000833
20.00152445	15.15726315
19.99238829	15.15033972
20.01961978	15.17097589
19.96971203	15.13315552
20.03335571	15.18138505
19.94907937	15.11751999
20.07851001	15.21560322
19.97573746	15.13772163
20.0134	15.1662625
20.02639014	15.1761065
20.01832192	15.16999236
20.03386527	15.1817712
20.00895087	15.16289093
20.03807787	15.18496353
19.99402943	15.15158338
20.03445631	15.18221909
20.02130771	15.17225501
20.03069865	15.17937151
20.01111772	15.16453298
20.08672811	15.22183094
20.05051548	15.19438881
20.03699352	15.1841418
20.06053188	15.20197929
20.03197414	15.18033809
20.05279789	15.19611844
20.05294161	15.19622735
20.08694211	15.22199311
20.03545554	15.18297631
20.09463779	15.22782494
20.04188439	15.18784813
20.10245412	15.2337482
20.07570961	15.21348106
20.10381809	15.23478182
20.05680439	15.19915459
20.11518904	15.24339879
20.10038742	15.23218204
20.10977443	15.23929557
20.08589212	15.22119743
20.15292184	15.2719929
20.12108839	15.24786934
20.10888592	15.23862225
20.14585904	15.26664068
20.11918575	15.24642752
20.15541554	15.27388264
20.13962369	15.26191549
20.14153971	15.26336747
20.11781351	15.24538763
20.18792792	15.29852071
20.13551334	15.25880065
20.17123147	15.28586804
20.17269083	15.28697396
20.14256177	15.26414199
20.176525	15.28987951
20.18436728	15.29582243
20.13277445	15.2567251
20.22122788	15.32375559
20.15769413	15.27560937
20.201192	15.30857229
20.16650682	15.28228768
20.14809073	15.26833186
20.2118192	15.31662565
20.18032968	15.29276271
20.20623079	15.31239072
20.14525835	15.26618548
20.22695503	15.32809566
20.19229551	15.30183049
20.19578033	15.3044713
20.21706287	15.32059933
20.17663942	15.28996622
20.23843947	15.33679863
20.18351993	15.2951803
20.22031353	15.32306269
20.22619556	15.32752013
20.24388011	15.34092157
20.23715696	15.33582674
20.23941078	15.3375347
20.22600632	15.32737672
20.23330248	15.33290579
20.24659743	15.34298077
20.22393363	15.32580602
20.25754122	15.35127404
20.2279202	15.32882707
20.23950036	15.33760258
20.24141767	15.33905553
20.25588507	15.350019
20.23699367	15.33570299
20.25399507	15.34858674
20.25840998	15.35193239
20.22607737	15.32743056
20.28107314	15.36910666
20.27271028	15.36276923
20.26821106	15.3593597
20.2610573	15.35393854
20.28590318	15.37276688
20.27508586	15.36456946
20.30693088	15.38870179
20.2728395	15.36286716
20.33290842	15.40838771
20.26757032	15.35887414
20.34352786	15.41643518
20.29992449	15.38339231
20.31538362	15.39510732
20.33718655	15.4116297
20.30462896	15.38695738
20.34064176	15.41424807
20.27227313	15.36243796
20.33610653	15.41081126
20.28833126	15.37460689
20.31215969	15.39266421
20.36797545	15.43496169
20.3009462	15.38416656
20.36505008	15.43274483
20.30051984	15.38384347
20.38993336	15.45160151
20.30664275	15.38848344
20.40318408	15.46164298
20.32633187	15.40340396
20.3780451	15.44259253
20.35783883	15.42728011
20.35636897	15.42616624
20.39306488	15.4539746
20.34525198	15.41774173
20.39999781	15.45922841
20.37222288	15.43818042
20.41774019	15.47267368
20.37737468	15.44208448
20.40652586	15.4641754
20.41723707	15.47229242
20.36126333	15.42987521
20.43440792	15.48530458
20.36954071	15.43614786
20.44117631	15.4904337
20.36738836	15.43451679
20.423157	15.47677857
20.36789967	15.43490427
20.4410077	15.49030593
20.41400223	15.46984104
20.42511818	15.47826476
20.42257475	15.47633734
20.39198404	15.45315553
20.45393331	15.50010103
20.38766714	15.44988416
20.47823091	15.51851387
20.40642617	15.46409985
20.48070572	15.5203893
20.4433909	15.49211193
20.49065278	15.52792723
20.44600869	15.49409571
20.48224221	15.52155366
20.47851662	15.51873038
20.49079441	15.52803457
20.48263677	15.52185266
20.49874451	15.53405919
20.51135102	15.54361247
20.53720214	15.56320259
20.47626812	15.51702646
20.5385042	15.5641893
20.51537249	15.54665996
20.49688421	15.53264945
20.5539139	15.57586685
20.51329787	15.54508781
20.54941297	15.57245602
20.48315895	15.52224837
20.53183482	15.55913521
20.51074184	15.54315083
20.5228885	15.55235564
20.51474921	15.54618764
20.49822101	15.53366248
20.56317348	15.58288381
20.51818956	15.54879475
20.54483663	15.56898805
20.53983149	15.56519513
20.5511415	15.57376592
20.56491755	15.58420548
20.53245696	15.55960667
20.57924653	15.59506406
20.55211749	15.57450553
20.58257733	15.59758816
20.52669477	15.55524005
20.57764751	15.59385231
20.55781654	15.57882429
20.57244548	15.58991018
20.58385073	15.59855314
20.57367734	15.59084369
20.60720958	15.61625461
20.56096973	15.5812138
20.61293966	15.62059689
20.56536189	15.5845422
20.59948356	15.61039979
20.54903854	15.57217228
20.61602239	15.622933
20.55673915	15.57800784
20.63720818	15.63898771
20.58456827	15.5990969
20.60411746	15.61391138
20.60839574	15.61715349
20.59396948	15.60622119
20.62429377	15.6292011
20.59101325	15.60398094
20.63928655	15.64056271
20.6653196	15.6602907
20.6143699	15.62168073
20.60675287	15.61590851
20.66322652	15.65870455
20.63042931	15.63385064
20.65588732	15.65314286
20.65216032	15.65031852
20.64788496	15.64707863
20.6974904	15.6846699
20.63129831	15.63450917
20.68392392	15.67438915
20.6545483	15.65212815
20.67468299	15.66738633
20.69861255	15.68552027
20.68976078	15.67881235
20.68877843	15.67806792
20.68932123	15.67847926
20.68924611	15.67842233
20.70382591	15.68947099
20.71433509	15.6974349
20.71194338	15.69562245
20.75346107	15.72708478
20.70486846	15.69026103
20.74456504	15.72034332
20.68595933	15.67593159
20.78092473	15.74789689
20.68781454	15.67733748
20.73854932	15.71578457
20.75036127	15.72473573
20.73462779	15.71281281
20.71423906	15.69736212
20.7595985	15.73173575
20.73293456	15.71152968
20.74005787	15.71692776
20.75734236	15.73002603
20.72707028	15.70708569
20.77923028	15.74661282
20.74270438	15.7189333
20.77748571	15.74529078
20.74994481	15.72442013
20.79702573	15.76009831
20.71259868	15.69611903
20.8265	15.78243407
20.71761735	15.69992221
20.81391339	15.77289587
20.76377997	15.73490449
20.79627304	15.75952792
20.82693069	15.78276045
20.72637638	15.70655985
20.8233313	15.78003281
20.76627956	15.7367987
20.81030823	15.77016386
20.77437237	15.74293148
20.82187123	15.77892636
20.78633187	15.75199445
20.8148486	15.77360458
20.83245534	15.78694706
20.80240834	15.76417728
20.84193887	15.79413373
20.79133778	15.75578795
20.85127749	15.80121059
20.82853074	15.78397297
20.84313578	15.79504076
20.83323097	15.78753484
20.86151672	15.80896993
20.82387473	15.78044463
20.85398961	15.80326585
20.86711397	15.81321155
20.83826702	15.79135118
20.88732107	15.8285246
20.83739005	15.79068661
20.91581143	15.85011475
20.85494236	15.80398784
20.93154206	15.86203551
20.86803981	15.81391316
20.90100883	15.83889726
20.89046312	15.83090567
20.89054187	15.83096535
20.92196403	15.85477723
20.88876662	15.82962005
20.94355436	15.87113849
20.8760422	15.81997742
20.92275115	15.85537371
20.89506344	15.83439182
20.93913859	15.8677922
20.90725418	15.84363003
20.91754039	15.85142497
20.93248069	15.86274681
20.94110347	15.8692812
20.92345997	15.85591086
20.92295671	15.85552949
20.9638855	15.88654554
20.93972813	15.86823896
20.93027812	15.86107769
20.96555769	15.88781274
20.96113122	15.88445834
20.94750905	15.87413538
20.94828022	15.87471978
20.96533302	15.88764248
20.95087687	15.87668754
21.00497078	15.91768019
20.9621225	15.88520953
20.99637716	15.9111679
20.96102207	15.88437562
20.99066624	15.90684014
20.98206857	15.90032477
20.97787058	15.89714351
20.99650922	15.91126797
20.97492551	15.89491173
20.99055653	15.90675699
20.99329854	15.9088349
21.00517198	15.91783266
20.97944832	15.89833913
20.99341978	15.90892678
21.01452881	15.92492332
20.98927371	15.90578487
20.99902165	15.91317191
21.01290459	15.92369248
20.99038561	15.90662747
21.04368279	15.94701636
20.98508584	15.90261127
21.03477757	15.94026794
21.00614591	15.91857071
21.03298955	15.93891296
21.0535269	15.95447628
21.02063232	15.92954859
21.06101876	15.96015365
21.02651589	15.93400719
21.04572769	15.94856599
21.07965786	15.97427846
21.08537709	15.97861253
21.04029241	15.94444711
21.09499686	15.98590244
21.05123941	15.95274281
21.05970311	15.95915665
21.07951366	15.97416919
21.04030123	15.9444538
21.10177735	15.99104073
21.09504965	15.98594244
21.06177747	15.96072861
21.10780808	15.99561086
21.08381047	15.97742534
21.102985	15.9919559
21.12230098	16.00659365
21.08336506	15.9770878
21.12583155	16.00926913
21.12623173	16.0095724
21.12134519	16.00586934
21.12197173	16.00634414
21.11711373	16.00266273
21.11348713	15.99991447
21.15513023	16.03147183
21.08786814	15.98050026
21.14619908	16.02470376
21.13646617	16.0173281
21.09645631	15.98700842
21.18268283	16.05235134
21.09747422	15.98777979
21.1570415	16.0329202
21.13870796	16.01902695
21.18163013	16.0515536
21.1797	16.05009094
21.17677941	16.0478777
21.1348018	16.01606684
21.14677973	16.02514378
21.17256941	16.04468734
21.11657184	16.00225208
21.21118372	16.07394947
21.13213268	16.01404416
21.19594036	16.06239797
21.18417073	16.05347888
21.16762972	16.04094401
21.17682302	16.04791075
21.19608825	16.06251004
21.23005931	16.08825349
21.16071962	16.0357075
21.24135251	16.09681154
21.20040963	16.0657848
21.22428874	16.08388052
21.20643295	16.07034931
21.21782353	16.07898116
21.23930113	16.09525699
21.23696147	16.09348399
21.25960106	16.11064039
21.24987896	16.10327293
21.29991307	16.14118905
21.23315068	16.09059615
21.28596058	16.13061578
21.26323635	16.11339523
21.25041336	16.10367791
21.28791103	16.13209384
21.25220722	16.1050373
21.30556829	16.1454746
21.23381948	16.09110297
21.3369033	16.16922044
21.23136385	16.08924208
21.33192206	16.16544563
21.23731824	16.09375435
21.34560876	16.17581749
21.27706215	16.1238725
21.31459697	16.15231659
21.33944942	16.17114991
21.23882114	16.09489326
21.36137233	16.18776321
21.22932116	16.08769412
21.35429785	16.18240213
21.26621203	16.11565022
21.36176975	16.18806437
21.26858093	16.11744539
21.3305092	16.16437496
21.28718241	16.13154168
21.3408824	16.17223583
21.33636352	16.1688114
21.33494065	16.16773314
21.36676152	16.19184717
21.31491496	16.15255757
21.36612289	16.19136321
21.32097464	16.15714962
21.37900085	16.2011222
21.29600037	16.13822399
21.38268157	16.20391146
21.32319091	16.15882912
21.40461876	16.22053558
21.3273521	16.1619825
21.3782081	16.20052145
21.38587555	16.20633188
21.32370526	16.1592189
21.43911467	16.24667677
21.29266247	16.13569451
21.43262868	16.24176165
21.33978332	16.17140294
21.39288138	16.21164094
21.41336461	16.22716324
21.33532223	16.1680223
21.44586174	16.25178974
21.31417691	16.15199826
21.46187157	16.26392207
21.31395581	16.15183072
21.48966138	16.28498134
21.33899446	16.17080514
21.45955088	16.26216344
21.3886266	16.20841664
21.41895143	16.23139696
21.43828715	16.24604968
21.37216729	16.19594369
21.49738335	16.29083309
21.35655928	16.18411585
21.5046692	16.29635435
21.37922898	16.20129507
21.49321183	16.2876719
21.41406172	16.22769151
21.50573496	16.29716199
21.4244332	16.23555108
21.4853692	16.2817287
21.48604803	16.28224313
21.42763288	16.23797581
21.51935903	16.30748639
21.40735095	16.22260605
21.50948909	16.30000689
21.43308654	16.24210863
21.52613033	16.31261771
21.41465158	16.22813851
21.52097463	16.30871069
21.47208372	16.2716609
21.4936447	16.28799992
21.53540166	16.31964357
21.42695723	16.2374638
21.55305176	16.33301892
21.42452071	16.23561739
21.5579167	16.33670559
21.44496837	16.25111274
21.57367285	16.34864569
21.47434762	16.27337649
21.52662407	16.31299187
21.52489572	16.31168211
21.49737296	16.29082522
21.57369846	16.34866509
21.49889328	16.29197733
21.57407847	16.34895307
21.49092898	16.28594194
21.58791565	16.35943896
21.50763967	16.29860539
21.58769246	16.35926983
21.49637922	16.29007216
21.55012202	16.33079875
21.55602877	16.33527491
21.51873672	16.30701479
21.61575712	16.38053737
21.49885104	16.29194531
21.58263409	16.35543656
21.56139062	16.33933814
21.54016827	16.32325574
21.58683315	16.35861863
21.56054581	16.33869795
21.57157696	16.34705741
21.5888471	16.36014481
21.58539751	16.3575307
21.56665838	16.34333009
21.64436547	16.40221693
21.56572174	16.34262029
21.66336547	16.41661524
21.59300037	16.36329219
21.63256827	16.39327696
21.62284642	16.38590968
21.62790426	16.38974254
21.61903108	16.3830184
21.65855805	16.41297215
21.63408932	16.39442961
21.58641741	16.35830358
21.67243612	16.42348903
21.60103344	16.36937969
21.66017754	16.41419941
21.61641975	16.38103952
21.63302365	16.39362204
21.68097673	16.42996115
21.61937271	16.38327729
21.67757911	16.42738641
21.64520929	16.40285639
21.64412874	16.40203754
21.66901809	16.42089882
21.66783855	16.42000497
21.65589268	16.41095232
21.66756265	16.41979588
21.64928641	16.40594605
21.68724621	16.43471219
21.69041151	16.43711088
21.66716825	16.41949701
21.72827265	16.46580225
21.65727997	16.41200361
21.70639516	16.44922337
21.67331356	16.42415396
21.72060773	16.45999373
21.68134153	16.4302376
21.67970074	16.4289942
21.70362367	16.44712312
21.67950059	16.42884252
21.74113715	16.47555104
21.68213427	16.43083834
21.73501882	16.47091453
21.69924465	16.44380467
21.73732458	16.47266186
21.68698275	16.43451254
21.73312146	16.46947671
21.71391773	16.45492402
21.72501561	16.46333405
21.72434857	16.46282857
21.72281952	16.46166984
21.74397635	16.4777026
21.7212112	16.46045105
21.74889645	16.48143108
21.7596942	16.48961367
21.76638487	16.4946839
21.73961267	16.47439578
21.76400486	16.49288031
21.75579498	16.48665882
21.76350736	16.49250331
21.76971862	16.49721023
21.73125029	16.46805872
21.78130933	16.50599373
21.77977312	16.50482958
21.77629931	16.50219711
21.75974942	16.48965552
21.80889052	16.52689491
21.76384777	16.49276127
21.83086509	16.54354735
21.80574994	16.52451496
21.81318674	16.53015061
21.82139735	16.53637265
21.78898894	16.51181338
21.84799282	16.55652684
21.8266522	16.54035481
21.83690643	16.54812552
21.8201309	16.53541293
21.83171843	16.54419402
21.82625763	16.54005579
21.85453898	16.56148756
21.8309996	16.54364929
21.80733876	16.52571898
21.90996024	16.60348608
21.78257699	16.50695437
21.90193942	16.59740787
21.82905144	16.54217296
21.90570821	16.60026388
21.83985969	16.55036351
21.89339556	16.59093328
21.8402954	16.55069369
21.8702138	16.57336602
21.8574287	16.5636774
21.81046388	16.52808721
21.90208646	16.59751929
21.81056943	16.52816719
21.92214478	16.6127196
21.81330088	16.53023711
21.92588643	16.61555504
21.82518521	16.53924311
21.93369789	16.62147461
21.85702632	16.56337248
21.9415505	16.62742535
21.88000477	16.58078567
21.91677825	16.60865281
21.92278216	16.61320261
21.88679615	16.58593221
21.93171033	16.61996842
21.8982097	16.59458146
21.98039902	16.65686498
21.8948446	16.59203137
21.97553206	16.65317677
21.91966569	16.61084093
21.99081822	16.6647607
21.93392884	16.62164962
21.9742921	16.65223711
21.95866839	16.64039739
21.95181358	16.63520277
21.95211599	16.63543194
21.98158478	16.65776355
21.96770455	16.64724504
21.95648978	16.63874642
21.98273657	16.65863638
21.94776092	16.63213164
22.03476326	16.69806249
21.95017613	16.6339619
22.07118064	16.72565978
21.97136736	16.65002074
22.02740656	16.69248754
22.00320645	16.67414857
21.99337004	16.66669448
22.00787645	16.67768752
22.02119933	16.68778367
22.02839407	16.69323588
21.98524308	16.66053583
22.05703563	16.71494061
21.98456363	16.66002093
22.04810894	16.70817592
22.00781664	16.67764219
22.06408116	16.72027975
22.0146751	16.68283957
22.06140591	16.71825244
22.01610797	16.68392541
22.08967755	16.73967683
22.04461109	16.70552523
22.07587575	16.72921775
22.06005329	16.71722741
22.02685893	16.69207254
22.07448118	16.72816094
22.03900124	16.70127406
22.08465711	16.73587232
22.07219189	16.72642611
22.11052363	16.75547411
22.06132228	16.71818906
22.10954218	16.75473035
22.09238317	16.74172717
22.09789413	16.7459034
22.11341894	16.75766819
22.07262134	16.72675154
22.12574507	16.767009
22.06654256	16.72214501
22.11973867	16.76245731
22.06768619	16.72301166
22.13092827	16.77093685
22.09932245	16.74698579
22.13252873	16.77214969
22.07014157	16.72487236
22.14702396	16.78313425
22.09599296	16.74446269
22.14333194	16.78033642
22.11714852	16.76049448
22.11738773	16.76067576
22.13881759	16.77691542
22.10962824	16.75479557
22.17458642	16.80402123
22.09484812	16.74359512
22.2077169	16.82912769
22.1047779	16.75111996
22.1689997	16.79978759
22.1393765	16.77733896
22.18589533	16.81259118
22.1690602	16.79983343
22.18285902	16.81029025
22.15470879	16.78895786
22.19056132	16.8161271
22.16081158	16.79358258
22.19445763	16.81907974
22.17887986	16.80727483
22.20372579	16.8261032
22.16918478	16.79992784
22.20293406	16.82550323
22.22126868	16.8393973
22.1716667	16.80180866
22.26870153	16.87534217
22.1405475	16.77822635
22.26767734	16.87456603
22.16078966	16.79356598
22.22432978	16.84171702
22.23742114	16.85163772
22.21193609	16.83232502
22.2226408	16.84043711
22.21999287	16.83843049
22.24531724	16.85762143
22.2278196	16.84436162
22.26600294	16.87329716
22.19129984	16.81668676
22.28558944	16.88813992
22.2310588	16.84681631
22.27071322	16.87686664
22.23383707	16.84892169
22.26390502	16.87170735
22.26090778	16.86943603
22.25997376	16.86872822
22.2462058	16.85829478
22.28425442	16.88712823
22.27850985	16.88277497
22.28183236	16.88529279
22.30873681	16.90568112
22.23871228	16.85261615
22.30809439	16.90519429
22.22563803	16.84270842
22.31237592	16.90843886
22.26974717	16.87613457
22.3099554	16.90660458
22.33071107	16.92233334
22.29248949	16.89336881
22.32479096	16.91784704
22.33250628	16.92369376
22.34155681	16.9305523
22.31244499	16.9084912
22.32631871	16.91900478
22.32908515	16.9211012
22.32248844	16.91610218
22.35834409	16.94327379
22.31244386	16.90849035
22.36277953	16.94663499
22.31401244	16.90967903
22.33553153	16.92598631
22.37096913	16.95284111
22.3593643	16.94404691
22.31994508	16.91417481
22.37669321	16.95717885
22.33808217	16.9279192
22.38967107	16.96701355
22.3280292	16.920301
22.39270519	16.96931281
22.3602637	16.94472848
22.38784854	16.96563242
22.4006227	16.97531275
22.38551261	16.96386224
22.4106045	16.98287701
22.37617367	16.95678514
22.40798422	16.98089134
22.42272847	16.99206461
22.42166452	16.99125835
22.38761807	16.96545777
22.41255871	16.98435792
22.39256219	16.96920445
22.43811874	17.00372744
22.42275894	16.99208771
22.39840077	16.97362896
22.44310318	17.00750469
22.43390392	17.00053344
22.4444424	17.00851955
22.43508098	17.00142542
22.46972534	17.0276791
22.41632512	16.98721212
22.47336779	17.03043937
22.40575771	16.97920409
22.47503331	17.03170151
22.43468119	17.00112245
22.46804238	17.02640374
22.4640854	17.02340512
22.46665833	17.02535491
22.43978205	17.00498792
22.49361553	17.04578321
22.463535	17.02298803
22.441227	17.0060829
22.50038357	17.05091207
22.45951658	17.01994285
22.52539757	17.06986781
22.45922163	17.01971933
22.52400217	17.06881038
22.47260495	17.02986128
22.49558711	17.04727729
22.49856485	17.04953384
22.50290371	17.05282185
22.47231681	17.02964293
22.52384001	17.06868749
22.51617816	17.06288129
22.5097373	17.05800038
22.50702448	17.05594459
22.52001751	17.06579078
22.51591555	17.06268229
22.51982597	17.06564563
22.54497541	17.08470401
22.51776048	17.06408039
22.53509236	17.07721458
22.53870345	17.07995108
22.56182522	17.09747289
22.53879171	17.08001796
22.57929857	17.11071428
22.56324283	17.09854716
22.55962704	17.0958071
22.58414286	17.11438531
22.59365924	17.12159688
22.590139	17.11892922
22.58883984	17.11794471
22.5832948	17.11374265
22.55238023	17.09031542
22.6067443	17.13151281
22.51704712	17.0635398
22.61866246	17.14054445
22.55194604	17.08998639
22.60852447	17.13286183
22.58022705	17.11141789
22.60204644	17.12795275
22.592181	17.12047666
22.60058678	17.1268466
22.59371219	17.121637
22.597473	17.12448696
22.66004332	17.17190309
22.59268743	17.12086044
22.65973378	17.17166852
22.59068833	17.11934551
22.63101909	17.14990838
22.63115593	17.15001207
22.66106689	17.17267876
22.61768601	17.1398045
22.65357604	17.16700215
22.64007542	17.15677131
22.66762398	17.17764776
22.61135817	17.13500922
22.67927286	17.18647534
22.61846915	17.14039796
22.65410721	17.16740467
22.68570706	17.19135121
22.6484403	17.16311026
22.69760107	17.20036456
22.67425097	17.18266972
22.70495501	17.20593742
22.66768002	17.17769022
22.70059394	17.20263257
22.67921772	17.18643355
22.71405883	17.21283634
22.67627587	17.18420421
22.72025519	17.21753197
22.71559417	17.21399982
22.69526483	17.19859414
22.72478825	17.22096715
22.69798511	17.20065558
22.71094877	17.21047952
22.73158835	17.2261203
22.71492599	17.21349348
22.74918264	17.23945335
22.73366079	17.22769081
22.72714186	17.22275073
22.71974134	17.21714258
22.76170232	17.24894083
22.72549067	17.22149944
22.75681679	17.24523855
22.71215977	17.21139722
22.77312949	17.2576004
22.73970659	17.23227234
22.73006424	17.22496533
22.79195378	17.27186555
22.71626795	17.21451042
22.79093129	17.2710907
22.76586488	17.25209524
22.75230838	17.24182206
22.802019	17.27949302
22.78877042	17.26945318
22.78882729	17.26949628
22.78846074	17.26921851
22.79809066	17.27651611
22.77709008	17.26060176
22.78202073	17.26433823
22.79383492	17.27329109
22.78311799	17.26516974
22.83690938	17.30593314
22.76741482	17.25326979
22.86981119	17.33086632
22.75616273	17.2447429
22.88219231	17.34024879
22.74294177	17.23472398
22.85647257	17.32075824
22.80857207	17.28445898
22.83726895	17.30620563
22.75467698	17.24361699
22.85790833	17.32184626
22.81527445	17.28953808
22.8105784	17.28597939
22.88251603	17.34049411
22.77664866	17.26026725
22.89704379	17.35150333
22.78767968	17.26862662
22.88543114	17.3427032
22.81571669	17.28987321
22.84319854	17.31069911
22.84527092	17.31226957
22.88298583	17.34085013
22.84137693	17.30931868
22.91045903	17.36166947
22.86063116	17.32390964
22.86810286	17.32957173
22.88343204	17.34118827
22.83604262	17.30527631
22.90657656	17.35872731
22.88464036	17.34210394
22.91011327	17.36140745
22.89085494	17.34681338
22.92842734	17.37528595
22.92102348	17.36967527
22.93477344	17.38009506
22.90664717	17.35878082
22.92663552	17.3739281
22.90928898	17.3607828
22.92827995	17.37517426
22.9421854	17.38571189
22.92628124	17.37365962
22.95167162	17.39290059
22.96062977	17.39968913
22.94698981	17.38935269
22.95304828	17.39394383
22.94324528	17.38651507
22.93804492	17.38257421
22.98119114	17.41527064
22.90453753	17.35718212
22.97931613	17.41384975
22.92993755	17.3764304
22.9603488	17.39947621
22.95492055	17.39536264
22.96433439	17.40249651
22.94794156	17.39007393
22.96152565	17.40036803
22.92974321	17.37628313
23.02115126	17.44555264
22.93151912	17.37762892
23.01667296	17.44215896
22.97562139	17.41104986
22.99157145	17.4231369
22.97709357	17.41216549
22.99191074	17.42339401
23.01800587	17.44316905
22.97209181	17.40837512
23.00129585	17.4305061
22.96376657	17.40206621
23.05278426	17.4695243
23.00145037	17.43062319
23.06879419	17.4816567
23.00953659	17.43675098
23.04553803	17.46403306
23.02704651	17.45002009
23.05678247	17.47255416
23.0350295	17.45606964
23.08127642	17.49111581
23.05092149	17.46811268
23.00612837	17.43416821
23.10058255	17.5057461
22.98813752	17.42053465
23.11289756	17.51507848
23.00213613	17.43114287
23.10859128	17.51181516
23.03708828	17.4576298
23.09491911	17.50145431
23.06308291	17.47732867
23.10980454	17.51273457
23.06142777	17.47607439
23.09123146	17.49865979
23.08759001	17.49590028
23.066606	17.47999848
23.10382983	17.5082069
23.06447706	17.47838516
23.11402201	17.51593059
23.08099934	17.49090584
23.1284916	17.52689573
23.10948746	17.51249429
23.14445158	17.53899029
23.0792842	17.4896061
23.1599777	17.55075606
23.10852377	17.51176399
23.1069534	17.51057396
23.11885131	17.51959026
23.12703686	17.52579331
23.13382387	17.53093655
23.10591734	17.50978883
23.15349108	17.54584047
23.13264619	17.53004409
23.16130428	17.55176135
23.13005829	17.52808297
23.1629346	17.55299681
23.15263553	17.54519212
23.14645855	17.54051118
23.15991676	17.55070988
23.12166981	17.52172614
23.19772562	17.57936164
23.12145728	17.52156508
23.19095634	17.57423184
23.11057395	17.51331764
23.23705826	17.60916813
23.11450104	17.51629361
23.22222431	17.59792688
23.15199269	17.54470498
23.2099144	17.58859836
23.16355601	17.55346773
23.21655586	17.5936313
23.17015055	17.55846511
23.18792006	17.57193093
23.17962023	17.56564128
23.17919033	17.5653155
23.25612742	17.62361884
23.14525973	17.5396027
23.22701701	17.60155881
23.18646381	17.57082738
23.23185801	17.60522735
23.212999	17.59093589
23.24787469	17.61736488
23.21227228	17.59038517
23.27986475	17.64160712
23.23712484	17.60921858
23.25359837	17.62170231
23.21806395	17.59477414
23.24719979	17.61685344
23.25303908	17.62127848
23.2397817	17.61123196
23.2533458	17.62151091
23.27417677	17.63729673
23.21853362	17.59513005
23.31963059	17.67174189
23.22657548	17.60122422
23.31388933	17.66739113
23.23501283	17.60761809
23.25846532	17.62539051
23.24634455	17.61620533
23.2672453	17.63204403
23.26254653	17.62848328
23.27994497	17.64166791
23.29664491	17.65432321
23.25805457	17.62507925
23.34208896	17.68876096
23.23346854	17.60644782
23.33917102	17.68654972
23.25798672	17.62502783
23.33604272	17.68417908
23.28754019	17.64742361
23.33227076	17.68132067
23.34229233	17.68891507
23.29924452	17.65629321
23.34615773	17.69184429
23.30565541	17.66115142
23.35560985	17.69900716
23.30387319	17.65980084
23.36464297	17.70585251
23.29920686	17.65626467
23.37393288	17.71289245
23.31683391	17.66962255
23.38688029	17.72270407
23.31915175	17.67137902
23.34296281	17.68942317
23.31309452	17.66678882
23.35430573	17.69801889
23.29889806	17.65603066
23.41010176	17.74030143
23.29672602	17.65438468
23.40184908	17.7340475
23.33632502	17.68439301
23.41309515	17.74256983
23.34206989	17.6887465
23.40522292	17.73660422
23.38195589	17.71897233
23.38388099	17.72043118
23.41998015	17.74778732
23.33949391	17.68679442
23.42879037	17.75446375
23.36360888	17.70506887
23.41200089	17.7417406
23.3853874	17.72157275
23.44758487	17.76870633
23.3908768	17.72573265
23.44268582	17.7649938
23.3963601	17.72988792
23.46898617	17.78492435
23.40503151	17.73645916
23.44877425	17.76960765
23.44205026	17.76451217
23.45343352	17.77313847
23.46617888	17.78279697
23.46950444	17.78531709
23.48208845	17.79485332
23.45946733	17.77771092
23.49431418	17.80411805
23.44255478	17.7648945
23.49902802	17.80769023
23.45259475	17.77250284
23.47697176	17.79097587
23.47797446	17.79173572
23.48893834	17.80004421
23.50073358	17.80898271
23.46699305	17.78341395
23.50828456	17.81470488
23.45570671	17.7748611
23.54453347	17.8421745
23.48368208	17.79606099
23.53747176	17.8368231
23.50451776	17.81185038
23.50724685	17.8139185
23.48782366	17.7991995
23.50103817	17.80921353
23.49374599	17.80368747
23.52540274	17.82767713
23.53553945	17.83535878
23.51297063	17.81825601
23.54840654	17.84510953
23.50757162	17.81416461
23.53748453	17.83683278
23.50944865	17.81558704
23.5612136	17.85481479
23.51043921	17.81633768
23.5967341	17.88173242
23.51395989	17.81900568
23.59310044	17.87897881
23.53149755	17.83229581
23.56855082	17.86037498
23.53158635	17.83236311
23.56957066	17.86114782
23.53766304	17.83696805
23.57262515	17.86346253
23.57539255	17.86555968
23.56858145	17.86039819
23.59912735	17.88354604
23.56576412	17.8582632
23.62105651	17.90016407
23.55613297	17.85096467
23.61712703	17.89718629
23.5808913	17.86972666
23.62375301	17.9022075
23.58371628	17.87186745
23.61649707	17.89670891
23.60541248	17.88830894
23.63505437	17.91077173
23.63162348	17.90817178
23.62030461	17.89959428
23.65290833	17.92430155
23.61763344	17.89757005
23.62728861	17.90488679
23.59080336	17.87723808
23.65855418	17.92858001
23.60923885	17.89120859
23.64913084	17.92143895
23.62013624	17.89946669
23.64344077	17.91712699
23.59816445	17.88281634
23.66524869	17.93365315
23.6217106	17.90065974
23.66106054	17.93047934
23.64816879	17.9207099
23.6965901	17.95740384
23.65486724	17.92578602
23.6762636	17.9420003
23.66441618	17.93302227
23.67775988	17.94313419
23.67848782	17.94368583
23.67894765	17.94403429
23.72218776	17.97680188
23.68430346	17.94809295
23.73585941	17.98716233
23.66416606	17.93283273
23.7326385	17.98472151
23.68070547	17.94536638
23.74063506	17.99078134
23.69970975	17.95976792
23.74397314	17.99331096
23.6888351	17.95152705
23.71428436	17.97081264
23.71972596	17.97493632
23.69745512	17.95805935
23.75823139	18.00411593
23.69263904	17.9544097
23.7686089	18.01198007
23.6861853	17.94951902
23.79634226	18.03299656
23.6873906	17.9504324
23.79376254	18.03104163
23.68509377	17.94869185
23.80432744	18.03904778
23.73149676	17.98385629
23.77194772	18.01451024
23.78220323	18.02228193
23.77535475	18.01709211
23.80569144	18.04008142
23.75927925	18.00491001
23.79934443	18.03527162
23.77674688	18.01814707
23.80262275	18.03775595
23.76337695	18.00801527
23.8361174	18.06313837
23.75122493	17.99880641
23.84130764	18.06707157
23.76922025	18.01244335
23.8674952	18.08691664
23.78525398	18.0245938
23.84446966	18.06946776
23.7791872	18.01999636
23.85450374	18.07707164
23.77112423	18.0138862
23.84226789	18.06779925
23.82721687	18.0563935
23.8543938	18.07698833
23.8271805	18.05636594
23.85925443	18.08067174
23.82923907	18.05792594
23.86949137	18.08842935
23.84982587	18.07352673
23.85547986	18.07781135
23.87259676	18.09078263
23.85191279	18.07510821
23.88502083	18.10019766
23.8621089	18.08283488
23.87359777	18.0915412
23.86378313	18.08410362
23.86775826	18.08711599
23.86216272	18.08287566
23.86981482	18.08867446
23.84288943	18.06827026
23.88827634	18.1026647
23.86231266	18.08298928
23.83043791	18.05883443
23.87611994	18.09345252
23.85180424	18.07502595
23.91642295	18.12399435
23.84939815	18.0732026
23.91820923	18.12534801
23.88409756	18.099498
23.90038308	18.11183926
23.92259077	18.12866836
23.90619159	18.11624098
23.9379131	18.14027971
23.91638241	18.12396363
23.9231778	18.12911321
23.93415771	18.13743385
23.95561787	18.15369647
23.93947322	18.14146198
23.9606606	18.15751788
23.92777666	18.13259826
23.99829375	18.18603649
23.90368348	18.11434032
23.98667671	18.17723303
23.90296929	18.1137991
23.97788792	18.17057284
23.9252371	18.13067376
23.98414715	18.17531612
23.92747688	18.13237108
23.98396448	18.17517769
23.93508826	18.13813903
24.01254857	18.19683887
23.95070455	18.14997314
24.00529961	18.19134556
23.94253326	18.14378089
23.99915984	18.18669282
24.00127974	18.18829929
23.96997365	18.16457537
24.00096336	18.18805954
23.9913535	18.18077713
23.9808559	18.17282199
24.002035	18.18887163
23.98915747	18.17911297
24.01731275	18.20044919
24.0022411	18.18902781
24.04239397	18.21945588
23.99108918	18.18057682
24.04535505	18.22169979
24.00547376	18.19147754
24.04793852	18.22365756
24.01626143	18.19965249
24.0118189	18.19628592
24.00784967	18.19327801
24.06121704	18.2337201
24.02904475	18.20933976
24.05515241	18.22912429
24.04075221	18.21821174
24.04246866	18.21951247
24.0726756	18.24240345
24.03103037	18.21084447
24.10009989	18.26318573
24.03079379	18.21066519
24.13204091	18.28739081
24.03332446	18.21258295
24.14218269	18.29507631
24.05719876	18.23067502
24.12814231	18.28443643
24.05322317	18.2276623
24.12139829	18.27932577
24.09305139	18.25784434
24.13291973	18.28805678
24.0972439	18.26102145
24.12835072	18.28459436
24.10071138	18.26364912
24.1101037	18.27076667
24.09350655	18.25818926
24.13968914	18.29318668
24.12942825	18.28541092
24.15085174	18.30164576
24.12015223	18.2783815
24.16558658	18.3128119
24.14812553	18.29957982
24.18395979	18.32673522
24.15805552	18.30710482
24.17019045	18.31630073
24.14292419	18.29563822
24.17759086	18.32190881
24.12831863	18.28457004
24.20757005	18.3446272
24.15430262	18.30426085
24.19279954	18.33343403
24.14884252	18.30012316
24.20014544	18.33900079
24.17383865	18.31906536
24.18794184	18.32975283
24.18703058	18.32906227
24.18290372	18.32593492
24.18616614	18.3284072
24.15771779	18.30684888
24.20294961	18.3411258
24.17791468	18.3221542
24.22301339	18.35633024
24.17827672	18.32242856
24.21644092	18.35134959
24.17900782	18.32298259
24.22647299	18.35895194
24.18965453	18.33105072
24.22980568	18.36147747
24.18569984	18.32805383
24.2116876	18.3477475
24.22029045	18.35426679
24.22271835	18.35610666
24.22648055	18.35895767
24.19150554	18.33245342
24.2503116	18.37701697
24.22421942	18.35724418
24.22418422	18.3572175
24.23795976	18.36765668
24.24524985	18.37318116
24.24478024	18.37282528
24.24612668	18.37384562
24.24498957	18.37298391
24.25945417	18.38394526
24.26443074	18.38771653
24.25496005	18.3805396
24.29276922	18.40919159
24.23678934	18.36676973
24.32355263	18.43251942
24.24126518	18.37016155
24.2677947	18.39026576
24.27989476	18.39943525
24.31613416	18.42689767
24.27387803	18.39487574
24.33235476	18.43918973
24.28071024	18.40005323
24.3256905	18.43413951
24.30102081	18.41544469
24.29018196	18.40723095
24.30546748	18.4188144
24.33190412	18.43884823
24.31470848	18.42581728
24.34810663	18.45112657
24.3136462	18.42501228
24.33719209	18.44285548
24.30455519	18.41812306
24.34216968	18.44662753
24.3293051	18.43687868
24.36960555	18.46741857
24.27874747	18.39856583
24.37467056	18.47125686
24.34231266	18.44673588
24.3281951	18.43603751
24.36784048	18.466081
24.36389128	18.46308827
24.36588075	18.4645959
24.35927019	18.45958639
24.36264356	18.46214274
24.36781045	18.46605824
24.41408723	18.50112703
24.34402717	18.44803514
24.38991518	18.48280932
24.40645418	18.49534267
24.40550458	18.49462306
24.35603075	18.45713152
24.41279848	18.50015041
24.37346784	18.47034544
24.41443408	18.50138988
24.39492729	18.48660752
24.40669254	18.49552329
24.39559366	18.4871125
24.41704324	18.50336711
24.41761205	18.50379816
24.40982819	18.49789951
24.41376256	18.50088099
24.47805063	18.54959884
24.40254754	18.49238219
24.45423399	18.53155046
24.40235657	18.49223747
24.47591958	18.54798392
24.40091873	18.49114787
24.46990568	18.54342655
24.43932701	18.52025388
24.47924703	18.55050548
24.4342719	18.51642308
24.51552691	18.57799857
24.43350215	18.51583976
24.50510161	18.57009822
24.44936882	18.52786361
24.51915614	18.58074882
24.4238813	18.50854903
24.51081617	18.57442874
24.44722932	18.52624229
24.51336625	18.57636121
24.49665501	18.56369734
24.46622559	18.54063776
24.54440531	18.59988277
24.46149261	18.53705108
24.55196355	18.60561045
24.46464229	18.53943793
24.54071946	18.59708962
24.46624068	18.5406492
24.55585019	18.60855576
24.4530002	18.53061549
24.54806981	18.60265976
24.46183445	18.53731013
24.53752915	18.59467198
24.494269	18.56188921
24.54797883	18.6025908
24.48441124	18.55441895
24.563558	18.61439679
24.4932425	18.56111133
24.58205775	18.628416
24.49101374	18.55942235
24.56785885	18.617656
24.55074061	18.6046837
24.5112044	18.57472295
24.55370734	18.60693191
24.52698026	18.58667798
24.568382	18.61805244
24.52351426	18.58405142
24.56020283	18.61185422
24.52513411	18.58527896
24.57419888	18.6224605
24.51518819	18.57774188
24.57754886	18.62499914
24.56766755	18.61751103
24.57557319	18.62350196
24.58090813	18.62754481
24.56964897	18.61901256
24.56927098	18.61872611
24.59814681	18.64060837
24.60376877	18.64486872
24.61375885	18.65243926
24.57578859	18.6236652
24.62294979	18.65940421
24.6264919	18.66208843
24.63373957	18.66758076
24.61363476	18.65234523
24.64212527	18.67393549
24.59994743	18.6419729
24.63322938	18.66719413
24.59900193	18.64125639
24.65745414	18.68555179
24.60683784	18.64719449
24.6625423	18.68940763
24.6295642	18.66441664
24.68483112	18.70629821
24.65338681	18.68246955
24.68872858	18.70925173
24.63343534	18.66735021
24.68168169	18.70391155
24.65752778	18.68560759
24.66407851	18.69057177
24.66142836	18.68856347
24.66730027	18.69301324
24.70449542	18.72119992
24.66006447	18.68752991
24.7165048	18.7303007
24.66067975	18.68799617
24.70134301	18.71881101
24.67721109	18.70052371
24.72281875	18.73508545
24.67788546	18.70103476
24.731839	18.74192104
24.66286067	18.68964889
24.75141911	18.75675895
24.68617606	18.70731741
24.72638939	18.73779129
24.69863657	18.71676006
24.78579051	18.78280578
24.69705844	18.71556414
24.78217452	18.78006556
24.69345882	18.71283633
24.78958577	18.78568185
24.71420048	18.72855447
24.77354648	18.77352719
24.74065421	18.74860125
24.77556044	18.77505338
24.71004168	18.72540291
24.78930812	18.78547145
24.7290243	18.73978805
24.73366962	18.74330829
24.76155067	18.7644367
24.77646445	18.77573844
24.76782311	18.76918999
24.77806403	18.77695061
24.7664126	18.7681211
24.80393242	18.79655382
24.79177841	18.78734344
24.78734886	18.78398671
24.79671459	18.79108411
24.79921004	18.79297518
24.8027184	18.79563382
24.78700341	18.78372493
24.84046829	18.8242409
24.79614853	18.79065515
24.84816978	18.83007713
24.82624994	18.81346615
24.84192985	18.82534848
24.84044799	18.82422551
24.83681925	18.82147563
24.82357403	18.81143834
24.87134386	18.84763857
24.78844881	18.78482026
24.89491055	18.86549753
24.82668636	18.81379688
24.88119334	18.85510256
24.79315843	18.78838923
24.87790796	18.85261288
24.82228494	18.81046146
24.84692394	18.82913303
24.83411396	18.81942555
24.86090539	18.83972824
24.86151321	18.84018885
24.84440511	18.82722424
24.87562062	18.85087953
24.85834386	18.8377871
24.89486209	18.86546081
24.83951295	18.82351693
24.90909609	18.87624742
24.83418802	18.81948167
24.92556238	18.88872566
24.86844049	18.84543838
24.91950138	18.8841326
24.86758395	18.84478929
24.9448678	18.90335541
24.85844811	18.8378661
24.90746901	18.87501441
24.874599	18.85010534
24.90303603	18.87165507
24.91608024	18.88154004
24.8520107	18.8329878
24.94332951	18.90218969
24.87777928	18.85251537
24.93581896	18.89649815
24.91904715	18.88378839
24.93854936	18.89856726
24.94043535	18.89999648
24.94768159	18.90548772
24.93021215	18.89224928
24.96078476	18.91541737
24.91234161	18.87870689
24.93945169	18.89925105
24.97404881	18.92546894
24.91251177	18.87883584
24.97621152	18.92710785
24.97170461	18.92369249
24.9736577	18.92517255
24.98243495	18.931824
24.9735754	18.92511019
24.97481991	18.92605328
24.99195979	18.93904197
24.96407555	18.91791115
25.00442668	18.94848945
25.00031324	18.94537227
24.97075292	18.92297129
24.99690135	18.94278672
24.98467087	18.93351839
24.98006071	18.93002479
25.01416909	18.9558723
24.99357314	18.94026458
25.03831651	18.97417134
24.95708205	18.91261143
25.05335451	18.98556722
24.97250854	18.92430171
25.05923484	18.99002337
25.00867103	18.95170584
25.0250899	18.96414815
24.99044153	18.93789143
25.03504237	18.97169018
25.03215448	18.96950173
25.05854111	18.98949766
25.01215965	18.95434953
25.04350895	18.97810621
25.03790792	18.97386172
25.06860633	18.99712513
25.02496186	18.96405113
25.08177005	19.00710067
25.03346126	18.97049201
25.0487761	18.98209768
25.04486871	18.97913664
25.04323322	18.97789726
25.06739646	18.99620829
25.04257963	18.97740196
25.06007553	18.99066045
25.07032356	18.99842646
25.08287336	19.00793677
25.04060888	18.97590852
25.08916448	19.01270421
25.07009677	18.9982546
25.10114973	19.0217867
25.09614854	19.01799677
25.09844414	19.01973639
25.11166265	19.02975345
25.10202787	19.02245216
25.09076964	19.01392061
25.14496535	19.05499041
25.09433652	19.01662361
25.09741695	19.01895798
25.14825335	19.05748208
25.12224634	19.03777382
25.13316046	19.0460446
25.12740954	19.04168652
25.13751677	19.04934584
25.15800484	19.06487181
25.14714095	19.05663909
25.11093262	19.02920022
25.1738756	19.07689876
25.09576657	19.01770731
25.18297778	19.08379644
25.11641067	19.03335153
25.20213768	19.09831591
25.12141156	19.03714122
25.20297531	19.09895068
25.12704544	19.04141061
25.18662838	19.08656288
25.15263153	19.06079989
25.19647226	19.09402263
25.16900914	19.07321093
25.19669199	19.09418914
25.16043691	19.06671485
25.17959167	19.08123043
25.17807962	19.08008458
25.20962096	19.10398678
25.17879524	19.08062689
25.19921986	19.09610477
25.17991085	19.0814723
25.22316653	19.11425169
25.19323241	19.09156745
25.22084098	19.11248937
25.20042354	19.09701693
25.22063466	19.11233302
25.22589375	19.11631839
25.20994692	19.1042338
25.22730203	19.1173856
25.20946726	19.10387031
25.24964056	19.13431386
25.19782379	19.09504683
25.28322895	19.15976732
25.20538205	19.10077452
25.29463089	19.16840777
25.22733987	19.11741427
25.25264221	19.13658852
25.24568156	19.1313137
25.26863204	19.1487057
25.25067472	19.13509754
25.27941883	19.15687998
25.27582729	19.1541583
25.29476799	19.16851166
25.26450039	19.14557471
25.28345701	19.15994014
25.27769283	19.15557201
25.29528567	19.16890396
25.28897105	19.16411871
25.32408544	19.19072859
25.29125835	19.16585204
25.29569554	19.16921457
25.30664333	19.17751086
25.31085313	19.18070107
25.34760173	19.20854936
25.29843436	19.17129006
25.31818277	19.18625551
25.30832744	19.17878709
25.3429411	19.2050175
25.30250938	19.17437813
25.34703796	19.20812213
25.32469362	19.19118947
25.33924238	19.20221459
25.32319027	19.19005022
25.34688767	19.20800824
25.29861061	19.17142362
25.36290539	19.22014655
25.31283709	19.18220453
25.35867618	19.21694163
25.31351526	19.18271845
25.38733295	19.23865789
25.31150116	19.18119215
25.38123984	19.23404049
25.31962129	19.18734563
25.38612864	19.23774525
25.34404302	19.20585255
25.38403588	19.23615935
25.35063592	19.21084868
25.36269107	19.21998414
25.36716799	19.22337677
25.37905585	19.23238546
25.42389792	19.26636702
25.35580242	19.21476389
25.44274008	19.28064571
25.3471509	19.20820771
25.44690625	19.28380286
25.40104324	19.24904762
25.45166098	19.28740602
25.38526961	19.23709428
25.41551249	19.26001249
25.39722884	19.24615705
25.42420246	19.2665978
25.42252579	19.26532721
25.38506096	19.23693616
25.48913777	19.31580613
25.39214542	19.24230481
25.45743968	19.29178515
25.40322142	19.25069826
25.46141085	19.29479452
25.41739518	19.26143921
25.48638845	19.31372268
25.40553647	19.25245262
25.48326987	19.3113594
25.41178416	19.25718714
25.50520152	19.32797933
25.42812708	19.2695719
25.52210463	19.34078859
25.42083795	19.26404816
25.50901846	19.33087183
25.44472448	19.2821495
25.55388306	19.36487046
25.4085131	19.25470832
25.5600284	19.36952744
25.42212767	19.26502551
25.55440983	19.36526965
25.44753705	19.28428088
25.52495245	19.34294669
25.47626724	19.30605277
25.53258129	19.34872786
25.46627123	19.29847774
25.53109242	19.34759959
25.47340053	19.30388036
25.53183482	19.34816219
25.48419098	19.31205743
25.51166082	19.33287422
25.48534253	19.31293007
25.51798529	19.33766694
25.49301796	19.31874656
25.51267733	19.33364454
25.51967418	19.33894678
25.52802787	19.34527726
25.52541929	19.34330047
25.5095623	19.33128395
25.55788398	19.36790238
25.52698592	19.34448767
25.55268832	19.36396508
25.53180998	19.34814336
25.5577605	19.3678088
25.52468681	19.34274538
25.56216739	19.37114837
25.5487438	19.3609759
25.58497864	19.38843486
25.56139254	19.37056119
25.56928255	19.37654028
25.55532725	19.36596487
25.58977426	19.39206901
25.56522393	19.37346464
25.59747728	19.3979064
25.56135575	19.37053331
25.62377416	19.41783432
25.57173322	19.37839741
25.62585512	19.41941128
25.56548445	19.37366205
25.62701283	19.42028859
25.58808057	19.39078552
25.62314769	19.41735957
25.61206549	19.40896142
25.62976177	19.42237175
25.62590657	19.41945026
25.6236325	19.41772696
25.63379349	19.42542702
25.64476923	19.43374449
25.61724134	19.41288371
25.64669478	19.43520369
25.63579155	19.42694116
25.6291732	19.42192574
25.64510505	19.43399898
25.6354526	19.4266843
25.63702982	19.42787953
25.66355822	19.44798289
25.64127022	19.43109292
25.63281704	19.42468706
25.68540652	19.46453965
25.62655623	19.41994258
25.68657762	19.46542711
25.65334595	19.44024398
25.6639738	19.44829782
25.69042734	19.46834446
25.65168935	19.4389886
25.68100564	19.46120464
25.68395494	19.46343964
25.66187882	19.44671023
25.71056958	19.48360835
25.67651411	19.45780094
25.70652413	19.48054269
25.68666587	19.46549399
25.71699764	19.48847957
25.7105011	19.48355645
25.69568534	19.472329
25.71117761	19.48406912
25.71310459	19.48552939
25.72392848	19.4937318
25.70475775	19.47920412
25.72478003	19.4943771
25.67933239	19.45993664
25.72921222	19.49773584
25.71866021	19.48973947
25.75294418	19.51572005
25.74289849	19.50810737
25.71611015	19.48780702
25.75417217	19.51665063
25.72455801	19.49420886
25.75076255	19.5140668
25.73391431	19.50129912
25.75233489	19.51525833
25.7307917	19.49893278
25.77538053	19.53272244
25.73573579	19.50267944
25.76521559	19.52501939
25.76866341	19.52763217
25.76305366	19.52338107
25.79362891	19.54655116
25.79359654	19.54652663
25.7808412	19.53686056
25.8269306	19.57178736
25.74928638	19.51294815
25.82998224	19.57409991
25.77902962	19.53548774
25.80614457	19.5560356
25.78042617	19.53654605
25.82299231	19.56880291
25.79325173	19.54626533
25.83700116	19.57941889
25.78702307	19.54154522
25.85468896	19.5928228
25.82047395	19.56689447
25.8075609	19.5571089
25.82445237	19.56990934
25.84981603	19.58913006
25.79886192	19.55051677
25.85790231	19.59525789
25.81328922	19.56144985
25.88320875	19.61443525
25.81071831	19.5595016
25.89942703	19.62672554
25.79569868	19.54811964
25.91823006	19.64097458
25.81594256	19.56346057
25.89592556	19.62407211
25.82974627	19.57392109
25.89644166	19.62446322
25.85381295	19.59215895
25.89231491	19.62133595
25.87842346	19.61080892
25.90906531	19.63402949
25.86499724	19.60063447
25.91054499	19.6351508
25.85557794	19.59349647
25.93912139	19.65680615
25.85206601	19.59083511
25.93787236	19.65585962
25.87748293	19.61009619
25.91398711	19.63775925
25.90266621	19.62918022
25.93916589	19.65683987
25.87223218	19.60611714
25.96050201	19.67300849
25.86105608	19.59764783
25.94955993	19.66471653
25.90556364	19.6313759
25.93942088	19.6570331
25.94670832	19.66255556
25.92550711	19.64648917
25.93493068	19.6536304
25.95843984	19.67144577
25.92915375	19.64925262
25.95410449	19.66816042
25.96648893	19.67754542
25.95807463	19.67116901
25.981812	19.68915732
25.95494242	19.66879541
25.96165706	19.6738838
25.99334921	19.69790028
25.92716518	19.64774567
25.98083287	19.68841533
25.97292168	19.68242019
25.99679281	19.70050986
25.97283033	19.68235096
25.99313566	19.69773845
25.95405216	19.66812076
26.02515331	19.7220016
25.96228296	19.67435811
25.98057705	19.68822147
25.97694312	19.68546766
25.99737838	19.70095361
26.01459522	19.71400062
26.01094129	19.71123165
25.99842032	19.70174319
26.01401569	19.71356145
26.00253045	19.70485787
26.02724567	19.7235872
26.02306216	19.72041691
26.04547125	19.73739864
26.02303203	19.72039408
26.06612214	19.753048
26.0226916	19.7201361
26.07293016	19.75820715
26.0370226	19.73099621
26.06118547	19.74930696
26.03364337	19.72843541
26.07228595	19.75771897
26.06019477	19.74855621
26.07389829	19.7589408
26.05977201	19.74823584
26.05349594	19.7434798
26.0957124	19.77547166
26.05175611	19.74216135
26.09759038	19.7768948
26.06913548	19.75533153
26.11306548	19.78862191
26.05071259	19.74137056
26.13234367	19.80323104
26.06601377	19.75296587
26.12840509	19.80024636
26.07904796	19.76284326
26.13709807	19.80683394
26.10865959	19.78528311
26.1505055	19.81699416
26.09869619	19.77773279
26.16929728	19.83123468
26.11452697	19.78972944
26.15838947	19.82296868
26.13795667	19.8074846
26.14563566	19.81330377
26.13279137	19.8035703
26.1517316	19.81792331
26.12189307	19.79531151
26.17879498	19.83843209
26.13110329	19.80229107
26.15506696	19.82045086
26.15572994	19.82095328
26.14881891	19.81571606
26.15985779	19.82408138
26.18442686	19.84269996
26.14799798	19.81509396
26.17819423	19.83797683
26.15426093	19.81984005
26.16295811	19.82643082
26.1516554	19.81786557
26.16666027	19.82923633
26.16442096	19.82753938
26.16477307	19.82780621
26.21466551	19.86561497
26.16189878	19.82562805
26.1968431	19.85210905
26.15917274	19.82356225
26.21761245	19.86784817
26.19568022	19.85122781
26.23145545	19.87833847
26.18129413	19.84032596
26.26555869	19.9041821
26.16300585	19.826467
26.29069691	19.92323198
26.14783007	19.81496671
26.26369001	19.902766
26.17285542	19.83393105
26.28011127	19.91521011
26.16962576	19.8314836
26.31161901	19.93908685
26.17977596	19.83917548
26.31042171	19.93817953
26.21052208	19.86247505
26.30317735	19.93268972
26.17625961	19.83651077
26.33929284	19.96005823
26.17366636	19.83454559
26.35814253	19.97434263
26.20919321	19.86146803
26.30661545	19.93529512
26.24802581	19.89089558
26.32120946	19.94635455
26.20477357	19.8581188
26.33058057	19.95345603
26.20338047	19.8570631
26.33765368	19.95881607
26.26593668	19.90446854
26.30801749	19.9363576
26.29285738	19.92486919
26.3149018	19.94157457
26.28187206	19.91654445
26.30743704	19.93591774
26.29237939	19.92450696
26.32455833	19.94889234
26.28957638	19.92238283
26.2967315	19.92780501
26.29708055	19.92806953
26.3278215	19.95136519
26.31440162	19.94119553
26.32819324	19.95164689
26.32926466	19.95245882
26.31434606	19.94115342
26.33236959	19.95481175
26.31986973	19.9453393
26.35229021	19.9699077
26.33701831	19.95833458
26.34550872	19.96476865
26.35135174	19.96919653
26.33736889	19.95860025
26.38463319	19.99441739
26.34760056	19.96635386
26.38512274	19.99478838
26.37388967	19.9862759
26.38798808	19.99695974
26.37631735	19.98811561
26.38175357	19.9922352
26.38567469	19.99520664
26.40105905	20.00686499
26.4008752	20.00672567
26.39700038	20.00378931
26.41418945	20.01681528
26.40849315	20.0124986
26.42251736	20.02312622
26.39619555	20.00317941
26.41872346	20.02025118
26.37631604	19.98811461
26.46888346	20.0582627
26.39624472	20.00321667
26.44375463	20.03921994
26.389556	19.99814792
26.4469026	20.04160549
26.39703531	20.00381579
26.4453973	20.04046476
26.46046035	20.05187962
26.40781397	20.01198391
26.45219141	20.04561338
26.4439027	20.03933215
26.45452655	20.04738295
26.4670368	20.05686329
26.46224224	20.05322995
26.45150971	20.04509678
26.48026098	20.06688465
26.47461257	20.06260425
26.48596488	20.07120709
26.46040608	20.0518385
26.46702278	20.05685267
26.47336278	20.06165715
26.48961735	20.07397495
26.48396002	20.0696878
26.47304731	20.06141809
26.47104243	20.05989878
26.44969475	20.04372139
26.49599629	20.07880895
26.50535625	20.08590198
26.4453723	20.04044582
26.52976369	20.10439807
26.47650413	20.06403769
26.51680354	20.0945768
26.48964626	20.07399687
26.5190309	20.0962647
26.50026382	20.08204291
26.51978618	20.09683706
26.50539255	20.08592949
26.53486178	20.10826143
26.51531158	20.09344618
26.52339988	20.09957554
26.54046834	20.11251011
26.53708432	20.10994568
26.52643757	20.10187752
26.5630384	20.12961382
26.5246912	20.10055411
26.57068201	20.13540619
26.53175574	20.10590766
26.56429379	20.13056517
26.52760776	20.10276429
26.57139417	20.13594587
26.50937145	20.08894472
26.55224772	20.12143658
26.52436646	20.10030802
26.55613794	20.12438462
26.56098336	20.1280565
26.59179137	20.15140298
26.55074077	20.12029461
26.61252139	20.1671123
26.55832569	20.12604251
26.60791529	20.16362177
26.56413547	20.13044518
26.56188605	20.12874056
26.58566162	20.14675782
26.61943911	20.17235459
26.54029707	20.11238032
26.67130666	20.21166009
26.55265428	20.12174468
26.656028	20.20008184
26.62212917	20.17439313
26.62322681	20.17522492
26.58895582	20.14925418
26.63947331	20.18753661
26.60879589	20.1642891
26.66414498	20.20623293
26.63182329	20.18173938
26.63635978	20.18517716
26.62617349	20.17745794
26.6314609	20.18146477
26.62738035	20.1783725
26.65723791	20.20099872
26.6184053	20.17157116
26.65120967	20.19643049
26.64958482	20.19519917
26.64910826	20.19483803
26.6929866	20.22808927
26.69295085	20.22806218
26.63016087	20.18047959
26.69043559	20.2261561
26.65387208	20.19844808
26.67884647	20.2173738
26.69523156	20.22979051
26.68457511	20.221715
26.716855	20.24617687
26.68812053	20.22440174
26.65031893	20.19575548
26.7178188	20.24690724
26.71712749	20.24638337
26.72375983	20.25140939
26.69813163	20.2319882
26.70857381	20.23990134
26.73284715	20.25829581
26.71248353	20.24286415
26.75066855	20.27180096
26.69847672	20.23224971
26.75395659	20.27429266
26.72053258	20.24896377
26.73279146	20.2582536
26.75528033	20.27529579
26.74394798	20.26670808
26.74717214	20.26915136
26.75673356	20.27639706
26.73822382	20.26237028
26.76198953	20.28038006
26.80297018	20.31143542
26.75477227	20.27491078
26.77837936	20.29280036
26.7670844	20.28424098
26.75775289	20.27716951
26.8000433	20.30921741
26.75779016	20.27719776
26.80922264	20.31617357
26.78008562	20.29409338
26.78466506	20.2975637
26.77371867	20.28926846
26.79680926	20.30676664
26.78459435	20.29751012
26.80644007	20.31406492
26.77713732	20.29185914
26.81067741	20.317276
26.80850896	20.31563274
26.78734353	20.29959346
26.77629938	20.29122414
26.83624955	20.3366547
26.7689687	20.28566891
26.84329168	20.34199127
26.78580865	20.29843032
26.84842752	20.34588323
26.8129106	20.31896832
26.83986682	20.3393959
26.80149597	20.31031825
26.88024967	20.36999824
26.79766917	20.30741829
26.88697752	20.37509663
26.82453502	20.32777737
26.86692337	20.35989949
26.82569954	20.32865985
26.8719663	20.36372105
26.85133416	20.34808591
26.88318075	20.37221942
26.83660524	20.33692425
26.89002234	20.37740401
26.86542028	20.35876044
26.86749374	20.36033172
26.86476017	20.3582602
26.89941094	20.38451875
26.85282844	20.34921828
26.89414624	20.38052913
26.85517717	20.35099816
26.90370957	20.38777628
26.87374978	20.36507258
26.88665101	20.3748492
26.89611316	20.38201967
26.91201682	20.39407156
26.92432502	20.40339877
26.88865584	20.37636847
26.90072721	20.38551622
26.90595579	20.38947847
26.92536558	20.40418731
26.90041832	20.38528215
26.9246909	20.40367604
26.92772038	20.40597179
26.92131755	20.4011197
26.96483374	20.4340965
26.92371299	20.40293498
26.96658393	20.4354228
26.91414284	20.39568266
26.97863372	20.44455419
26.93276737	20.40979643
26.95092317	20.42355499
26.96578355	20.43481627
26.95718839	20.42830281
26.94641813	20.42014105
26.97640528	20.44286547
26.91914456	20.39947299
26.98566072	20.4498793
26.94415925	20.41842926
26.99860599	20.45968929
26.94160128	20.41649082
27.00051851	20.46113861
26.94284945	20.41743668
27.02024917	20.47609061
26.96929632	20.43747827
27.00162656	20.46197829
26.98876518	20.45223187
27.00605837	20.46533675
27.00061974	20.46121533
27.01536332	20.47238809
26.99358707	20.45588593
27.04937098	20.49815927
26.99087416	20.45383007
27.0444214	20.49440845
26.95798904	20.42890955
27.07566768	20.51808706
26.95486049	20.42653872
27.09531949	20.53297931
26.98137679	20.44663292
27.06339621	20.50878767
26.99555318	20.45737586
27.05893979	20.50541057
26.99819946	20.45938122
27.039975	20.49103895
27.0239218	20.47887375
27.06892039	20.51297392
27.03453925	20.48691971
27.05872053	20.50524441
27.05268232	20.50066863
27.0735593	20.51648931
27.09445304	20.5323227
27.06659978	20.51121535
27.084492	20.52477418
27.07117237	20.51468048
27.11340542	20.54668492
27.07598788	20.51832971
27.12085594	20.55233096
27.0881919	20.52757798
27.1122525	20.54581123
27.10166055	20.53778459
27.09032765	20.52919646
27.07108247	20.51461236
27.15058676	20.57486114
27.0615573	20.50739413
27.15488986	20.57812205
27.07624133	20.51852177
27.12292657	20.5539001
27.09395013	20.53194159
27.12003592	20.55170955
27.0881707	20.52756192
27.14867617	20.57341328
27.08922779	20.52836298
27.18950844	20.6043562
27.09679252	20.53409557
27.1760729	20.59417467
27.10319533	20.53894766
27.19108586	20.60555158
27.10535522	20.54058444
27.19342625	20.60732514
27.11205838	20.54566413
27.21043014	20.62021077
27.1100799	20.54416482
27.22947257	20.63464123
27.10789068	20.54250582
27.23564604	20.63931952
27.12100077	20.55244072
27.24397949	20.64563465
27.12738728	20.55728045
27.24736494	20.64820017
27.13720035	20.56471685
27.25066322	20.65069962
27.12956648	20.55893186
27.23210175	20.63663364
27.15051342	20.57480556
27.23785672	20.64099478
27.18053365	20.59755506
27.2436369	20.64537503
27.19427159	20.60796574
27.22928662	20.63450032
27.2121264	20.62149621
27.22351588	20.63012722
27.20108144	20.61312628
27.24015291	20.64273485
27.23301165	20.63732317
27.23973046	20.64241472
27.23289074	20.63723154
27.24733095	20.64817441
27.27928382	20.67238847
27.22507833	20.63131126
27.28118497	20.67382917
27.23991756	20.6425565
27.26802142	20.66385376
27.26074736	20.65834144
27.2573119	20.65573803
27.27263804	20.66735226
27.26518094	20.66170123
27.27696363	20.67063021
27.26807884	20.66389727
27.27563969	20.66962692
27.28061959	20.67340072
27.30302505	20.69037969
27.31123429	20.6966007
27.25842009	20.65657782
27.3427096	20.72045287
27.25574604	20.65455141
27.35137381	20.72701865
27.2800373	20.67295946
27.34669745	20.72347488
27.28279056	20.67504589
27.35550475	20.7301491
27.29709427	20.68588532
27.3622105	20.73523075
27.29820951	20.68673046
27.36382695	20.7364557
27.32683809	20.70842535
27.36481669	20.73720574
27.29706912	20.68586627
27.35647705	20.73088591
27.33336631	20.71337247
27.35696891	20.73125865
27.34411679	20.72151924
27.35468835	20.72953043
27.37169354	20.74241705
27.37323828	20.74358767
27.36116193	20.73443614
27.37230453	20.74288006
27.36718991	20.73900418
27.36788439	20.73953046
27.36618981	20.7382463
27.38205942	20.75027237
27.37989094	20.74862908
27.38882126	20.75539653
27.37163662	20.74237391
27.40747814	20.76953481
27.40030558	20.76409941
27.42382129	20.78191974
27.38064042	20.74919705
27.42643988	20.78390412
27.38898883	20.75552352
27.43379931	20.78948114
27.42656042	20.78399547
27.41355951	20.77414331
27.4486607	20.80074318
27.41543355	20.77556347
27.44872504	20.80079194
27.41725911	20.77694689
27.44083883	20.79481573
27.40456308	20.76732577
27.45460004	20.80524404
27.42688297	20.7842399
27.45560028	20.80600203
27.41770268	20.77728302
27.47416815	20.82007286
27.42551653	20.7832044
27.44461253	20.79767546
27.43779107	20.79250612
27.44388507	20.79712418
27.43497026	20.79036849
27.47344573	20.81952541
27.44392695	20.79715592
27.45903663	20.80860611
27.4606896	20.80985875
27.46138966	20.81038926
27.48326581	20.82696712
27.48410829	20.82760556
27.45490597	20.80547588
27.50735047	20.84521861
27.47359828	20.81964101
27.46808572	20.81546356
27.49707512	20.83743189
27.47001794	20.81692781
27.51358229	20.84994111
27.49473611	20.83565937
27.53763681	20.86816976
27.50108791	20.8404728
27.53851436	20.86883477
27.49740438	20.8376814
27.52054083	20.85521433
27.5220694	20.85637269
27.54366874	20.87274078
27.50397778	20.84266276
27.53447594	20.86577443
27.5273828	20.86039921
27.53705833	20.86773138
27.53145763	20.86348714
27.55957399	20.88479387
27.52931701	20.86186496
27.56372788	20.88794171
27.55552482	20.88172538
27.58953035	20.90749496
27.5498502	20.87742513
27.57854607	20.89917102
27.58209746	20.90186227
27.56943677	20.89226794
27.56640293	20.88996888
27.58201013	20.9017961
27.56425915	20.88834431
27.62389474	20.93353648
27.57989417	20.90019261
27.59601924	20.91241228
27.58610968	20.90490276
27.62482624	20.93424238
27.55940447	20.88466541
27.6463246	20.95053395
27.55950639	20.88474264
27.61597828	20.92753735
27.57729586	20.8982236
27.6187715	20.92965406
27.58616296	20.90494313
27.60625578	20.92016958
27.60676796	20.92055771
27.61126809	20.92396794
27.62204961	20.93213823
27.61153122	20.92416734
27.62014327	20.93069359
27.63445552	20.9415395
27.61712478	20.92840617
27.65229384	20.95505747
27.62334467	20.93311964
27.6354416	20.94228675
27.63481402	20.94181117
27.63895013	20.94494554
27.65907439	20.96019581
27.65710092	20.95870031
27.65003241	20.95334375
27.6646614	20.96442968
27.64548914	20.94990084
27.65269892	20.95536445
27.69915805	20.99057143
27.66518537	20.96482674
27.68553495	20.98024777
27.63292986	20.94038334
27.70980066	20.99863645
27.66143832	20.9619872
27.69456574	20.98709135
27.67660541	20.97348091
27.71503443	21.00260263
27.67971953	20.97584081
27.73497914	21.01771684
27.67971448	20.97583698
27.73895191	21.02072742
27.67507935	20.97232445
27.75994615	21.03663698
27.67761023	20.97424237
27.75342388	21.03169436
27.68185687	20.97746049
27.76550545	21.04084984
27.69548108	20.987785
27.75230452	21.03084611
27.70393074	20.9941882
27.73809953	21.02008149
27.74096916	21.02225611
27.7393123	21.02100053
27.70653258	20.99615988
27.76824891	21.04292885
27.73537097	21.01801377
27.72908665	21.01325148
27.77174729	21.04557994
27.73245515	21.01580415
27.77775697	21.05013411
27.76454027	21.04011842
27.77626103	21.04900047
27.76095828	21.03740397
27.7841404	21.0549715
27.75595242	21.0336105
27.80223578	21.06868428
27.77551967	21.04843867
27.8053345	21.07103251
27.7902556	21.05960564
27.79837401	21.06575781
27.78280149	21.05395687
27.80635063	21.07180254
27.79435089	21.06270907
27.80411277	21.07010668
27.78537883	21.05590999
27.78799349	21.0578914
27.8226777	21.08417528
27.8159792	21.07909912
27.81148983	21.07569706
27.82968343	21.08948426
27.80894157	21.07376597
27.81987697	21.08205287
27.81964496	21.08187705
27.83618551	21.09441157
27.84506701	21.10114202
27.81342044	21.07716008
27.84043553	21.09763226
27.83797087	21.09576453
27.8487933	21.10396583
27.85453266	21.10831514
27.82594494	21.08665121
27.8543921	21.10820863
27.86476472	21.11606905
27.83697606	21.09501065
27.8947544	21.13879539
27.83985926	21.09719556
27.89754575	21.14091069
27.8484847	21.10373196
27.87528637	21.12404241
27.85562465	21.10914266
27.89450422	21.1386058
27.89949779	21.14238996
27.91223241	21.15204032
27.90232468	21.14453219
27.91504006	21.15416797
27.89735228	21.14076408
27.89827267	21.14146156
27.88865274	21.13417152
27.91335214	21.15288886
27.90475471	21.14637368
27.90988631	21.15026244
27.9106637	21.15085155
27.92526045	21.16191304
27.9073973	21.14837625
27.92665367	21.16296883
27.94625071	21.17781958
27.9334806	21.16814232
27.95737286	21.186248
27.93900482	21.1723286
27.91768191	21.15616998
27.94977034	21.18048677
27.92892041	21.16468658
27.96854646	21.19471542
27.93459841	21.1689894
27.96064787	21.18872982
27.95573644	21.18500791
27.98174544	21.20471767
27.94987966	21.18056961
27.97664614	21.20085339
27.95402473	21.18371077
28.01240438	21.22795118
27.97537387	21.19988926
27.98764094	21.20918531
27.96692844	21.19348927
28.01529843	21.23014431
27.96878089	21.19489307
28.00759984	21.22431028
27.98155353	21.20457224
28.01051259	21.22651758
28.00122802	21.21948168
28.0101971	21.2262785
28.000477	21.21891255
28.03809351	21.24741855
27.97243119	21.19765928
28.05925057	21.26345148
27.98216248	21.20503371
28.04381835	21.25175686
27.99746121	21.21662717
28.06194838	21.26549589
27.99643322	21.21584815
28.07087476	21.27226035
28.01053976	21.22653816
28.07931012	21.27865271
28.03151086	21.24243017
28.04560687	21.25311221
28.06810605	21.27016221
28.03399935	21.24431597
28.06984094	21.27147691
28.04264659	21.25086889
28.05935312	21.26352919
28.06778394	21.26991811
28.09442441	21.2901064
28.04579337	21.25325354
28.07748602	21.2772704
28.04492796	21.25259772
28.0797436	21.27898121
28.09079481	21.28735587
28.09078396	21.28734765
28.09083177	21.28738388
28.08848087	21.28560236
28.096438	21.29163231
28.1010977	21.29516346
28.10213123	21.29594668
28.11736648	21.30749203
28.11307905	21.30424299
28.11306518	21.30423248
28.16335553	21.34234278
28.1068711	21.29953857
28.13744436	21.32270715
28.10059542	21.29478283
28.15025768	21.33241716
28.13975348	21.32445702
28.13446057	21.32044602
28.14944408	21.3318006
28.15016917	21.33235008
28.12236877	21.31128279
28.15756353	21.33795357
28.15856675	21.33871381
28.11260507	21.3038838
28.1590118	21.33905108
28.10971901	21.30169673
28.19626053	21.36727836
28.15789807	21.33820709
28.16660362	21.3448042
28.16644568	21.34468451
28.22343929	21.38787458
28.1270439	21.31482563
28.20671147	21.37519814
28.14247069	21.32651613
28.21175673	21.37902147
28.16601252	21.34435626
28.20881399	21.37679145
28.19295337	21.36477218
28.20117737	21.37100438
28.16549354	21.34396297
28.22711175	21.39065759
28.16447835	21.34319366
28.249777	21.40783343
28.16260305	21.34177254
28.2450475	21.4042494
28.15775544	21.338099
28.23909855	21.39974125
28.18304879	21.35726644
28.25887612	21.4147288
28.17524747	21.35135455
28.25941282	21.41513551
28.1696595	21.34711996
28.26636493	21.42040386
28.18578688	21.35934138
28.2817054	21.43202895
28.18824024	21.36120055
28.31963527	21.46077241
28.18366687	21.35773482
28.28201895	21.43226656
28.2252351	21.38923545
28.27910392	21.43005753
28.21261519	21.37967201
28.31257876	21.45542494
28.21987134	21.38517077
28.32326288	21.46352143
28.21938292	21.38480063
28.3316976	21.46991331
28.21723866	21.38317571
28.34689869	21.48143277
28.25270296	21.41005074
28.30234129	21.44766693
28.24697508	21.40571013
28.33309916	21.47097542
28.25022939	21.40817625
28.32371416	21.46386341
28.29141213	21.43938476
28.31881853	21.46015348
28.29820569	21.44453296
28.33466181	21.4721596
28.28514818	21.43463791
28.36120943	21.49227753
28.27129217	21.42413774
28.37670306	21.50401869
28.30355314	21.44858528
28.36383387	21.49426635
28.30878889	21.45255296
28.33685456	21.47382128
28.31860057	21.4599883
28.40900947	21.52850066
28.28913677	21.43766048
28.38505397	21.51034706
28.33117259	21.46951545
28.38351437	21.50918033
28.33052083	21.46902154
28.34548736	21.48036326
28.3607388	21.49192088
28.38753285	21.51222556
28.34908699	21.48309108
28.37920422	21.50591408
28.36068673	21.49188142
28.3820559	21.50807509
28.3968158	21.51926023
28.36999246	21.49893336
28.39830234	21.52038674
28.39584983	21.51852821
28.37766603	21.50474843
28.387141	21.51192861
28.40389302	21.52462339
28.3817051	21.50780926
28.42620415	21.54153088
28.371788	21.50029403
28.43073585	21.54496503
28.37998821	21.50650819
28.45974604	21.5669491
28.3935697	21.51680032
28.44494142	21.55573008
28.38333997	21.50904818
28.48190413	21.58374063
28.39033064	21.51434574
28.47996683	21.58227253
28.39019685	21.51424436
28.48853594	21.58876625
28.40549248	21.52583546
28.48916171	21.58924046
28.41322698	21.53169671
28.49205291	21.59143143
28.42201797	21.53835857
28.48184597	21.58369655
28.4514485	21.56066119
28.49314432	21.5922585
28.45187162	21.56098183
28.49545544	21.59400988
28.45662729	21.5645857
28.48750352	21.58798387
28.45017047	21.55969269
28.50491145	21.60117569
28.4677329	21.57300159
28.53984443	21.6276481
28.46514538	21.57104075
28.53428355	21.62343403
28.46009491	21.56721348
28.54333127	21.63029045
28.48326929	21.58477515
28.54191784	21.62921934
28.51090632	21.60571864
28.51274966	21.60711553
28.51284735	21.60718956
28.53283735	21.62233809
28.49381132	21.59276396
28.54694678	21.6330303
28.5304621	21.62053812
28.5459245	21.63225561
28.53651681	21.62512641
28.51580543	21.60943121
28.56039527	21.64322163
28.52926152	21.61962831
28.57094842	21.65121887
28.5276451	21.61840338
28.59231283	21.66740894
28.5262806	21.61736936
28.58357675	21.66078869
28.54413489	21.63089943
28.63470564	21.69953443
28.5514726	21.63645999
28.62098615	21.68913773
28.55432676	21.63862288
28.63503917	21.69978719
28.56044932	21.64326259
28.65497587	21.71489532
28.54996753	21.63531944
28.64948907	21.7107374
28.55853973	21.6418155
28.6546094	21.71461761
28.5536693	21.63812466
28.66092936	21.71940691
28.56677924	21.64805944
28.64532891	21.70758481
28.5370688	21.62554471
28.68556378	21.73807501
28.56378351	21.64578926
28.69126505	21.74239546
28.55189282	21.63677844
28.70694076	21.7542746
28.5487084	21.63436526
28.68442309	21.73721059
28.55533553	21.63938733
28.68548349	21.73801416
28.59201462	21.66718295
28.68167628	21.73512904
28.59298636	21.66791934
28.6906855	21.74195627
28.6073964	21.67883934
28.70208233	21.75059285
28.6347405	21.69956085
28.69644393	21.74632005
28.63946247	21.70313919
28.70013755	21.74911909
28.62547975	21.69254301
28.71729046	21.76211766
28.63838705	21.70232423
28.71986467	21.76406841
28.62881953	21.69507391
28.73149813	21.7728843
28.66239987	21.72052127
28.70654459	21.75397438
28.68452713	21.73728943
28.72155568	21.76534987
28.68349732	21.73650903
28.7309607	21.77247704
28.69674669	21.74654948
28.74045275	21.77967016
28.68364215	21.73661878
28.72713117	21.769575
28.72646242	21.76906822
28.72713499	21.76957789
28.71752642	21.76229647
28.73304896	21.77405953
28.74743731	21.78496311
28.74023087	21.77950202
28.73518973	21.77568182
28.74444919	21.78269869
28.74783304	21.78526299
28.74687445	21.78453656
28.74053183	21.7797301
28.73674214	21.77685824
28.76437437	21.7977981
28.75172878	21.7882152
28.77292075	21.80427459
28.75935643	21.79399547
28.78270061	21.81168582
28.76146039	21.79558987
28.83196154	21.84901602
28.74385267	21.78224664
28.82488062	21.84365006
28.75501851	21.79070817
28.7807241	21.81018801
28.77915513	21.80899904
28.82424781	21.84317052
28.77516347	21.80597414
28.82010497	21.84003105
28.77385655	21.80498374
28.83245144	21.84938727
28.79016681	21.81734374
28.82441974	21.8433008
28.8010327	21.82557798
28.84921101	21.86208776
28.77570067	21.80638123
28.84892803	21.86187331
28.80735488	21.83036896
28.8392148	21.85451258
28.8080489	21.83089489
28.8243783	21.8432694
28.82950562	21.84715491
28.82689502	21.84517659
28.81090413	21.8330586
28.84658048	21.86009433
28.82121992	21.84087596
28.8510487	21.86348037
28.8330846	21.84986708
28.87658825	21.88283438
28.84145414	21.85620957
28.8833227	21.88793778
28.85533853	21.86673123
28.89710808	21.89838442
28.86468955	21.87381748
28.87008076	21.87790297
28.84768974	21.86093493
28.89251335	21.89490251
28.8666592	21.8753101
28.8986763	21.89957283
28.86973376	21.87764001
28.91007451	21.90821045
28.86504082	21.87408368
28.93722285	21.92878361
28.87397189	21.88085169
28.92094416	21.91644753
28.87253011	21.8797591
28.95247747	21.94034364
28.88877066	21.89206628
28.93267641	21.9253383
28.89294845	21.89523223
28.92912568	21.92264753
28.91785739	21.91410836
28.92038843	21.91602639
28.92878598	21.9223901
28.9282245	21.92196461
28.93214873	21.92493841
28.93132874	21.92431702
28.93626342	21.92805654
28.94604272	21.93546735
28.93115723	21.92418705
28.96027258	21.94625082
28.95530019	21.94248271
28.9178511	21.91410359
28.96557834	21.95027155
28.95703458	21.94379705
28.93734299	21.92887465
28.95485959	21.94214883
28.98480763	21.96484361
28.96077986	21.94663523
28.99538163	21.97285665
28.98378806	21.96407098
28.98505421	21.96503047
28.99847009	21.9751971
28.98679295	21.9663481
28.98639082	21.96604337
29.00516105	21.98026755
28.96219624	21.94770858
28.99873565	21.97539834
28.96647446	21.95095063
29.00542862	21.98047031
28.99902105	21.97561462
29.03567136	22.00338842
28.96974234	21.95342705
29.04155976	22.00785068
29.01376961	21.98679115
29.04514347	22.01056643
29.005524	21.98054259
29.03749823	22.00477283
29.03004655	21.99912591
29.05102825	22.01502596
29.05186482	22.01565991
29.01190353	21.98537703
29.04599402	22.01121098
29.04041867	22.00698596
29.06132164	22.02282634
29.03863085	22.00563114
29.08748695	22.04265455
29.02183603	21.99290393
29.09646839	22.04946074
29.02349131	21.99415831
29.12847289	22.07371392
29.00575724	21.98071934
29.13459592	22.07835398
29.00552729	21.98054508
29.14372337	22.08527082
29.00966507	21.98368071
29.14719813	22.08790401
29.05119314	22.01515091
29.12364025	22.07005172
29.08196383	22.0384691
29.13723488	22.0803538
29.04090138	22.00735176
29.18123236	22.11369533
29.05699579	22.01954819
29.17647817	22.11009258
29.06642369	22.0266927
29.18331977	22.11527718
29.07514584	22.03330239
29.18216711	22.11440369
29.08356248	22.03968057
29.18383849	22.11567027
29.09511399	22.04843436
29.17538998	22.10926795
29.09814292	22.0507297
29.17455461	22.10863489
29.13371253	22.07768455
29.1729647	22.10743005
29.10842412	22.05852086
29.20938654	22.13503072
29.10336276	22.05468533
29.20370312	22.13072379
29.13566093	22.07916105
29.21090885	22.13618434
29.11974468	22.06709964
29.24088309	22.15889898
29.11323975	22.06217016
29.23847056	22.15707075
29.13549523	22.07903549
29.22788984	22.14905262
29.17392172	22.10815529
29.22082125	22.14369601
29.17900049	22.11200401
29.20838005	22.134268
29.15847076	22.09644647
29.23069588	22.15117906
29.17326991	22.10766134
29.20366577	22.13069549
29.1787047	22.11177986
29.19512976	22.12422686
29.2015489	22.12909132
29.21941471	22.14263012
29.20608495	22.13252876
29.20251753	22.12982535
29.25911338	22.17271399
29.18791113	22.11875654
29.25076011	22.16638384
29.20392388	22.13089109
29.23297401	22.15290544
29.22534333	22.14712286
29.22068419	22.14359214
29.24518973	22.16216257
29.25551969	22.16999067
29.26000401	22.17338891
29.24197882	22.15972933
29.28592917	22.19303514
29.24100413	22.1589907
29.27373797	22.18379659
29.23800596	22.15671867
29.29705187	22.20146398
29.24209325	22.15981604
29.30600573	22.20824926
29.27495853	22.18472153
29.2957435	22.20047249
29.28869858	22.19513382
29.29083131	22.19675001
29.28682182	22.19371159
29.32141003	22.21992272
29.27385559	22.18388572
29.33891514	22.2331882
29.27105002	22.18175964
29.34255428	22.23594595
29.29604454	22.20070062
29.32949651	22.2260507
29.32050649	22.21923802
29.32478986	22.22248398
29.32918206	22.22581241
29.29796393	22.20215515
29.36312832	22.25153707
29.30539386	22.20778558
29.388601	22.2708404
29.33294283	22.22866235
29.38164873	22.26557194
29.31942379	22.21841754
29.38875223	22.27095501
29.30518597	22.20762805
29.41094358	22.28777174
29.28467608	22.19208554
29.41847444	22.29347866
29.30739963	22.20930557
29.379168	22.26369203
29.34694637	22.2392743
29.39825379	22.27815534
29.34208152	22.2355877
29.43650006	22.30713857
29.32586562	22.2232992
29.44341309	22.3123773
29.32293373	22.22107739
29.46374088	22.32778181
29.31758672	22.2170254
29.45793195	22.32337978
29.33194135	22.22790342
29.44800229	22.31585503
29.3508451	22.24222878
29.43258518	22.30417185
29.37179928	22.25810797
29.43233034	22.30397873
29.38540183	22.26841606
29.42663072	22.29965953
29.38921439	22.27130524
29.42408456	22.29773004
29.4297839	22.30204903
29.41653678	22.29201029
29.41570502	22.29137998
29.40635748	22.28429636
29.42759965	22.3003938
29.42349309	22.29728182
29.44392525	22.31276542
29.41456807	22.29051839
29.43803528	22.30830197
29.44547047	22.31393639
29.43866633	22.30878019
29.45965329	22.32468421
29.43732662	22.30776494
29.46570731	22.32927199
29.46572567	22.32928589
29.4671425	22.33035958
29.45390765	22.32033014
29.48918827	22.34706598
29.46608857	22.3295609
29.48787664	22.34607202
29.47659335	22.33752149
29.47105974	22.33332808
29.49779077	22.353585
29.46634088	22.32975211
29.48584894	22.34453542
29.50159067	22.35646459
29.47511152	22.33639855
29.49740969	22.35329622
29.49921829	22.35466678
29.49188185	22.34910719
29.51686073	22.36803633
29.49410253	22.35079003
29.51146261	22.3639456
29.490716	22.3482237
29.54118156	22.38646678
29.48549618	22.3442681
29.51973149	22.3702118
29.50207214	22.35682945
29.51525193	22.36681716
29.52400265	22.37344851
29.52791176	22.37641085
29.55830089	22.3994399
29.50188474	22.35668744
29.57275613	22.41039416
29.5328221	22.38013193
29.5870356	22.42121522
29.52867356	22.37698815
29.59844621	22.42986224
29.52019442	22.37056261
29.60199579	22.43255213
29.54613103	22.39021752
29.62414063	22.44933361
29.5334924	22.38063989
29.62669404	22.4512686
29.54527654	22.38956998
29.60854377	22.43751422
29.57149567	22.40943898
29.60843379	22.43743088
29.58293302	22.41810626
29.61230652	22.44036566
29.60830954	22.43733673
29.61327998	22.44110335
29.63139671	22.45483231
29.58876496	22.42252574
29.6434398	22.46395862
29.58686377	22.42108501
29.62383191	22.44909966
29.60358649	22.43375757
29.66048761	22.47687754
29.5907404	22.42402273
29.6899612	22.49921279
29.62284013	22.44834809
29.69815247	22.50542018
29.59937239	22.4305641
29.67295254	22.48632354
29.65302402	22.4712216
29.67580446	22.48848474
29.63842268	22.46015662
29.68724317	22.49715306
29.61595793	22.44313272
29.69335645	22.50178573
29.62540122	22.45028889
29.67945125	22.4912483
29.65198845	22.47043684
29.66613867	22.48115995
29.68414193	22.49480292
29.70164245	22.50806491
29.7027965	22.50893945
29.68184122	22.49305943
29.72976228	22.52937426
29.66263659	22.47850606
29.73705699	22.53490224
29.67149985	22.48522268
29.73894795	22.53633521
29.66762988	22.48229
29.75743965	22.55034832
29.70062545	22.50729422
29.76088681	22.5529606
29.71883715	22.52109514
29.72494405	22.52572299
29.74384129	22.54004341
29.71425063	22.51761946
29.74386061	22.54005806
29.69933891	22.50631927
29.75675595	22.54983022
29.69196129	22.50072847
29.78701857	22.57276339
29.6988978	22.505985
29.78961901	22.57473402
29.69489229	22.5029496
29.79484833	22.57869683
29.68122224	22.49259036
29.80644394	22.58748404
29.7264936	22.52689724
29.77674615	22.56497889
29.75724552	22.55020122
29.76081955	22.55290963
29.75346894	22.5473393
29.82551824	22.60193865
29.70042476	22.50714214
29.82252368	22.59966936
29.74762629	22.5429117
29.81837223	22.59652336
29.77837206	22.56621102
29.8200406	22.59778766
29.74506504	22.54097078
29.84987374	22.62039538
29.7317552	22.53088451
29.80895987	22.58939062
29.77181748	22.56124393
29.84073464	22.61346971
29.78999101	22.57501592
29.84469694	22.61647237
29.79594032	22.57952434
29.84283135	22.61505861
29.79940062	22.58214657
29.82951717	22.60496906
29.83261679	22.60731797
29.83193107	22.60679833
29.86706407	22.63342231
29.81709227	22.5955534
29.85578238	22.62487298
29.84108718	22.61373688
29.86418153	22.6312379
29.83434696	22.6086291
29.87990728	22.64315496
29.83786985	22.61129877
29.90478132	22.66200463
29.82278734	22.59986915
29.90419568	22.66156084
29.84091818	22.61360881
29.89521649	22.65475636
29.8551588	22.62440042
29.91089482	22.66663748
29.8471602	22.61833904
29.92860697	22.68005984
29.85864311	22.62704085
29.93207164	22.68268539
29.84964762	22.62022402
29.92550615	22.67771003
29.90390094	22.66133748
29.91888931	22.67269575
29.88842398	22.64960896
29.90640681	22.66323644
29.93357858	22.68382736
29.88047041	22.6435817
29.95002481	22.6962904
29.87520573	22.6395921
29.98534786	22.7230584
29.87130152	22.63663347
29.9991594	22.73352486
29.86486404	22.63175511
29.96460721	22.70734102
29.91312144	22.66832483
29.96966991	22.71117756
29.87630843	22.64042773
29.99405233	22.72965469
29.90844431	22.66478047
29.98904947	22.72586349
29.91252803	22.66787514
29.99538987	22.73066828
29.93972687	22.68848656
29.97007171	22.71148205
29.94397263	22.69170402
29.98381028	22.72189321
29.96292594	22.70606694
30.00321763	22.7366002
29.96286429	22.70602023
29.98598564	22.72354171
30.00153301	22.73532359
29.99758929	22.73233501
29.97411558	22.71454652
30.00132705	22.73516752
29.99858775	22.73309166
30.01111733	22.74258664
29.9951032	22.73045105
29.99934637	22.73366654
29.99556713	22.73080262
29.9871161	22.72439838
30.03218648	22.75855295
30.00025728	22.73435683
30.02932211	22.75638232
30.02372854	22.75214348
30.01974175	22.74912227
30.01149876	22.74287569
30.0564727	22.77695718
30.00552818	22.73835115
30.0380743	22.76301477
30.03703177	22.76222474
30.02979662	22.75674191
30.06679307	22.78477802
30.04760386	22.77023633
30.06702282	22.78495212
30.05667521	22.77711065
30.06749736	22.78531173
30.07778814	22.79311014
30.071857	22.78861549
30.0656027	22.78387595
30.06145452	22.78073243
30.08989863	22.80228754
30.05341145	22.77463735
30.11520027	22.82146125
30.0578829	22.77802584
30.10637722	22.8147751
30.07901642	22.79404094
30.09605331	22.80695158
30.0812285	22.79571726
30.13290987	22.83488168
30.07290715	22.7894113
30.12477348	22.82871588
30.09746852	22.80802404
30.10426924	22.81317766
30.13241952	22.83451009
30.07402966	22.79026194
30.12418394	22.82826913
30.08599545	22.79932968
30.12866181	22.83166248
30.11406871	22.82060375
30.12518895	22.82903073
30.13511371	22.83655177
30.136875	22.83788648
30.14386781	22.84318567
30.12640018	22.8299486
30.1814888	22.87169506
30.09790803	22.8083571
30.19639686	22.88299247
30.12334376	22.82763243
30.17632524	22.86778208
30.15450886	22.85124951
30.15012638	22.84792845
30.16309284	22.8577545
30.17417747	22.8661545
30.18797257	22.87660849
30.16886828	22.86213116
30.19294668	22.8803779
30.15577585	22.85220965
30.21688293	22.89851692
30.15887143	22.8545555
30.19970563	22.88549987
30.15673298	22.85293497
30.23137839	22.90950166
30.15655147	22.85279741
30.21078936	22.89389918
30.17852419	22.86944846
30.22578326	22.90526164
30.17917196	22.86993934
30.23701612	22.91377396
30.19400825	22.88118237
30.22413198	22.90401029
30.22984492	22.90833959
30.22120878	22.90179508
30.20868324	22.89230315
30.23983729	22.91591186
30.21988821	22.90079434
30.21859537	22.89981461
30.23328037	22.91094299
30.22342567	22.90347505
30.2481351	22.92219999
30.22408776	22.90397678
30.27562323	22.94303064
30.24718695	22.92148147
30.26503856	22.93500952
30.26265756	22.93320518
30.24853956	22.92250649
30.28028114	22.94656043
30.25309168	22.92595611
30.25245591	22.92547432
30.25900986	22.93044094
30.27932303	22.94583437
30.31557683	22.97330769
30.23376373	22.91130929
30.29650444	22.95885453
30.27815433	22.94494872
30.28221488	22.94802583
30.28841651	22.95272545
30.30794762	22.96752623
30.27947875	22.94595237
30.32220771	22.97833261
30.2653654	22.9352572
30.32567185	22.98095775
30.30167885	22.96277573
30.32179464	22.97801958
30.31194192	22.97055314
30.33349567	22.98688669
30.32979663	22.98408353
30.32302223	22.97894986
30.34257321	22.99376569
30.31558375	22.97331294
30.33842128	22.99061934
30.3249749	22.9804296
30.35094003	23.00010611
30.34676257	22.99694041
30.36155937	23.00815351
30.34020141	22.99196833
30.37444479	23.01791815
30.3242182	22.97985617
30.3490352	22.99866263
30.33223889	22.98593429
30.37446712	23.01793507
30.34803379	22.99790375
30.38779597	23.02803575
30.33040034	22.98454103
30.38523646	23.02609614
30.36992938	23.01449635
30.36603187	23.01154279
30.39763571	23.03549235
30.35766985	23.00520601
30.40273668	23.0393579
30.35381576	23.00228536
30.41476589	23.04847369
30.40718181	23.04272644
30.39059108	23.03015389
30.40625542	23.04202442
30.39211412	23.03130807
30.40673266	23.04238607
30.38196308	23.02361555
30.42178067	23.05378953
30.38375028	23.0249699
30.45818404	23.0813762
30.39757996	23.03545011
30.41117308	23.04575104
30.43110402	23.06085482
30.43962685	23.06731346
30.41245039	23.046719
30.46894175	23.08952846
30.40986856	23.04476247
30.45779208	23.08107918
30.41610538	23.04948877
30.44873666	23.07421693
30.43967117	23.06734706
30.45751198	23.08086692
30.44438685	23.07092062
30.47979655	23.09775428
30.43827588	23.06628969
30.48802858	23.10399256
30.44507855	23.07144479
30.491929	23.10694832
30.44209242	23.06918189
30.50691454	23.11830444
30.41963961	23.05216703
30.50975278	23.12045527
30.45651271	23.08010966
30.52278518	23.13033129
30.44894363	23.07437377
30.52004508	23.12825483
30.47441083	23.09367296
30.49216017	23.1071235
30.46969392	23.09009845
30.50665516	23.11810788
30.51492512	23.1243749
30.50693741	23.11832177
30.52234411	23.12999705
30.50361901	23.11580707
30.54152449	23.14453205
30.50380352	23.1159469
30.53882253	23.14248449
30.50041345	23.11337788
30.52440284	23.13155717
30.54842317	23.14975991
30.51875629	23.12727818
30.56817277	23.16472626
30.49806495	23.11159818
30.58499557	23.17747466
30.52542152	23.13232913
30.56758867	23.16428362
30.53703212	23.1411277
30.57967348	23.17344156
30.52717243	23.13365598
30.60273892	23.19092067
30.51386452	23.12357118
30.60609699	23.19346543
30.53007832	23.13585808
30.58527793	23.17768864
30.56617288	23.16321073
30.63288678	23.21376689
30.54571466	23.14770738
30.62429836	23.20725853
30.57117731	23.16700312
30.62442671	23.2073558
30.5834693	23.17631805
30.61301514	23.19870805
30.60776208	23.19472725
30.59191501	23.18271825
30.64090184	23.21984074
30.61021309	23.19658464
30.62160842	23.20522008
30.606556	23.19381328
30.64802366	23.22523769
30.58771407	23.17953476
30.67355033	23.24458194
30.5964239	23.18613512
30.6529909	23.22900189
30.61242462	23.19826055
30.62732685	23.20955354
30.64553896	23.22335477
30.66120057	23.23522323
30.61822456	23.20265577
30.67420739	23.24507987
30.65221219	23.22841179
30.66199279	23.23582358
30.65582915	23.23115274
30.67150908	23.24303507
30.64750076	23.22484144
30.67633161	23.24668961
30.65296731	23.22898401
30.7024582	23.26648848
30.6635745	23.2370222
30.67605678	23.24648134
30.68740624	23.25508203
30.6567014	23.23181373
30.71376645	23.27505794
30.6746797	23.24543779
30.70275619	23.2667143
30.66082208	23.23493641
30.73196361	23.28884784
30.6717839	23.24324333
30.73535156	23.29141524
30.68903348	23.25631516
30.738937	23.29413231
30.66597451	23.23884095
30.72963797	23.28708546
30.69276485	23.25914281
30.747157	23.30036147
30.68687848	23.25468208
30.75090139	23.30319899
30.73363175	23.29011197
30.73797529	23.29340352
30.74150028	23.29607478
30.73074845	23.28792699
30.76206827	23.31166131
30.70789124	23.27060567
30.78288472	23.32743613
30.74079442	23.29553988
30.75494949	23.30626667
30.75696858	23.30779674
30.75145641	23.30361959
30.73891455	23.2941153
30.7903277	23.33307646
30.7128273	23.27434624
30.80610624	23.34503353
30.76185535	23.31149996
30.80698208	23.34569724
30.76572646	23.31443351
30.79788917	23.33880658
30.75089431	23.30319363
30.8185356	23.35445256
30.7622743	23.31181744
30.81785756	23.35393874
30.77779547	23.32357947
30.8166145	23.35299674
30.77750179	23.32335692
30.83537366	23.36721253
30.81371009	23.35079577
30.85716122	23.38372327
30.8081169	23.34655722
30.83597819	23.36767065
30.80974983	23.34779466
30.83967118	23.37046922
30.80775226	23.34628089
30.86379708	23.38875196
30.80260377	23.34237934
30.87108091	23.39427168
30.82591014	23.36004103
30.82491763	23.3592889
30.83768301	23.36896257
30.85355963	23.38099396
30.86524482	23.38984906
30.84437278	23.37403212
30.89947799	23.41579114
30.8267018	23.36064095
30.91278063	23.42587196
30.81756708	23.35371861
30.94782014	23.45242508
30.83551406	23.36731893
30.94188616	23.44792828
30.80937472	23.3475104
30.96415231	23.46480169
30.82037407	23.35584576
30.93371196	23.44173383
30.85398101	23.38131329
30.91086069	23.42441701
30.83924604	23.37014704
30.92586739	23.43578917
30.8615606	23.38705714
30.88802839	23.40711457
30.92713095	23.43674671
30.86698315	23.39116638
30.95944677	23.46123581
30.8749935	23.39723666
30.95894426	23.460855
30.86810347	23.39201536
30.97967202	23.47656261
30.88025145	23.40122117
30.98806451	23.48292249
30.87751455	23.39914713
30.97530039	23.47324977
30.90084263	23.41682527
30.97540927	23.47333227
30.90862936	23.4227261
30.97822536	23.47546632
30.90676236	23.42131128
30.97765482	23.47503397
30.90895839	23.42297544
30.99280915	23.486518
30.94619175	23.45119108
30.97057862	23.46967158
30.92901596	23.43817518
30.96466269	23.46518846
30.9665728	23.46663595
30.97490509	23.47295021
30.97696299	23.47450969
30.95104794	23.45487113
30.99209425	23.48597624
30.96636568	23.46647899
31.01192351	23.50100296
30.94971238	23.45385903
31.02437666	23.51044003
31.00596017	23.49648391
31.02504641	23.51094757
30.9840998	23.47991801
31.02396258	23.51012624
31.00595583	23.49648062
31.01883961	23.50624402
31.00737962	23.49755958
31.05287407	23.53203552
30.99644498	23.48927325
31.05120032	23.53076715
30.97891388	23.47598809
31.07656228	23.54998657
30.99273256	23.48645995
31.08590507	23.55706659
31.00121113	23.49288507
31.10223593	23.5694422
31.00004733	23.49200313
31.0978831	23.5661436
31.0409689	23.52301372
31.05212346	23.5314667
31.09107544	23.56098472
31.0450149	23.52607979
31.08026878	23.55279538
31.0686681	23.54400432
31.08013643	23.55269508
31.05794861	23.53588103
31.12783821	23.58884375
31.04388278	23.52522187
31.14384048	23.60097035
31.05917601	23.53681116
31.13153731	23.59164695
31.05628827	23.53462282
31.14987914	23.60554648
31.0744337	23.54837352
31.14955537	23.60530113
31.08835091	23.55892006
31.12886654	23.58962302
31.10074106	23.56830938
31.11905489	23.5821877
31.11944312	23.5824819
31.13372142	23.59330208
31.13240777	23.59230659
31.13229741	23.59222295
31.16734383	23.61878132
31.12882834	23.58959408
31.18241353	23.63020122
31.10658315	23.57273655
31.19385074	23.6388684
31.10203172	23.56928745
31.18188081	23.62979752
31.13276687	23.59257871
31.20370758	23.64633796
31.13245613	23.59234323
31.19015474	23.63606755
31.1383887	23.59683896
31.18669783	23.63344789
31.14272261	23.60012323
31.19887871	23.64267863
31.15790026	23.61162493
31.19335242	23.63849077
31.17382155	23.62369017
31.19863599	23.64249469
31.15754686	23.61135713
31.2104859	23.65147461
31.17502638	23.6246032
31.21157797	23.65230219
31.17632947	23.62559069
31.1966575	23.64099538
31.20252702	23.64544333
31.21370274	23.65391235
31.20659404	23.64852534
31.20348865	23.64617206
31.23248172	23.66814317
31.19724132	23.6414378
31.24774659	23.67971097
31.21501569	23.65490731
31.25110668	23.68225726
31.19732242	23.64149926
31.25323644	23.68387121
31.24155078	23.67501575
31.241486	23.67496666
31.21691793	23.65634884
31.26080691	23.68960815
31.23261635	23.66824519
31.27732082	23.70212247
31.22731375	23.66422685
31.29474776	23.7153287
31.21803548	23.65719573
31.31488824	23.73059127
31.21729188	23.65663222
31.30056636	23.71973807
31.24521582	23.67779313
31.26784652	23.6949428
31.26518922	23.69292909
31.28267651	23.70618105
31.28743182	23.70978465
31.3131145	23.72924712
31.28361968	23.70689579
31.30014342	23.71941757
31.31314069	23.72926697
31.29710488	23.71711494
31.32570085	23.73878513
31.32442366	23.73781726
31.32929509	23.74150886
31.2885066	23.71059912
31.34103929	23.75040868
31.35201307	23.75872466
31.31469832	23.73044735
31.37235572	23.77414044
31.29077187	23.71231575
31.39453724	23.79094971
31.3033431	23.7218423
31.39049215	23.78788432
31.31434651	23.73018075
31.39200169	23.78902825
31.29330115	23.71423246
31.41156613	23.80385429
31.30951832	23.72652191
31.37317433	23.77476078
31.35902101	23.76403532
31.3349792	23.74581631
31.36683803	23.7699591
31.34721076	23.75508545
31.38527132	23.78392794
31.32586321	23.73890816
31.41519118	23.80660138
31.31229021	23.72862247
31.45679729	23.83813071
31.3177442	23.73275553
31.4382636	23.82408578
31.32854882	23.74094333
31.44974169	23.83278394
31.31996237	23.73443647
31.47277852	23.85024138
31.32393695	23.73744843
31.47989759	23.85563625
31.33841929	23.74842323
31.44221057	23.82707682
31.38917772	23.78688824
31.42616152	23.81491476
31.40704031	23.80042461
31.43064877	23.81831522
31.44304777	23.82771126
31.3950188	23.79131464
31.44847822	23.83182648
31.40609386	23.79970738
31.44902325	23.83223951
31.43301069	23.8201051
31.45763618	23.83876643
31.4116213	23.80389611
31.48020763	23.85587119
31.41445398	23.80604272
31.46748795	23.84623216
31.42344363	23.81285513
31.45610971	23.83760966
31.48055663	23.85613567
31.46854987	23.84703689
31.47318141	23.85054669
31.48471831	23.85928942
31.45237588	23.83478014
31.48525705	23.85969767
31.47668606	23.85320253
31.48348309	23.85835336
31.48693864	23.86097199
31.49258199	23.86524855
31.45326092	23.83545083
31.54869336	23.90777005
31.46053307	23.84096171
31.50551986	23.87505294
31.49464049	23.86680849
31.5024414	23.87272007
31.51319195	23.88086689
31.50688324	23.87608612
31.50037097	23.87115108
31.48856857	23.86220716
31.54977872	23.90859254
31.43994921	23.82536315
31.58420357	23.93467988
31.47588715	23.85259711
31.57210644	23.92551261
31.50332103	23.87338665
31.58732896	23.93704832
31.46813153	23.84671986
31.60119658	23.94755728
31.48258904	23.85767584
31.57424262	23.92713142
31.53345548	23.8962227
31.55310918	23.91111639
31.57289429	23.92610964
31.56343422	23.91894076
31.56888343	23.92307019
31.56723485	23.92182089
31.60202272	23.94818333
31.51947061	23.88562489
31.63434226	23.97267525
31.52558795	23.89026064
31.62389357	23.96475717
31.54777525	23.90707431
31.65705175	23.98988462
31.51267606	23.88047594
31.64550897	23.98113744
31.53650425	23.89853308
31.64401761	23.98000728
31.59505867	23.94290593
31.61611119	23.95885965
31.6121546	23.95586132
31.62905297	23.968667
31.62928333	23.96884156
31.63410005	23.9724917
31.62723318	23.96728795
31.59483684	23.94273783
31.68429129	24.0105269
31.58800091	23.93755753
31.66062657	23.99259365
31.62045279	23.96214974
31.64697876	23.98225126
31.60032403	23.94689605
31.65233024	23.98630664
31.61060482	23.95468689
31.67288858	24.00188586
31.63272176	23.97144723
31.66428148	23.99536335
31.66932102	23.99918234
31.6316889	23.97066452
31.70044079	24.02276508
31.64009987	23.9770384
31.69810369	24.020994
31.65107302	23.98535391
31.70977282	24.02983694
31.66445332	23.99549358
31.70672193	24.02752495
31.68980353	24.0147041
31.67668902	24.00476586
31.70700598	24.02774021
31.68993724	24.01480543
31.71032112	24.03025244
31.70049995	24.02280991
31.6867449	24.01238626
31.7203828	24.03787723
31.68838493	24.01362908
31.72887885	24.04431559
31.68489874	24.01098722
31.73333293	24.04769091
31.68285308	24.00943701
31.73091596	24.04585932
31.6880986	24.01341209
31.72281373	24.03971941
31.71500623	24.03380284
31.74339472	24.05531579
31.70963158	24.0297299
31.71322205	24.03245078
31.73594368	24.04966935
31.70846354	24.02884476
31.75787707	24.06629059
31.73521383	24.04911627
31.76280909	24.07002811
31.73175987	24.04649884
31.73145174	24.04626534
31.78356662	24.08575827
31.75478388	24.06394656
31.773556	24.07817217
31.75387551	24.06325819
31.78693207	24.08830863
31.7005915	24.02287928
31.82406422	24.11644757
31.71548483	24.03416553
31.83109712	24.12177715
31.72723537	24.04307015
31.81593592	24.1102879
31.76723101	24.07337906
31.8130357	24.1080901
31.78872415	24.08966668
31.81636065	24.11060977
31.78467238	24.08659622
31.79318846	24.09304976
31.8208458	24.11400864
31.7978842	24.09660822
31.8221989	24.11503403
31.79632127	24.09542382
31.83965245	24.12826042
31.81239027	24.10760099
31.83509279	24.12480509
31.8172068	24.11125099
31.83291705	24.1231563
31.81738391	24.1113852
31.82137141	24.11440695
31.82746426	24.11902414
31.84735921	24.13410064
31.81775145	24.11166372
31.84737222	24.1341105
31.7981738	24.09682768
31.91776075	24.18745131
31.80458248	24.10168421
31.89762358	24.17219125
31.79999251	24.0982059
31.91774437	24.1874389
31.81324599	24.10824946
31.89956371	24.17366149
31.84736762	24.13410702
31.9181698	24.18776129
31.84190605	24.12996821
31.90720041	24.17944863
31.8727475	24.15334003
31.88392469	24.16181017
31.90112615	24.17484552
31.89663732	24.17144386
31.90675354	24.17910998
31.89938677	24.17352741
31.91764523	24.18736377
31.87959985	24.15853278
31.92879911	24.19581624
31.88854531	24.16531169
31.91667441	24.18662808
31.88867444	24.16540955
31.91495464	24.18532482
31.90423421	24.17720083
31.9051376	24.17788542
31.91813045	24.18773147
31.92020342	24.18930238
31.93833491	24.20304252
31.91186195	24.18298117
31.94704191	24.20964073
31.90566246	24.17828316
31.98855207	24.24109735
31.91135812	24.18259937
31.96034222	24.21971978
31.95732625	24.21743426
31.91580411	24.18596856
31.97627069	24.23179046
31.95369851	24.21468514
31.97660908	24.2320469
31.9452333	24.20827016
31.97613231	24.23168559
31.96707635	24.22482294
31.98694092	24.23987642
31.94521749	24.20825818
31.99344947	24.24480863
31.94457766	24.20777331
31.97837005	24.23338137
31.98200803	24.23613825
31.98649926	24.23954173
31.97056573	24.22746721
31.99957252	24.24944871
31.99010256	24.24227232
31.989343	24.24169672
32.00342114	24.25236521
31.99603541	24.24676827
32.01404026	24.26041245
31.97095481	24.22776205
32.00848442	24.2562022
32.01132272	24.25835308
32.02642462	24.26979737
31.97237411	24.22883761
32.05449753	24.29107118
31.95565413	24.21616712
32.10467837	24.3290985
31.96735298	24.22503257
32.06770536	24.30108015
32.01232969	24.25911616
32.06014622	24.29535179
32.00759906	24.25553127
32.06320886	24.29767268
32.03547261	24.27665399
32.05981722	24.29510247
32.05238296	24.28946875
32.05251548	24.28956917
32.08141311	24.31146795
32.03271662	24.27456549
32.07649093	24.3077379
32.01878028	24.26400445
32.09411533	24.32109376
32.02411016	24.26804346
32.11152337	24.33428567
32.03366365	24.27528315
32.10368662	24.32834694
32.0291048	24.27182843
32.10228339	24.32728356
32.09466769	24.32151234
32.06892971	24.30200796
32.1246607	24.34424121
32.05731869	24.29320907
32.10117315	24.32644222
32.10809459	24.33168732
32.10912759	24.33247013
32.1036236	24.32829918
32.14845071	24.36226941
32.08226732	24.31211528
32.16946137	24.3781914
32.07975577	24.31021201
32.15359074	24.36616455
32.10394071	24.32853949
32.1430206	24.35815444
32.10742946	24.33118329
32.15764443	24.36923646
32.10691174	24.33079096
32.14965284	24.36318039
32.14141269	24.35693596
32.13952513	24.35550555
32.18351752	24.38884323
32.11219019	24.33479099
32.2097722	24.40873916
32.08417494	24.31356088
32.20451152	24.4047526
32.11634505	24.33793956
32.2059164	24.40581722
32.14087395	24.3565277
32.23341874	24.42665864
32.13939149	24.35540428
32.22609422	24.42110808
32.16402006	24.37406795
32.19358122	24.39646955
32.2033184	24.40384844
32.20591402	24.40581541
32.19271587	24.39581378
32.16535016	24.3750759
32.21143127	24.40999642
32.17668616	24.38366639
32.21278153	24.41101965
32.17914668	24.38553098
32.24159799	24.43285692
32.18993055	24.39370305
32.2475417	24.4373611
32.19985616	24.40122473
32.24079273	24.43224669
32.21892155	24.41567259
32.22652072	24.42143128
32.21819471	24.41512178
32.21476665	24.41252399
32.25984739	24.44668642
32.21267416	24.41093828
32.26170502	24.44809414
32.20477728	24.40495399
32.24890344	24.43839303
32.24260638	24.43362108
32.27122141	24.4553057
32.24388642	24.43459111
32.26314891	24.44918832
32.23766258	24.42987464
32.27030912	24.45461437
32.2559595	24.44374015
32.28586264	24.46640091
32.25443659	24.44258608
32.26345709	24.44942186
32.29296471	24.4717829
32.2686483	24.45335579
32.28712053	24.46735414
32.28985832	24.46942886
32.28588446	24.46641745
32.31830441	24.49098546
32.29128024	24.4705064
32.33514998	24.50375112
32.28259963	24.46392818
32.32177706	24.49361705
32.31105152	24.48548918
32.30811146	24.48326119
32.33914015	24.50677489
32.29734376	24.47510136
32.33887435	24.50657347
32.30183997	24.47850862
32.36906124	24.52944926
32.2854834	24.46611352
32.36074028	24.52314359
32.29347721	24.47217127
32.3946328	24.54882753
32.25348711	24.44186655
32.3974253	24.55094369
32.30233826	24.47888622
32.34904088	24.51427772
32.3584112	24.5213786
32.34241606	24.50925739
32.38625215	24.54247662
32.3187819	24.4913473
32.36769991	24.52841764
32.33890151	24.50659405
32.39071462	24.5458583
32.35145427	24.5161066
32.3975103	24.55100811
32.36106147	24.52338699
32.41504168	24.56429348
32.35680129	24.5201586
32.40058241	24.55333617
32.38074171	24.53830078
32.40683814	24.5580768
32.38895293	24.54452329
32.40612457	24.55753605
32.39233177	24.54708379
32.39495543	24.54907201
32.43057132	24.57606193
32.38979046	24.54515797
32.44138974	24.58426019
32.39771505	24.55116327
32.42086535	24.56870669
32.41584914	24.56490538
32.41373234	24.56330125
32.43128091	24.57659966
32.43315056	24.57801649
32.4575603	24.59651432
32.41816022	24.56665673
32.47716126	24.61136803
32.42706452	24.57340446
32.4526003	24.59275561
32.4294512	24.57521309
32.46976131	24.60576032
32.43120508	24.5765422
32.4717465	24.6072647
32.45159731	24.59199554
32.47371271	24.60875471
32.46490342	24.60207898
32.46548395	24.60251891
32.49594541	24.62560277
32.4428959	24.58540156
32.50865087	24.63523103
32.42791139	24.57404622
32.5359033	24.65588307
32.44993437	24.59073535
32.53755291	24.65713315
32.47446133	24.60932202
32.50896995	24.63547283
32.48825678	24.61977628
32.50696714	24.63395509
32.51064895	24.63674519
32.47972606	24.61331165
32.50689346	24.63389926
32.48946905	24.62069495
32.53472541	24.65499046
32.49357192	24.62380413
32.54672531	24.66408404
32.51086762	24.6369109
32.54483115	24.66264865
32.52281541	24.645965
32.53783315	24.65734552
32.5229543	24.64607025
32.55982687	24.67401248
32.52128071	24.64480199
32.56149908	24.67527969
32.55200122	24.66808216
32.51634264	24.64105989
32.60859446	24.71096882
32.51774717	24.64212426
32.61224689	24.71373666
32.52932933	24.65090128
32.59934914	24.70396267
32.54193083	24.66045077
32.58023462	24.68947758
32.56393483	24.67712552
32.60304538	24.7067637
32.55947025	24.67374223
32.59601989	24.70143975
32.56698407	24.67943624
32.60396067	24.70745731
32.58829684	24.69558718
32.58241405	24.69112917
32.60489255	24.70816349
32.60562567	24.70871906
32.60637653	24.70928807
32.58823353	24.6955392
32.6301437	24.72729895
32.55743246	24.67219798
32.65634312	24.74715302
32.57534822	24.68577464
32.63655012	24.73215377
32.62014499	24.71972188
32.63390478	24.73014912
32.60689157	24.70967836
32.62858989	24.72612147
32.63380838	24.73007607
32.60441183	24.7077992
32.64273724	24.7368424
32.60143525	24.70554354
32.67041105	24.75781377
32.60597696	24.70898527
32.67340279	24.76008092
32.63448789	24.730591
32.68187719	24.76650287
32.63208361	24.72876903
32.67469113	24.76105724
32.65307277	24.74467473
32.65205417	24.74390283
32.67702535	24.76282612
32.65322957	24.74479355
32.72125361	24.79634254
32.63266564	24.72921009
32.70794231	24.78625516
32.66755868	24.75565223
32.69227561	24.77438285
32.67972028	24.76486835
32.68083217	24.76571095
32.69276702	24.77475524
32.70633079	24.78503394
32.72542337	24.79950241
32.68643645	24.7699579
32.74179654	24.81191008
32.66643896	24.7548037
32.75556819	24.82234631
32.68901678	24.77191329
32.77029284	24.83350473
32.68089836	24.76576111
32.76700269	24.83101144
32.68986733	24.77255784
32.72994814	24.8029313
32.75020035	24.81827853
32.72107693	24.79620864
32.7674282	24.83133389
32.71386081	24.79074023
32.76752758	24.8314092
32.71055344	24.78823389
32.76881631	24.83238581
32.74856857	24.81704196
32.77177865	24.83463069
32.74432288	24.81382455
32.76353603	24.82838438
32.73953189	24.81019391
32.78665757	24.84590601
32.74063461	24.81102956
32.81457416	24.86706136
32.74065879	24.81104789
32.79030898	24.84867306
32.77085969	24.83393429
32.80494449	24.85976394
32.79622182	24.85315385
32.78938056	24.8479695
32.82171955	24.87247616
32.78928833	24.84789961
32.83646751	24.88365225
32.79615274	24.8531015
32.82506751	24.87501327
32.78946582	24.84803412
32.8283533	24.87750326
32.78294063	24.84308929
32.86250644	24.90338469
32.78320083	24.84328647
32.85345115	24.89652254
32.80345779	24.85863731
32.84025236	24.88652043
32.80493846	24.85975937
32.86564613	24.90576397
32.81098276	24.86433977
32.84810198	24.89246891
32.83196037	24.88023671
32.85005645	24.89395002
32.86375109	24.9043279
32.81575508	24.86795626
32.87200201	24.91058049
32.86346792	24.90411331
32.88993795	24.92417244
32.82941642	24.8783089
32.87139894	24.91012348
32.85084523	24.89454776
32.87275934	24.91115439
32.83778361	24.8846496
32.88127397	24.91760683
32.8838242	24.91953941
32.84083594	24.88696267
32.88308632	24.91898024
32.84837641	24.89267688
32.91758339	24.94512231
32.84677488	24.89146323
32.90259151	24.93376137
32.88512001	24.92052138
32.89303368	24.9265184
32.92157078	24.94814397
32.87738394	24.91465894
32.90679804	24.9369491
32.8724882	24.91094892
32.94128488	24.96308342
32.86074425	24.9020493
32.98393797	24.99540616
32.86054164	24.90189576
32.97127829	24.98581259
32.89495073	24.92797115
32.94167709	24.96338064
32.93200831	24.95605358
32.93810334	24.96067243
32.91798392	24.94542582
32.96208839	24.97884843
32.94992239	24.96962897
32.92213017	24.94856787
32.97140156	24.985906
32.91558966	24.94361144
33.00154484	25.00874874
32.9363947	24.95937762
33.01776271	25.02103873
32.94445361	24.9654847
33.02119315	25.02363834
32.95431601	24.97295848
32.99109935	25.00083309
32.97343345	24.98744578
32.971415	24.98591618
33.00946358	25.01474961
32.93146819	24.95564428
33.04307451	25.04022015
32.95604284	24.97426708
33.01855266	25.02163736
32.99078887	25.00059781
33.00718799	25.01302515
32.97295978	24.98708683
33.02599082	25.02727404
32.99104555	25.00079232
33.03643727	25.03519041
33.00367902	25.01036603
33.00854132	25.01405071
33.01375329	25.01800037
33.00649394	25.0124992
33.02724805	25.02822677
33.04908807	25.04477725
33.0156118	25.01940876
33.0155013	25.01932502
33.03517972	25.03423744
33.01255799	25.01709456
33.03647447	25.0352186
33.01800533	25.02122259
33.04705865	25.04323935
33.03922774	25.03730505
33.03319726	25.03273512
33.06689381	25.05827054
33.04385354	25.0408105
33.07037121	25.06090574
33.07045408	25.06096854
33.05953133	25.05269122
33.10023864	25.08353943
33.0859708	25.07272719
33.09220023	25.07744788
33.10118573	25.08425715
33.09071258	25.07632054
33.09835752	25.08211391
33.09414364	25.07892062
33.13578448	25.11047626
33.11014107	25.09104355
33.09312482	25.07814854
33.09888889	25.08251659
33.11313606	25.09331317
33.10638262	25.08819537
33.12981974	25.10595616
33.12763166	25.10429801
33.11757665	25.09667827
33.14283095	25.11581612
33.10453076	25.08679203
33.16671125	25.13391274
33.10147944	25.08447972
33.16811719	25.13497817
33.10350369	25.08601371
33.17430534	25.13966758
33.11959277	25.0982061
33.14331058	25.11617959
33.14065268	25.11416541
33.15028214	25.12146267
33.16191152	25.13027547
33.1421978	25.11533632
33.16169257	25.13010955
33.14073064	25.11422449
33.14849845	25.12011098
33.13250372	25.10799009
33.17732512	25.14195599
33.14886626	25.12038971
33.19193101	25.15302441
33.18209626	25.14557158
33.19018425	25.15170071
33.19889621	25.15830267
33.14128902	25.11464763
33.18904716	25.15083901
33.16138178	25.12987404
33.20952094	25.16635415
33.16386128	25.13175301
33.216339	25.17152092
33.17470651	25.13997159
33.24468926	25.19300489
33.21143796	25.16780688
33.21342526	25.16931287
33.20135911	25.16016908
33.23340897	25.18445663
33.19912576	25.15847663
33.24845414	25.19585794
33.2453094	25.19347484
33.25452803	25.20046077
33.22064934	25.17478731
33.24440483	25.19278936
33.25048813	25.19739931
33.24315778	25.19184433
33.2492581	25.19646719
33.26573044	25.20895001
33.25319636	25.19945162
33.23759192	25.18762649
33.27762854	25.21796646
33.2499648	25.19700273
33.3066979	25.23999538
33.2120589	25.16827743
33.33706807	25.26301005
33.20367047	25.16192063
33.33832037	25.26395906
33.21526653	25.17070819
33.32446214	25.25345721
33.24899385	25.19626694
33.32741794	25.25569714
33.2719595	25.21367043
33.2974117	25.23295825
33.27164477	25.21343193
33.28544129	25.22388701
33.33348502	25.2602948
33.24194635	25.19092631
33.33935762	25.26474509
33.26770681	25.21044772
33.35066973	25.27331747
33.28929186	25.22680499
33.37667367	25.29302339
33.27385375	25.21510591
33.35566579	25.27710351
33.32337431	25.25263285
33.31178617	25.2438513
33.34210022	25.26682344
33.31276942	25.24459641
33.38015149	25.2956589
33.28624267	25.22449429
33.41197563	25.31977541
33.29340041	25.22991847
33.4128456	25.32043468
33.3014195	25.23599538
33.4130668	25.3206023
33.35660933	25.27781853
33.38396637	25.29854984
33.36905676	25.28725125
33.37076179	25.28854334
33.39331379	25.30563336
33.35227296	25.27453241
33.40642359	25.31556804
33.34877806	25.27188395
33.42264934	25.327864
33.35652226	25.27775255
33.40341238	25.31328614
33.35382892	25.27571152
33.42834837	25.33218276
33.39138243	25.30416977
33.39452381	25.30655033
33.39656427	25.30809659
33.40862695	25.31723776
33.43247368	25.33530894
33.41032535	25.31852482
33.40977509	25.31810783
33.4187935	25.32494203
33.42520016	25.32979703
33.41337377	25.32083493
33.4181399	25.32444673
33.44742849	25.34664178
33.42477054	25.32947146
33.42179246	25.32721466
33.44729605	25.34654141
33.42790891	25.33184973
33.44816564	25.3472004
33.4135803	25.32099143
33.47252625	25.36566099
33.40811291	25.31684822
33.49794947	25.38492685
33.39816955	25.30931309
33.46616354	25.3608393
33.45844699	25.35499166
33.47421435	25.36694025
33.47291207	25.36595337
33.46670467	25.36124937
33.48798913	25.37737885
33.47273198	25.3658169
33.47428767	25.36699581
33.48295988	25.37356766
33.49988869	25.3863964
33.47271368	25.36580303
33.46685742	25.36136512
33.49869573	25.38549237
33.4917002	25.38019112
33.47425137	25.3669683
33.51946021	25.4012278
33.47019709	25.36389594
33.54182357	25.41817488
33.46981182	25.36360399
33.55448904	25.42777284
33.47544469	25.36787261
33.52974676	25.40902301
33.50678166	25.39161993
33.50845273	25.39288627
33.5560817	25.42897977
33.51214123	25.39568144
33.53072886	25.40976724
33.51056628	25.39448793
33.55880443	25.43104307
33.49922601	25.38589422
33.58445348	25.45048005
33.47742866	25.36937607
33.58651511	25.45204237
33.50503788	25.39029848
33.5812577	25.44805828
33.54037354	25.41707604
33.5678071	25.43786534
33.55533136	25.42841116
33.55731943	25.42991772
33.56251204	25.43385271
33.55384352	25.42728366
33.59474976	25.45828263
33.55969168	25.43171543
33.59106187	25.45548793
33.5622015	25.43361738
33.59334548	25.45721846
33.57873787	25.44614873
33.57192057	25.44098255
33.59853468	25.46115087
33.59600293	25.45923229
33.59830096	25.46097375
33.60221402	25.46393908
33.59844947	25.46108629
33.61284232	25.47199327
33.60216933	25.46390522
33.63232597	25.48675809
33.60843985	25.46865706
33.64132517	25.49357773
33.62517797	25.48134129
33.61080026	25.47044579
33.66230766	25.50947837
33.60032626	25.46250853
33.66583675	25.51215274
33.62463542	25.48093014
33.65105321	25.50094969
33.64151486	25.49372148
33.63431862	25.48826813
33.66167893	25.50900192
33.6479434	25.49859306
33.63496197	25.48875566
33.64771548	25.49842034
33.67639963	25.52015734
33.6378365	25.49093399
33.66020068	25.50788169
33.64300336	25.49484947
33.66696524	25.51300791
33.64733097	25.49812896
33.69566518	25.53475688
33.63859091	25.49150569
33.69346054	25.5330862
33.67192041	25.51676296
33.65947164	25.50732922
33.68866086	25.52944897
33.67145018	25.51640662
33.68818219	25.52908623
33.66676988	25.51285987
33.70007177	25.53809622
33.67978543	25.52272312
33.69028997	25.53068351
33.69876933	25.53710922
33.7072727	25.54355312
33.72324619	25.55565792
33.72012216	25.55329051
33.70654713	25.54300328
33.73334733	25.56331262
33.73896023	25.5675661
33.73348827	25.56341943
33.74608666	25.57296655
33.73935702	25.56786679
33.75056408	25.57635957
33.74887358	25.57507849
33.72955223	25.56043667
33.78371562	25.60148198
33.74408162	25.57144712
33.76104299	25.58430054
33.77967765	25.59842199
33.74058353	25.56879625
33.79399294	25.60927019
33.75227528	25.57765632
33.77812892	25.59724835
33.76666252	25.58855905
33.78688337	25.60388252
33.74883009	25.57504554
33.7897781	25.60607616
33.77880813	25.59776306
33.7573281	25.58148538
33.80741723	25.61944318
33.74559763	25.57259596
33.80339094	25.61639204
33.77295486	25.59332742
33.81743727	25.62703643
33.7788127	25.59776652
33.8186189	25.62793188
33.81129131	25.62237898
33.77297947	25.59334607
33.83879591	25.64322212
33.77880687	25.5977621
33.87103944	25.66765644
33.7609377	25.58422075
33.85255383	25.65364795
33.78198769	25.60017255
33.86874344	25.66591652
33.79381345	25.60913417
33.85432843	25.65499275
33.82190923	25.63042531
33.81511819	25.62527902
33.85384514	25.65462651
33.81010541	25.6214803
33.87210415	25.66846329
33.81034244	25.62165992
33.8698949	25.66678911
33.84394876	25.64712698
33.88417221	25.67760853
33.84946894	25.6513102
33.84190557	25.64557864
33.85768498	25.65753636
33.84276471	25.6462297
33.91197281	25.69867597
33.86058392	25.65973319
33.88330994	25.67695509
33.8988114	25.68870218
33.88555181	25.678654
33.90526848	25.69359539
33.89192693	25.6834851
33.8828886	25.6766358
33.89827034	25.68829217
33.91409778	25.70028629
33.90583202	25.69402245
33.92231131	25.70651054
33.90324108	25.69205902
33.92571967	25.70909342
33.93709909	25.7177168
33.90221613	25.69128231
33.94549226	25.72407719
33.91006621	25.69723114
33.93679522	25.71748653
33.90871656	25.69620836
33.9734539	25.74526667
33.90773245	25.6954626
33.96971259	25.74243148
33.93696071	25.71761193
33.94839289	25.72627531
33.96346015	25.73769335
33.93894907	25.71911872
33.96613578	25.73972096
33.94246081	25.72177994
33.98810596	25.75637008
33.92501299	25.70855789
33.97264951	25.7446571
33.95662397	25.73251286
33.96868991	25.74165649
33.96555417	25.73928022
33.97882984	25.74934059
33.97971144	25.75000867
33.97612248	25.74728893
34.00947827	25.77256614
33.99144265	25.75889864
34.01066901	25.77346848
33.97914974	25.74958301
33.99570062	25.76212536
33.99506652	25.76164484
34.01042887	25.77328651
34.0131802	25.77537148
34.00243461	25.76722841
34.01126207	25.7739179
34.04362149	25.79844005
33.9797769	25.75005828
34.03267616	25.79014562
33.99871647	25.76441078
34.04893346	25.80246549
34.01931864	25.78002322
34.04104057	25.79648421
34.03296433	25.79036399
34.03382775	25.7910183
34.02763566	25.7863259
34.01427832	25.77620364
34.09338409	25.83615042
34.03941485	25.79525224
34.06537245	25.81492304
34.05074626	25.80383924
34.036366	25.7929418
34.09504978	25.83741269
34.02407723	25.7836293
34.10629088	25.84593125
34.05214443	25.80489878
34.08105334	25.82680611
34.06685921	25.81604972
34.06669823	25.81592773
34.0904374	25.8339174
34.07608195	25.82303876
34.1028899	25.84335397
34.04827827	25.80196899
34.10301558	25.84344922
34.05606858	25.80787252
34.08304962	25.8283189
34.08854719	25.83248498
34.12133831	25.85733427
34.10367663	25.84395016
34.10863065	25.84770434
34.09691268	25.8388244
34.09802716	25.83966896
34.15093182	25.87976039
34.10383481	25.84407003
34.13521301	25.8678486
34.1270685	25.86167664
34.16060796	25.88709303
34.11362645	25.85149018
34.15501343	25.88285347
34.11839986	25.85510751
34.14979756	25.87890085
34.14615534	25.87614076
34.15466806	25.88259174
34.12288305	25.85850489
34.15248296	25.88093586
34.15631246	25.88383787
34.17145181	25.89531056
34.15759826	25.88481226
34.16295199	25.88886934
34.16827721	25.89290483
34.15892585	25.88581831
34.17271939	25.89627114
34.17480544	25.89785196
34.15600513	25.88360498
34.1808346	25.90242089
34.17675066	25.89932605
34.19340906	25.91194988
34.17881014	25.90088674
34.19123961	25.91030585
34.18090919	25.90247741
34.18375502	25.904634
34.20333145	25.91946912
34.1774856	25.89988299
34.20759872	25.92270288
34.19130033	25.91035187
34.20065388	25.91744004
34.20595796	25.92145951
34.18624225	25.90651883
34.21988055	25.93201012
34.2474284	25.95288603
34.20589389	25.92141095
34.22394505	25.93509022
34.20732022	25.92249183
34.24820138	25.9534718
34.19197529	25.91086336
34.28453625	25.98100656
34.23079228	25.94027908
34.25101077	25.95560077
34.26709481	25.96778934
34.22235086	25.93388213
34.27155758	25.97117125
34.25323367	25.95728529
34.26281575	25.96454664
34.2648201	25.96606555
34.25093229	25.9555413
34.26203399	25.96395422
34.28906617	25.98443935
34.26338739	25.96497983
34.27120224	25.97090197
34.28732469	25.98311965
34.26810442	25.96855443
34.30027073	25.99293023
34.29145188	25.98624726
34.26780216	25.96832537
34.31112618	26.00115655
34.2960277	25.98971484
34.28793896	25.98358515
34.31291372	26.00251116
34.28484696	25.98124201
34.31327119	26.00278205
34.29039585	25.98544699
34.32454607	26.01132621
34.32829925	26.01417039
34.31053897	26.00071156
34.34114539	26.02390526
34.32578442	26.01226464
34.31582943	26.0047207
34.32553122	26.01207276
34.30016635	25.99285113
34.33355008	26.0181495
34.32062572	26.00835535
34.34530215	26.02705528
34.30952619	25.99994407
34.34685277	26.02823035
34.3490245	26.0298761
34.3397642	26.02285859
34.38199983	26.05486498
34.33908329	26.0223426
34.37786871	26.0517344
34.36195566	26.0396754
34.37591359	26.0502528
34.37395835	26.0487711
34.37851213	26.05222199
34.34860457	26.02955787
34.39430461	26.06418961
34.38116334	26.05423108
34.36888535	26.04492676
34.39770171	26.06676395
34.37611415	26.05040478
34.40402975	26.07155937
34.38166834	26.05461378
34.42351035	26.08632188
34.36954695	26.04542812
34.42122488	26.08458994
34.39090708	26.06161495
34.39191546	26.0623791
34.4452662	26.10280858
34.39854052	26.0673996
34.45812645	26.11255414
34.40780565	26.07442077
34.429642	26.09096848
34.4311913	26.09214254
34.43446385	26.0946225
34.44999143	26.10638938
34.43782702	26.09717113
34.43173486	26.09255446
34.44542966	26.10293245
34.47419072	26.12472774
34.45489969	26.11010889
34.45626096	26.11114046
34.43171692	26.09254086
34.46411128	26.11708948
34.43408146	26.09433272
34.45758003	26.11214006
34.46427358	26.11721247
34.44620055	26.10351664
34.47086125	26.12220464
34.47583752	26.12597569
34.45284472	26.10855162
34.4834289	26.13172848
34.48143839	26.13022006
34.45938985	26.11351156
34.49866177	26.14327203
34.50874656	26.15091433
34.49186321	26.13812004
34.48579509	26.13352159
34.48755191	26.13485292
34.50681334	26.14944933
34.50372856	26.14711167
34.4935277	26.1393814
34.5374081	26.17263421
34.48176388	26.13046672
34.52035287	26.15970966
34.51045242	26.15220705
34.54343542	26.17720174
34.51941652	26.15900009
34.55459826	26.185661
34.5130196	26.15415247
34.51887873	26.15859255
34.55667927	26.187238
34.52256443	26.1613856
34.56463262	26.1932651
34.49983738	26.14416292
34.57357526	26.20004188
34.50998002	26.15184906
34.58461488	26.20840776
34.5288873	26.1661771
34.5681894	26.19596045
34.55840391	26.18854495
34.56425773	26.192981
34.59213786	26.21410872
34.53886186	26.17373588
34.58372463	26.20773312
34.5450378	26.17841604
34.58364014	26.2076691
34.56591665	26.19423814
34.5843275	26.20818999
34.57013199	26.19743255
34.56703316	26.19508424
34.59409043	26.21558838
34.61481615	26.23129445
34.5838817	26.20785215
34.60647519	26.22497362
34.59212562	26.21409944
34.61063692	26.2281274
34.60144909	26.22116482
34.61014918	26.22775779
34.61881875	26.23432764
34.60412946	26.22319601
34.62700104	26.24052822
34.62749804	26.24090485
34.61730726	26.23318222
34.64144719	26.25147559
34.65460658	26.26144785
34.6213414	26.23623931
34.62215375	26.23685492
34.66956998	26.27278719
34.63574678	26.24715579
34.67067081	26.27362141
34.61400118	26.23067685
34.67810621	26.279256
34.64803846	26.25647049
34.66863048	26.27207524
34.63478137	26.2464242
34.66563007	26.26980151
34.65832306	26.26426422
34.6836986	26.28349394
34.67815434	26.27929247
34.66399494	26.2685624
34.68932052	26.28775426
34.66548377	26.26969064
34.69100334	26.28902951
34.68141834	26.28176595
34.68668616	26.28575793
34.67852571	26.27957389
34.70065052	26.29634019
34.66840462	26.27190408
34.7192227	26.31041429
34.67123466	26.2740487
34.70608552	26.30045887
34.70497373	26.29961635
34.70044323	26.29618311
34.71431575	26.30669578
34.69753449	26.29397885
34.72318896	26.31341995
34.68240869	26.28251644
34.73767103	26.32439454
34.67668	26.2781752
34.74278996	26.32827369
34.70709676	26.30122519
34.71160589	26.30464223
34.72701015	26.31631566
34.71943792	26.31057739
34.72538743	26.31508596
34.71236943	26.30522085
34.75712454	26.33913651
34.7155741	26.30764937
34.76462461	26.3448201
34.73017205	26.31871177
34.74802041	26.33223735
34.73792793	26.32458921
34.76798309	26.34736518
34.7674901	26.34699159
34.7426608	26.32817581
34.77505982	26.35272796
34.74652349	26.33110298
34.79846294	26.37046298
34.74226579	26.32787647
34.79752751	26.3697541
34.76602504	26.34588136
34.79605605	26.36863902
34.80550001	26.3757957
34.77672745	26.3539917
34.79940743	26.37117872
34.80735477	26.37720125
34.78808889	26.36260146
34.79178802	26.36540468
34.81865087	26.3857615
34.79388264	26.366992
34.80501006	26.37542442
34.82375696	26.38963092
34.82176241	26.38811944
34.82306968	26.3891101
34.84199417	26.40345117
34.8167131	26.38429305
34.81812594	26.3853637
34.83864544	26.40091349
34.81939675	26.38632672
34.8684325	26.42348629
34.80773826	26.37749186
34.86943266	26.42424421
34.8222318	26.38847514
34.87351672	26.42733913
34.85234699	26.4112966
34.85893535	26.41628929
34.86080437	26.41770564
34.84135147	26.40296413
34.87412723	26.42780178
34.86060821	26.41755699
34.87983982	26.43213081
34.85786557	26.4154786
34.86377908	26.4199599
34.86444514	26.42046464
34.8732056	26.42710336
34.88692749	26.43750188
34.86817742	26.42329299
34.90733511	26.45296689
34.86421129	26.42028743
34.88746215	26.43790705
34.90779438	26.45331493
34.88717727	26.43769117
34.92477457	26.46618261
34.87171517	26.42597391
34.86522901	26.42105866
34.91677798	26.46012275
34.90512529	26.45129228
34.90779609	26.45331622
34.92389428	26.46551552
34.89581546	26.44423723
34.92465348	26.46609084
34.91751953	26.4606847
34.90460922	26.4509012
34.95312508	26.48766678
34.90332813	26.44993038
34.93128707	26.47111781
34.95584761	26.48972993
34.92723094	26.46804406
34.97779725	26.50636348
34.92472546	26.46614539
34.96025515	26.49306998
34.95332151	26.48781564
34.94358053	26.48043386
34.97119444	26.50135984
34.95184389	26.48669588
34.97854515	26.50693025
34.92866212	26.46912862
34.98931651	26.51509284
34.95986556	26.49277475
34.98073554	26.50859013
34.96157214	26.49406801
34.99207314	26.51718183
34.97881903	26.50713779
34.98100382	26.50879343
34.99539507	26.51969921
34.99813442	26.5217751
34.99138267	26.51665859
35.00175657	26.52451998
34.9958068	26.52001121
34.9918841	26.51703857
34.99016086	26.51573269
35.0088971	26.52993112
35.00582802	26.52760535
35.00953821	26.53041695
35.01796549	26.53680319
35.02607923	26.54295183
35.01854347	26.53724118
35.02321799	26.54078356
35.02980915	26.54577838
35.00361536	26.52592859
35.03646806	26.55082454
35.02731031	26.54388475
35.02940994	26.54547586
35.05229383	26.56281739
35.03698035	26.55121275
35.05365522	26.56384906
35.07429329	26.5794887
35.04647552	26.55840824
35.0856749	26.58811375
35.05493922	26.56482208
35.08863064	26.59035362
35.08350134	26.58646661
35.0748772	26.57993119
35.06396048	26.57165844
35.0927729	26.59349265
35.05314808	26.56346475
35.08492722	26.58754715
35.08583939	26.5882384
35.07585292	26.58067059
35.12403764	26.61718524
35.05405778	26.56415412
35.1285585	26.62061117
35.08557088	26.58803492
35.10599867	26.60351521
35.10121954	26.59989356
35.11381777	26.60944057
35.12147778	26.61524536
35.09739864	26.59699806
35.12830473	26.62041886
35.1033063	26.60147492
35.11776889	26.61243475
35.15162365	26.63809007
35.11024592	26.6067338
35.16503456	26.64825293
35.11070568	26.60708221
35.13087084	26.62236347
35.14845809	26.63569119
35.16801353	26.65051041
35.09962567	26.59868571
35.15859102	26.64336998
35.13883985	26.62840243
35.13560123	26.62594819
35.1544876	26.64026038
35.14138233	26.63032914
35.15608518	26.64147104
35.18337071	26.66214816
35.14890484	26.63602973
35.18593251	26.66408951
35.14917107	26.63623148
35.17316316	26.65441282
35.16257966	26.64639258
35.17668253	26.65707982
35.15417636	26.64002453
35.21675885	26.68744987
35.12993077	26.62165109
35.21620841	26.68703274
35.17015737	26.65213502
35.18165944	26.66085135
35.20740894	26.68036446
35.20954654	26.68198434
35.15480847	26.64050354
35.23559314	26.70172259
35.17297667	26.6542715
35.20280327	26.67687426
35.21585033	26.68676139
35.21866351	26.68889323
35.21483008	26.68598824
35.21556656	26.68654635
35.21512139	26.68620899
35.23520808	26.7014308
35.23849529	26.70392186
35.21545269	26.68646006
35.25304885	26.71495063
35.21599057	26.68686766
35.24717999	26.71050317
35.21761085	26.68809552
35.26706107	26.72556916
35.22556903	26.69412627
35.23528112	26.70148615
35.2729281	26.73001523
35.20958305	26.68201201
35.28594234	26.73987749
35.22243115	26.69174837
35.2891043	26.74227364
35.25434509	26.71593292
35.2753788	26.73187238
35.25864775	26.71919351
35.28050309	26.7357556
35.25789636	26.7186241
35.27784856	26.73374398
35.2818697	26.73679122
35.26133797	26.72123217
35.30414028	26.75366799
35.29112193	26.74380262
35.27857361	26.73429343
35.31676777	26.76323717
35.29215676	26.74458681
35.28729646	26.74090365
35.33554313	26.77746524
35.28135126	26.73639835
35.30267538	26.75255788
35.31088995	26.75878293
35.31097196	26.75884507
35.31627374	26.76286279
35.34650439	26.78577174
35.29962221	26.75024417
35.33814384	26.77943607
35.30773438	26.75639162
35.31116256	26.75898952
35.35812353	26.79457679
35.30964849	26.75784214
35.3317554	26.77459488
35.34215247	26.78247383
35.3501497	26.78853418
35.34092356	26.78154256
35.3498597	26.78831442
35.35298378	26.79068186
35.36669389	26.80107146
35.37311651	26.80593855
35.33682838	26.77843921
35.40947578	26.8334918
35.33792568	26.77927075
35.4156348	26.83815914
35.3394496	26.78042558
35.38866923	26.81772448
35.35048546	26.78878862
35.40407581	26.82939967
35.35838231	26.7947729
35.39645599	26.82362533
35.39715858	26.82415776
35.39949313	26.82592689
35.37442913	26.80693326
35.39768599	26.82455744
35.37825397	26.80983174
35.41363128	26.83664086
35.34847935	26.78726837
35.4394485	26.85620529
35.38260907	26.81313206
35.42780408	26.84738109
35.40025361	26.82650319
35.4144205	26.83723893
35.43122682	26.84997485
35.38492174	26.81488462
35.44759202	26.86237649
35.4122842	26.83562004
35.44450287	26.86003552
35.43673663	26.85415022
35.41914329	26.84081789
35.43291895	26.85125716
35.46461261	26.87527479
35.4355813	26.8532747
35.45562369	26.86846294
35.44423787	26.8598347
35.48353251	26.88961239
35.45756351	26.86993294
35.46031895	26.87202103
35.44925044	26.86363325
35.47972404	26.88672631
35.42573653	26.84581429
35.50761281	26.90786057
35.45457294	26.86766667
35.45493119	26.86793816
35.52274386	26.91932696
35.44849963	26.86306429
35.53844605	26.93122616
35.44312177	26.85898891
35.55401158	26.94302181
35.45045995	26.86454982
35.53125451	26.92577638
35.47986658	26.88683433
35.52630215	26.92202346
35.50728102	26.90760914
35.47605916	26.88394904
35.56422719	26.95076326
35.47837227	26.88570193
35.55371612	26.94279791
35.49012638	26.89460926
35.54508431	26.93625668
35.48918321	26.89389452
35.56705169	26.95290367
35.50323008	26.90453931
35.53123716	26.92576323
35.52949796	26.92444526
35.5311393	26.92568907
35.54983365	26.93985575
35.52861521	26.9237763
35.56877119	26.95420672
35.54228607	26.93413616
35.56844517	26.95395966
35.55639051	26.94482457
35.56028852	26.94777851
35.56353614	26.95023957
35.55213625	26.94160067
35.58588768	26.96717769
35.57420396	26.9583237
35.58255248	26.96465026
35.56412398	26.95068504
35.59132998	26.97130189
35.57335633	26.95768137
35.58092335	26.96341569
35.58931693	26.96977639
35.55842963	26.94636983
35.59034255	26.97055361
35.58767768	26.96853416
35.60354183	26.9805561
35.6061764	26.98255259
35.60121799	26.97879508
35.59797064	26.97633422
35.59380612	26.97317832
35.60929855	26.98491857
35.6156517	26.98973303
35.62598781	26.99756579
35.59799784	26.97635483
35.64737686	27.01377452
35.60761551	26.98364315
35.62567538	26.99732902
35.63528039	27.00460775
35.6006406	26.97835753
35.65412261	27.01888649
35.62359247	26.99575058
35.62501875	26.99683143
35.63902222	27.00744333
35.65095076	27.01648284
35.62055894	26.99345176
35.67005875	27.03096298
35.64056912	27.00861558
35.64342346	27.01077862
35.69009422	27.04614597
35.64587838	27.01263896
35.69900008	27.05289487
35.65096368	27.01649263
35.68708686	27.04386698
35.64708817	27.01355575
35.69895476	27.05286053
35.65118637	27.01666139
35.71637777	27.06606379
35.65399886	27.01879271
35.70019252	27.05379851
35.70016375	27.05377671
35.673119	27.03328206
35.71472591	27.064812
35.69162839	27.04730857
35.72211792	27.0704137
35.69689752	27.05130154
35.71820969	27.06745202
35.71674496	27.06634204
35.71561505	27.06548579
35.73447977	27.07978158
35.68628488	27.04325923
35.75302265	27.09383347
35.70509823	27.05751608
35.74909262	27.09085527
35.69225251	27.04778153
35.75604464	27.09612355
35.71368432	27.06402267
35.73944099	27.08354122
35.72896138	27.07559971
35.73877704	27.08303808
35.75394608	27.09453325
35.74104454	27.0847564
35.73147379	27.07750363
35.76228669	27.10085381
35.72493754	27.07255042
35.79613585	27.12650489
35.72515008	27.07271149
35.75075742	27.09211687
35.78346375	27.1169019
35.73033978	27.07664427
35.79356028	27.1245531
35.76436069	27.1024255
35.79734726	27.1274229
35.75213329	27.09315951
35.7979231	27.12785928
35.77647125	27.11160295
35.77676767	27.11182757
35.80672708	27.13453098
35.78003447	27.11430318
35.84063179	27.16022415
35.76620005	27.10381938
35.84608029	27.16435305
35.77071855	27.10724352
35.84165622	27.16100047
35.80574749	27.13378864
35.79713555	27.12726247
35.86660682	27.17990817
35.75035088	27.09180879
35.9139524	27.21578691
35.76675627	27.10424088
35.88289651	27.19225258
35.78422462	27.11747849
35.87721212	27.18794492
35.84249587	27.16163676
35.83054216	27.15257817
35.87676056	27.18760273
35.79966724	27.129181
35.91429046	27.21604309
35.82213672	27.14620849
35.88545122	27.19418855
35.8525298	27.16924053
35.86959136	27.18216987
35.8676954	27.1807331
35.83500909	27.15596324
35.8923211	27.19939459
35.8716196	27.18370688
35.86541244	27.17900306
35.86664203	27.17993485
35.87341106	27.18506446
35.89402624	27.20068675
35.85427038	27.17055955
35.9023643	27.20700538
35.85999719	27.17489936
35.8947773	27.20125591
35.89553273	27.20182838
35.88615867	27.19472467
35.89431017	27.20090192
35.8876493	27.19585427
35.90357961	27.20792635
35.89110687	27.19847444
35.93058839	27.22839375
35.90571548	27.20954492
35.90615087	27.20987487
35.92965543	27.22768675
35.92075385	27.22094108
35.94726858	27.24103409
35.91071456	27.21333326
35.97056206	27.25868601
35.90343566	27.20781726
35.97788779	27.26423749
35.92126167	27.22132591
35.94246865	27.23739668
35.98644517	27.27072232
35.91422593	27.21599419
35.99391854	27.27638568
35.93406227	27.23102628
35.95638919	27.24794574
35.96869795	27.25727338
35.9385088	27.23439587
35.97458767	27.26173664
35.96527937	27.25468276
35.96918244	27.25764052
35.95256004	27.24504398
35.9975513	27.2791386
35.94375053	27.23836809
36.00973645	27.28837257
35.96517498	27.25460366
35.98748547	27.27151066
35.99895973	27.28020591
35.96413528	27.25381576
36.00454004	27.28443471
35.99480716	27.27705908
36.02594459	27.30065519
35.95989042	27.25059898
36.04784771	27.3172535
35.95552012	27.24728715
36.03969594	27.31107604
36.00150418	27.28213412
36.01320423	27.29100048
36.03942086	27.31086758
35.97852054	27.26471699
36.06461095	27.32995677
35.98356446	27.2685393
36.08643537	27.34649543
35.99104889	27.27421104
36.05846807	27.32530166
36.04296103	27.31355034
36.0284549	27.30255752
36.03253649	27.30565057
36.0212529	27.2970998
36.07663456	27.33906832
35.99586326	27.2778594
36.11652681	27.36929889
35.98816977	27.27202923
36.11858078	27.37085539
36.022037	27.297694
36.08162014	27.34284642
36.05936036	27.32597784
36.07511066	27.3379135
36.0782893	27.34032229
36.0339852	27.30674841
36.13191148	27.38095747
36.01577509	27.29294869
36.17259045	27.41178422
36.0621203	27.32806934
36.09763794	27.3549848
36.10263249	27.35876969
36.05362178	27.32162911
36.15824323	27.40091182
36.07033162	27.33429192
36.15735492	27.40023865
36.08531684	27.3456478
36.09979991	27.35662315
36.12681932	27.3770986
36.08658753	27.34661074
36.17112624	27.41067463
36.07631518	27.3388263
36.16440755	27.40558317
36.11581092	27.36875638
36.15976995	27.40206877
36.12829939	27.37822021
36.13889967	27.38625316
36.14405984	27.39016356
36.13418357	27.38267927
36.17288332	27.41200615
36.11700531	27.3696615
36.1771512	27.41524038
36.12440884	27.37527193
36.16807092	27.40835929
36.14853893	27.39355784
36.16985043	27.40970781
36.18536655	27.42146601
36.13857861	27.38600986
36.21358259	27.44284828
36.13122695	27.38043873
36.2323227	27.45704963
36.14867917	27.39366412
36.21194613	27.44160816
36.21023617	27.44031235
36.18238635	27.4192076
36.23613558	27.45993906
36.15456109	27.39812146
36.25096213	27.4711747
36.15897313	27.40146494
36.24130796	27.46385872
36.19960275	27.43225428
36.22209314	27.44929762
36.21720159	27.44559078
36.19911652	27.43188582
36.28344829	27.49579288
36.16666863	27.40729663
36.30272963	27.51040438
36.15887214	27.40138841
36.26425546	27.48124846
36.19428268	27.42822271
36.22184387	27.44910872
36.24485396	27.46654589
36.21859239	27.44664473
36.27589706	27.49007052
36.225478	27.45186268
36.27807227	27.4917189
36.23885515	27.46199996
36.26229461	27.47976251
36.26873565	27.48464357
36.23450791	27.4587056
36.30174957	27.50966169
36.22158342	27.44891135
36.29292158	27.5029718
36.25911716	27.47735462
36.27169219	27.48688405
36.27442111	27.48895204
36.28144134	27.49427201
36.30967334	27.51566637
36.25148514	27.47157104
36.31818828	27.52211904
36.25990031	27.4779481
36.29308835	27.50309817
36.29007742	27.50081648
36.31735189	27.52148521
36.33395465	27.53406688
36.26485075	27.48169957
36.35288036	27.54840888
36.29565937	27.50504651
36.33026652	27.53127199
36.30144642	27.50943196
36.33530112	27.53508724
36.3182114	27.52213656
36.32420881	27.52668143
36.32063409	27.52397249
36.32576041	27.52785724
36.35351775	27.5488919
36.31943462	27.52306352
36.35694615	27.55148996
36.34598271	27.54318181
36.34389268	27.54159797
36.36021715	27.55396874
36.3219534	27.52497227
36.4004184	27.58443347
36.33680252	27.53622501
36.38232243	27.57072024
36.32990632	27.53099903
36.37252133	27.56329291
36.34654087	27.54360478
36.36990102	27.56130723
36.36151678	27.5549536
36.34755671	27.54437459
36.39512432	27.58042158
36.37125069	27.56233002
36.38939581	27.57608049
36.38558911	27.57319575
36.38261449	27.57094156
36.39227386	27.57826149
36.3930886	27.57887891
36.39090688	27.57722558
36.3722347	27.5630757
36.40083903	27.58475222
36.38181852	27.57033838
36.3975739	27.58227789
36.37157967	27.56257932
36.43270671	27.60890172
36.36744327	27.55944473
36.41564046	27.59596882
36.42311534	27.60163333
36.37404309	27.56444611
36.4279042	27.60526235
36.37723424	27.56686438
36.44517436	27.61834977
36.41117033	27.59258133
36.41694744	27.59695926
36.45723922	27.62749259
36.4133433	27.59422802
36.47433775	27.64044995
36.39285221	27.57869976
36.50268957	27.66193511
36.43950869	27.6140563
36.4563561	27.62682335
36.46265674	27.63159802
36.44526951	27.61842188
36.4822215	27.6464243
36.44466104	27.61796077
36.47767763	27.64298093
36.45118862	27.62290741
36.4435328	27.61710579
36.48895281	27.65152532
36.45975279	27.62939738
36.48562135	27.64900072
36.47374669	27.64000204
36.4698897	27.63707919
36.48558586	27.64897382
36.50119484	27.66080239
36.4607087	27.63012178
36.51716539	27.67290497
36.47591614	27.64164606
36.47141007	27.63823134
36.52635449	27.67986852
36.45420161	27.62519067
36.54426621	27.69344211
36.47308927	27.63950384
36.52777865	27.68094775
36.49429533	27.65557391
36.52009945	27.67512841
36.53429914	27.68588901
36.50256555	27.66184112
36.55153684	27.69895184
36.49671423	27.65740697
36.56531003	27.70938923
36.51844333	27.67387339
36.57735676	27.71851831
36.5038237	27.66279456
36.54433326	27.69349292
36.54359747	27.69293534
36.54011727	27.69029802
36.58425608	27.72374665
36.54752353	27.69591053
36.56774187	27.7112321
36.57209611	27.71453176
36.54245586	27.69207022
36.58419639	27.72370141
36.5447459	27.69380562
36.54829613	27.69649601
36.57057366	27.71337804
36.57448066	27.71633879
36.5671089	27.71075243
36.5721076	27.71454046
36.59201075	27.72962318
36.57218293	27.71459755
36.61398242	27.74627343
36.56794715	27.71138766
36.60491358	27.73940102
36.5898248	27.72796666
36.60150137	27.73681522
36.62271779	27.75289314
36.57714502	27.71835785
36.60624965	27.7404135
36.58638935	27.72536326
36.60636757	27.74050286
36.59338221	27.73066248
36.62401298	27.75387464
36.58030336	27.72075126
36.63956141	27.76565732
36.60472186	27.73925573
36.63332816	27.76093374
36.62030803	27.75106701
36.62232694	27.75259696
36.64141743	27.76706383
36.59842862	27.73448668
36.64970188	27.77334183
36.63282158	27.76054985
36.64735074	27.77156012
36.64703109	27.77131789
36.65205319	27.77512367
36.65674322	27.7786778
36.63673039	27.76351197
36.65131394	27.77456346
36.64350954	27.76864924
36.6787766	27.79537481
36.62802327	27.75691366
36.69045578	27.80422535
36.6634515	27.78376136
36.68554873	27.80050677
36.67293673	27.79094932
36.68225303	27.79800927
36.69088932	27.80455389
36.67669282	27.79379571
36.70197187	27.81295231
36.64091155	27.76668047
36.73330568	27.83669724
36.65090704	27.77425511
36.74237644	27.84357111
36.67501046	27.79252081
36.71084973	27.81968
36.70514575	27.81535749
36.65695309	27.77883684
36.72918915	27.83357771
36.68095323	27.79702427
36.73559486	27.838432
36.68695344	27.80157126
36.73889828	27.84093534
36.7159693	27.82355964
36.7067009	27.81653599
36.74165481	27.84302426
36.70691438	27.81669778
36.79110222	27.88049577
36.68258084	27.79825769
36.77368349	27.86729577
36.71555082	27.82324251
36.76780089	27.86283789
36.74789667	27.84775437
36.71822126	27.82526619
36.79312206	27.88202642
36.73062049	27.83466239
36.76168082	27.85820007
36.75929429	27.85639155
36.77055145	27.86492229
36.77334311	27.86703782
36.77062961	27.86498152
36.78992328	27.87960236
36.78586344	27.8765258
36.80827264	27.89350761
36.77334669	27.86704054
36.80608203	27.89184755
36.77503453	27.86831959
36.77095598	27.86522885
36.82569238	27.90670838
36.80197516	27.88873535
36.80626616	27.89198709
36.84049284	27.91792425
36.76509273	27.86078564
36.8604965	27.93308313
36.79078419	27.88025477
36.83844522	27.91637255
36.83299653	27.91224351
36.8054432	27.89136345
36.83808628	27.91610054
36.79863934	27.88620744
36.87622491	27.94500221
36.79712719	27.88506152
36.85283053	27.92727382
36.82532567	27.90643049
36.83800023	27.91603534
36.83666711	27.91502509
36.83796907	27.91601172
36.84931449	27.92460935
36.83649385	27.9148938
36.88162911	27.94909754
36.80505614	27.89107013
36.91042584	27.97091986
36.83214325	27.91159689
36.85789655	27.93111288
36.89414734	27.95858392
36.84309396	27.91989539
36.88435705	27.95116479
36.86561742	27.9369638
36.88441802	27.95121099
36.86324171	27.93516346
36.89133653	27.95645387
36.87470124	27.94384756
36.87889537	27.94702589
36.90884287	27.96972027
36.8184673	27.90123318
36.92483814	27.98184157
36.87770381	27.94612292
36.88595876	27.95237857
36.94097398	27.9940694
36.89892097	27.9622014
36.93344122	27.98836103
36.88958953	27.95512999
36.9487479	27.99996052
36.90550731	27.96719257
36.91809316	27.97673019
36.91978523	27.97801245
36.88771272	27.95370773
36.9553428	28.00495817
36.86037715	27.93299268
36.96916286	28.01543108
36.91587487	27.97504916
36.94558793	27.99756588
36.91408668	27.97369406
36.96281041	28.01061717
36.94283534	27.99547995
36.92885764	27.98488757
36.94891048	28.00008373
36.93882431	27.99244037
36.99157132	28.03241234
36.92637064	27.98300291
36.99356888	28.0339261
36.94742467	27.99895777
36.97563981	28.02033935
36.95365982	28.0036828
36.98773335	28.0295039
36.97657995	28.0210518
36.95579036	28.00529733
36.99511253	28.03509589
36.97220622	28.01773736
37.0035475	28.04148795
36.97091561	28.01675932
36.99495397	28.03497573
36.99305514	28.03353678
36.96710463	28.01387135
36.99003866	28.03125088
37.00549176	28.04296132
37.00201926	28.04032984
37.00271031	28.04085352
37.01256415	28.04832082
37.01414035	28.04951527
37.00811638	28.04495027
37.0178912	28.05235769
36.99483199	28.03488329
37.03173819	28.062851
37.01490623	28.05009566
37.01162968	28.04761267
37.0417481	28.07043657
37.02659113	28.05895053
37.06114199	28.08513336
37.03688441	28.06675084
37.06490196	28.08798269
37.03298737	28.06379764
37.05491662	28.08041574
37.04614212	28.07376638
37.06990494	28.09177398
37.08210304	28.10101776
37.03443061	28.06489134
37.09777351	28.11289293
37.05480214	28.08032899
37.08578892	28.10381094
37.07980626	28.09927725
37.09470968	28.11057115
37.05724923	28.08218341
37.12626301	28.13448243
37.07951861	28.09905927
37.07951561	28.09905699
37.11746728	28.12781697
37.06013006	28.08436652
37.14823874	28.15113575
37.07090192	28.09252949
37.11694641	28.12742226
37.10950213	28.12178094
37.10477209	28.11819649
37.12263948	28.1317365
37.09647924	28.11191213
37.12215311	28.13136793
37.09518074	28.11092812
37.16877346	28.16669708
37.06640467	28.08912146
37.16224291	28.16174819
37.12958671	28.13700115
37.13167081	28.13858049
37.17929416	28.17466972
37.11784164	28.12810067
37.15766955	28.15828247
37.13613829	28.14196597
37.14750269	28.15057797
37.15881331	28.15914922
37.14770847	28.15073391
37.18789724	28.18118918
37.11524596	28.12613364
37.23085631	28.21374379
37.12805069	28.13583714
37.18754748	28.18092413
37.19262481	28.18477176
37.15925055	28.15948056
37.21613553	28.20258831
37.16755997	28.16577748
37.1897377	28.18258389
37.1823601	28.1769931
37.18350557	28.17786115
37.20752473	28.196063
37.1728627	28.16979592
37.22864686	28.21206946
37.155967	28.15699227
37.26557367	28.24005279
37.16780244	28.16596123
37.2107684	28.19852106
37.22769917	28.21135129
37.17660325	28.17263053
37.22073177	28.20607136
37.19617935	28.1874654
37.25022068	28.22841822
37.18711611	28.18059723
37.22919506	28.21248489
37.22183428	28.20690685
37.23622498	28.2178122
37.2484751	28.2270954
37.21524793	28.20191568
37.25023039	28.22842557
37.21268604	28.19997427
37.2441321	28.22380426
37.23297499	28.21534934
37.26877331	28.2424775
37.24470518	28.22423854
37.27617544	28.24808687
37.26190745	28.23727451
37.26776349	28.24171226
37.27800598	28.24947407
37.23593819	28.21759487
37.3103433	28.27397947
37.28069552	28.25151221
37.27792465	28.24941243
37.29905909	28.26542823
37.26481192	28.23947553
37.30324513	28.26860043
37.25203238	28.22979113
37.31520565	28.27766418
37.27754243	28.24912278
37.33913428	28.29579742
37.28218389	28.25264011
37.32024631	28.28148401
37.3164076	28.27857502
37.30138406	28.2671901
37.34366321	28.29922947
37.30996121	28.27368991
37.35542558	28.30814306
37.32294207	28.28352688
37.34825884	28.30271207
37.31140937	28.27478734
37.31403713	28.27677867
37.33985872	28.29634641
37.32326822	28.28377404
37.36151574	28.31275821
37.30728845	28.27166448
37.36696916	28.31689084
37.34039439	28.29675234
37.33960875	28.29615698
37.35171513	28.30533126
37.32355001	28.28398758
37.3689996	28.31842952
37.342595	28.29841998
37.38014526	28.32687576
37.3181523	28.27989717
37.38633235	28.33156437
37.34521426	28.30040486
37.36217748	28.31325968
37.38229758	28.32850681
37.36754116	28.31732431
37.37002742	28.31920841
37.4243129	28.36034624
37.33333822	28.29140514
37.42472572	28.36065908
37.38101947	28.32753825
37.37278553	28.32129852
37.40380194	28.34480293
37.39400808	28.33738109
37.4258754	28.36153031
37.39916187	28.34128665
37.3959728	28.33886996
37.39865257	28.34090071
37.44033031	28.37248432
37.40604867	28.34650551
37.45718698	28.3852584
37.42049558	28.35745346
37.43320755	28.36708665
37.42812104	28.36323207
37.42004844	28.35711461
37.45948272	28.38699812
37.40919923	28.34889302
37.47122924	28.3958997
37.41578781	28.35388588
37.48944485	28.40970358
37.44550561	28.37640619
37.4496421	28.37954084
37.47038244	28.39525798
37.43036257	28.36493071
37.48114888	28.40341685
37.44357118	28.37494027
37.4707671	28.39554948
37.495111	28.41399743
37.46026596	28.38759167
37.49595722	28.41463869
37.44910685	28.37913523
37.48574831	28.40690233
37.45302232	28.38210239
37.47824043	28.40121281
37.50212558	28.41931311
37.4535202	28.38247969
37.52071919	28.43340345
37.46100642	28.38815279
37.48143227	28.40363161
37.48677491	28.40768029
37.5184589	28.43169059
37.49600267	28.41467313
37.48095245	28.403268
37.51868704	28.43186348
37.47540131	28.39906132
37.55184436	28.45699027
37.47528609	28.398974
37.53190577	28.4418807
37.51168832	28.42655981
37.50685832	28.42289961
37.53815432	28.44661589
37.54096821	28.44874827
37.55615109	28.46025394
37.53876364	28.44707763
37.56216922	28.4648145
37.54292349	28.45022999
37.54593003	28.45250836
37.55552525	28.45977967
37.56039663	28.46347123
37.55045582	28.45593802
37.56257452	28.46512164
37.54285035	28.45017456
37.57641427	28.47560948
37.56514051	28.46706616
37.56358827	28.46588987
37.58802069	28.48440489
37.56697318	28.46845497
37.56455835	28.466625
37.57208061	28.47232541
37.56800425	28.46923632
37.5628788	28.46535223
37.58370948	28.48113783
37.56290026	28.46536849
37.63784908	28.52216511
37.57395249	28.47374393
37.59143917	28.48699543
37.60213836	28.49510334
37.6043744	28.49679782
37.58932212	28.48539112
37.6333208	28.51873355
37.59137639	28.48694786
37.62888748	28.51537396
37.59041925	28.48622253
37.64308235	28.52613091
37.57989562	28.47824767
37.65549683	28.53553867
37.60373592	28.49631397
37.63208087	28.51779393
37.64354455	28.52648117
37.61628616	28.50582461
37.66222116	28.54063441
37.60497609	28.49725378
37.64262552	28.52578472
37.65718365	28.53681696
37.63537003	28.52028647
37.65020106	28.53152551
37.65021991	28.53153979
37.65059196	28.53182173
37.66108832	28.53977593
37.65184197	28.532769
37.64531387	28.52782197
37.66018454	28.53909104
37.6807231	28.55465528
37.63919215	28.5231829
37.67936646	28.5536272
37.6688902	28.54568824
37.68285478	28.55627067
37.69810864	28.56783013
37.66608438	28.54356197
37.69842321	28.56806851
37.68238997	28.55591844
37.69667841	28.56674629
37.68759592	28.55986353
37.69458267	28.56515813
37.68119619	28.55501379
37.69280703	28.56381254
37.71583343	28.58126207
37.66355698	28.5416467
37.73222992	28.59368742
37.69389136	28.56463425
37.72811804	28.59057142
37.70225203	28.57097001
37.69090281	28.56236951
37.74730589	28.60511207
37.69996346	28.56923572
37.72800522	28.59048592
37.71786234	28.58279959
37.74857827	28.60607629
37.72546366	28.58855991
37.73444504	28.59536605
37.75712679	28.6125544
37.70983169	28.57671392
37.77236542	28.62410232
37.73044946	28.59233818
37.75987768	28.61463904
37.78840808	28.63625953
37.72318402	28.58683239
37.80877789	28.65169588
37.73986374	28.59947237
37.78623871	28.63461558
37.77444253	28.62567636
37.76094449	28.61544748
37.82136867	28.66123725
37.74894594	28.60635491
37.81395341	28.65561792
37.74728856	28.60509894
37.78957916	28.63714699
37.80469456	28.64860151
37.76641395	28.61959226
37.7904259	28.63778865
37.80222264	28.64672828
37.77351922	28.62497667
37.80760764	28.65080906
37.78095633	28.63061255
37.82913519	28.66712276
37.79320912	28.63989779
37.84060108	28.67581167
37.79280518	28.63959168
37.85148406	28.68405885
37.80635972	28.64986338
37.81730562	28.65815825
37.83333744	28.67030725
37.77869712	28.62890051
37.86785915	28.69646798
37.7896729	28.63721802
37.83974292	28.67516135
37.81637104	28.65745002
37.84300802	28.67763566
37.83229802	28.66951957
37.83910588	28.6746786
37.85120521	28.68384754
37.82265595	28.66221275
37.89691361	28.71848561
37.79762156	28.64324156
37.90674723	28.72593758
37.81934014	28.65970002
37.85395852	28.68593401
37.89847383	28.71966796
37.82393672	28.66318333
37.90592786	28.72531666
37.83256429	28.66972134
37.90359628	28.72354977
37.85574187	28.68728544
37.8511819	28.68382987
37.91389038	28.7313507
37.84455251	28.67880609
37.93219274	28.74522032
37.85840044	28.68930012
37.92508058	28.73983069
37.89691695	28.71848814
37.88256726	28.70761387
37.91620811	28.73310708
37.8923755	28.7150466
37.92071881	28.73652532
37.92310239	28.73833161
37.90840119	28.72719096
37.93837816	28.74990767
37.92730302	28.74151487
37.90738498	28.72642087
37.93644541	28.74844302
37.93562991	28.74782503
37.92203893	28.73752571
37.9082025	28.72704039
37.94032735	28.75138477
37.94532638	28.75517307
37.93177307	28.74490229
37.94218882	28.75279541
37.95862106	28.76524784
37.93270162	28.74560595
37.97992503	28.78139211
37.93740182	28.74916779
37.98930832	28.78850282
37.95055555	28.75913576
37.96765005	28.77209007
37.97008161	28.77393272
37.94406275	28.75421548
37.9925518	28.79096075
37.95296457	28.76096133
38.00651894	28.80154512
37.9611818	28.76718839
37.99123953	28.7899663
37.97492421	28.77760246
37.97608082	28.77847895
38.01936904	28.81128299
37.95605806	28.76330559
38.02272929	28.81382941
37.97037499	28.77415504
37.98929366	28.78849171
38.01366208	28.80695823
37.98331466	28.78396079
38.027075	28.81712262
37.99031499	28.78926568
38.02760431	28.81752373
38.00571854	28.80093857
38.01257427	28.80613388
38.05193782	28.8359638
37.99266059	28.79104319
38.06651138	28.84700772
37.98347493	28.78408224
38.07285684	28.85181634
38.01556286	28.80839865
38.02102895	28.81254088
38.06329122	28.84456746
38.01136881	28.80522038
38.09023834	28.86498813
38.00827894	28.80287886
38.08863912	28.86377623
38.02923658	28.81876067
38.06640823	28.84692955
38.05018505	28.83463553
38.03737412	28.82492734
38.11589703	28.88443242
38.00441007	28.79994701
38.08775916	28.86310939
38.0483904	28.83327554
38.07624783	28.85438605
38.08571912	28.86156344
38.0627857	28.84418438
38.09090575	28.8654939
38.06914158	28.84900089
38.12921583	28.89452549
38.06501398	28.84587298
38.10275181	28.87447091
38.10411188	28.87550158
38.0795627	28.85689808
38.12312726	28.88991153
38.07338018	28.85221293
38.12919724	28.8945114
38.08833146	28.86354309
38.14741019	28.90831327
38.07365473	28.85242098
38.14131709	28.90369589
38.11884512	28.88666651
38.109516	28.87959685
38.17669514	28.93050556
38.09143904	28.86589803
38.14738829	28.90829667
38.14994115	28.91023124
38.10739752	28.87799145
38.17775038	28.93130523
38.09612219	28.86944694
38.20829451	28.95445174
38.1260954	28.8921608
38.1782735	28.93170165
38.15056596	28.91070473
38.16179864	28.91921691
38.15987367	28.91775816
38.15409426	28.91337849
38.21743342	28.96137725
38.11756273	28.88569471
38.19453227	28.94402263
38.16730238	28.92338768
38.14910208	28.9095954
38.21153235	28.95690539
38.16108465	28.91867585
38.21956787	28.96299475
38.19279405	28.94270541
38.21155527	28.95692276
38.18451508	28.93643155
38.21189387	28.95717935
38.21419366	28.95892214
38.19359819	28.94331479
38.23274825	28.97298291
38.17495731	28.92918862
38.2389853	28.97770938
38.22793096	28.96933235
38.20737969	28.95375848
38.24101146	28.97924482
38.1860848	28.9376211
38.21733888	28.96130561
38.21946614	28.96291766
38.26515658	28.99754212
38.18650032	28.93793598
38.26751621	28.99933026
38.20870952	28.95476623
38.27253615	29.00313439
38.2512971	28.98703933
38.20681078	28.95332736
38.2913189	29.01736807
38.20758976	28.95391767
38.31788098	29.03749695
38.22289432	28.96551555
38.28342558	29.01138646
38.23896737	28.97769579
38.27500129	29.00500249
38.28834485	29.01511431
38.22363685	28.96607824
38.32730941	29.04464187
38.23320982	28.97333269
38.27578739	29.0055982
38.27999656	29.00878794
38.26294689	28.99586761
38.298946	29.02314792
38.27874365	29.00783847
38.29950744	29.02357338
38.29201501	29.01789558
38.31806707	29.03763798
38.27231665	29.00296806
38.3093076	29.031
38.30912014	29.03085794
38.26831418	28.99993497
38.33986663	29.0541578
38.25439174	28.98938447
38.33746408	29.05233713
38.30706168	29.02929803
38.29902845	29.02321041
38.33797322	29.05272296
38.29490531	29.02008586
38.34708644	29.05962901
38.30781578	29.02986949
38.38164291	29.08581609
38.28735246	29.01436228
38.35290901	29.06404138
38.34502369	29.05806585
38.30558069	29.02817573
38.4081373	29.10589368
38.27887307	29.00793655
38.37917518	29.08394603
38.34749493	29.05993856
38.35843288	29.0682274
38.36802807	29.07549869
38.31396773	29.03453147
38.40969965	29.10707764
38.30189761	29.02538467
38.39465406	29.09567601
38.33910973	29.05358421
38.39202962	29.09368719
38.39470178	29.09571217
38.36629264	29.07418357
38.42889358	29.1216229
38.34573024	29.05860128
38.43906209	29.12932865
38.35098386	29.0625825
38.41467898	29.110851
38.38269815	29.08661576
38.42733765	29.12044381
38.41011531	29.10739263
38.37366327	29.07976908
38.45209071	29.13920181
38.37379509	29.07986897
38.4466938	29.135112
38.4066969	29.10480214
38.42871244	29.12148563
38.41203341	29.10884617
38.41978893	29.11472335
38.43567318	29.12676052
38.40948425	29.10691441
38.47516421	29.15668703
38.3958601	29.09658995
38.4846711	29.16389141
38.39201769	29.09367815
38.44285826	29.13220541
38.47150824	29.15391652
38.41143794	29.10839492
38.48994883	29.1678909
38.40898543	29.1065364
38.46194951	29.14667286
38.47026925	29.15297761
38.4666152	29.15020855
38.48150176	29.16148966
38.44000481	29.13004305
38.51608847	29.18769966
38.44153481	29.13120249
38.49420684	29.17111764
38.47352089	29.15544172
38.45455776	29.14107135
38.52420162	29.19384785
38.44370628	29.13284805
38.54751546	29.2115152
38.45717135	29.14305195
38.50722829	29.18098537
38.50577716	29.1798857
38.50190139	29.17694861
38.52777956	29.19655923
38.47898826	29.15958492
38.53776926	29.20412948
38.48170252	29.1616418
38.50720578	29.18096831
38.52651763	29.19560293
38.5149677	29.18685033
38.54885288	29.2125287
38.48130834	29.16134309
38.57083237	29.22918488
38.50378694	29.1783775
38.53604389	29.20282199
38.53367805	29.20102914
38.50721624	29.18097624
38.5626891	29.22301387
38.51480684	29.18672843
38.55106244	29.21420312
38.52315686	29.19305612
38.55651831	29.21833761
38.55343142	29.21599835
38.52021646	29.19082787
38.58823775	29.24237477
38.54594068	29.21032182
38.55213054	29.21501254
38.56892743	29.22774131
38.56253534	29.22289735
38.5667443	29.22608692
38.57384724	29.23146957
38.57769452	29.23438505
38.57980146	29.23598171
38.58733871	29.24169347
38.58713273	29.24153738
38.53348263	29.20088105
38.63764042	29.27981238
38.55958381	29.22066067
38.61692366	29.26411311
38.60110341	29.25212444
38.56641509	29.22583744
38.6469033	29.28683184
38.54689358	29.21104394
38.66731695	29.30230142
38.56677433	29.22610968
38.59030584	29.24394198
38.63307924	29.2763559
38.58715374	29.2415533
38.65888256	29.29590979
38.5795848	29.23581752
38.67023073	29.3045095
38.61801042	29.26493667
38.63233954	29.27579535
38.62976191	29.273842
38.6111993	29.25977516
38.66365714	29.29952799
38.6064319	29.25616239
38.68026752	29.31211543
38.61494018	29.26261002
38.67219535	29.30599829
38.63183846	29.27541563
38.65001101	29.28918688
38.66742298	29.30238177
38.63752855	29.27972761
38.68725676	29.31741192
38.63190575	29.27546662
38.69146051	29.32059754
38.64998371	29.28916619
38.67534165	29.30838258
38.6902358	29.31966945
38.65325037	29.29164168
38.70076564	29.32764902
38.64470491	29.28516589
38.70906282	29.33393666
38.6704453	29.3046721
38.71327091	29.33712557
38.68363436	29.31466684
38.67508945	29.30819146
38.76007984	29.37259764
38.63558224	29.27825268
38.75922614	29.3719507
38.67975595	29.31172776
38.72842065	29.34860613
38.72170753	29.3435189
38.69895661	29.32627812
38.76795997	29.37856924
38.6654918	29.30091831
38.75615687	29.36962479
38.70584933	29.33150146
38.7497967	29.36480501
38.73088383	29.35047274
38.72765298	29.34802439
38.77424926	29.3833353
38.70342477	29.32966412
38.792161	29.39690891
38.70573848	29.33141746
38.78169119	29.38897483
38.73666701	29.35485527
38.75129435	29.36593995
38.77265022	29.38212353
38.74286564	29.35955262
38.79149311	29.39640278
38.75189926	29.36639835
38.79240149	29.39709115
38.75133826	29.36597322
38.76230672	29.37428517
38.78726481	29.39319855
38.75238383	29.36676556
38.8034264	29.40544589
38.76222267	29.37422149
38.78518672	29.39162377
38.78920775	29.39467093
38.75065365	29.36545442
38.83217341	29.42723054
38.75238371	29.36676547
38.83893909	29.4323576
38.77354624	29.38280255
38.81594868	29.41493535
38.79917684	29.40222556
38.77094688	29.38083274
38.84102458	29.433938
38.7631017	29.37488762
38.85894872	29.44752101
38.79685354	29.40046494
38.7975526	29.4009947
38.84948454	29.440349
38.8009352	29.40355805
38.86109817	29.44914987
38.80006097	29.40289555
38.85685107	29.4459314
38.83337183	29.4281387
38.82604808	29.42258872
38.8685381	29.45478789
38.82273926	29.42008129
38.87178132	29.45724562
38.8219978	29.4195194
38.87862338	29.46243057
38.84706364	29.43851443
38.83177136	29.42692585
38.88204476	29.46502331
38.84410944	29.43627572
38.90893256	29.48539903
38.83550807	29.42975756
38.8871345	29.46888034
38.85936713	29.44783808
38.88152307	29.46462797
38.89550342	29.47522235
38.85571912	29.4450736
38.93542847	29.50547777
38.82462819	29.42151273
38.91388948	29.48915541
38.86862189	29.45485139
38.87727629	29.46140974
38.91636397	29.49103059
38.84059189	29.4336101
38.92956596	29.50103513
38.87721356	29.4613622
38.91951327	29.49341715
38.8896403	29.47077925
38.89814517	29.47722429
38.91881859	29.49289072
38.89002384	29.4710699
38.9333244	29.5038833
38.8690243	29.45515634
38.93555396	29.50557287
38.90412444	29.48175541
38.94611514	29.51357619
38.94657297	29.51392314
38.91902393	29.49304632
38.95735561	29.52209428
38.91380765	29.4890934
38.97860616	29.53819806
38.90217801	29.4802804
38.98649372	29.5441753
38.96589314	29.52856407
38.92294294	29.49601617
39.00624509	29.55914299
38.94542767	29.51305522
38.97494054	29.53542024
38.97480458	29.53531721
38.95494689	29.52026894
38.96905284	29.5309585
38.9667051	29.52917938
38.98751002	29.54494546
38.9407666	29.50952304
39.02433207	29.5728494
38.95704	29.52185511
38.99288199	29.54901636
39.01788531	29.56796401
38.97892109	29.53843672
39.05168051	29.59357419
38.97008279	29.53173901
39.02042928	29.56989185
39.02119436	29.57047163
38.9629932	29.52636647
39.05757051	29.59803767
38.96908635	29.53098389
39.03660565	29.58215039
38.98504076	29.54307423
39.0235333	29.57224409
39.01329637	29.56448649
39.00330594	29.55691569
39.05638323	29.59713794
38.99557977	29.55106075
39.06487719	29.60357471
38.99578265	29.5512145
39.03061661	29.57761186
39.04545485	29.58885636
39.04119949	29.58563163
39.05661218	29.59731144
39.03849935	29.58358545
39.04476346	29.58833242
39.06428905	29.60312901
39.07692167	29.61270209
39.08289939	29.61723203
39.06197781	29.60137755
39.07592111	29.61194385
39.0558359	29.59672317
39.07036408	29.60773271
39.09829294	29.62889735
39.04024986	29.58491199
39.08775238	29.62090965
39.07809826	29.61359371
39.07585211	29.61189157
39.11339197	29.64033947
39.08520419	29.61897863
39.10088304	29.63086014
39.0973095	29.62815209
39.10336832	29.6327435
39.08703583	29.62036665
39.12404622	29.64841332
39.11676214	29.64289341
39.06826773	29.60614408
39.15542831	29.67219484
39.0842333	29.61824287
39.14084536	29.6611438
39.12703092	29.65067515
39.08237558	29.61683509
39.16790685	29.68165114
39.07403176	29.6105121
39.14604961	29.66508761
39.1423902	29.66231449
39.13499655	29.65671154
39.16920094	29.68263182
39.10131543	29.63118781
39.19128028	29.69936366
39.11417636	29.64093389
39.17106658	29.68404561
39.16924118	29.6826623
39.1469268	29.66575235
39.18686084	29.69601458
39.11394749	29.64076045
39.23412685	29.73183302
39.11091283	29.63846077
39.17451602	29.68665961
39.21437679	29.71686632
39.11196907	29.6392612
39.21277981	29.71565611
39.1243713	29.64865967
39.22782731	29.72705919
39.16532439	29.67969415
39.17593526	29.68773512
39.22096881	29.72186178
39.12839922	29.65171205
39.26020683	29.75159656
39.14516888	29.66442019
39.2270992	29.72650743
39.2188825	29.72028077
39.1871782	29.69625507
39.24209547	29.73787168
39.16889633	29.68240098
39.25039221	29.744159
39.17637374	29.6880674
39.24747337	29.74194708
39.24427949	29.73952675
39.18405869	29.6938911
39.30057847	29.78219041
39.140583	29.66094499
39.32349	29.79955289
39.19052696	29.69879279
39.26056417	29.75186736
39.2849766	29.77036723
39.21816797	29.71973929
39.28041934	29.76691372
39.21487409	29.71724317
39.27971871	29.76638278
39.24343388	29.73888593
39.25473578	29.74745058
39.3172003	29.79478652
39.23372166	29.73152596
39.28430333	29.76985702
39.25944711	29.75102084
39.25979638	29.75128552
39.29924362	29.78117885
39.24646777	29.74118503
39.2968181	29.77934078
39.27605162	29.76360383
39.29943149	29.78132122
39.29701204	29.77948775
39.29428234	29.77741917
39.30880312	29.7884231
39.28254769	29.76852659
39.31848553	29.79576048
39.30229418	29.78349059
39.30524688	29.78572816
39.31727916	29.79484629
39.30962262	29.78904412
39.33718753	29.80993296
39.33788956	29.81046496
39.3184826	29.79575826
39.35792414	29.82564727
39.33640313	29.80933854
39.33335471	29.80702843
39.36081148	29.82783532
39.32273006	29.79897701
39.33992972	29.81201101
39.34603107	29.81663464
39.33451894	29.80791069
39.34221263	29.813741
39.32500984	29.80070464
39.36754084	29.83293486
39.34119054	29.81296646
39.35386825	29.8225737
39.36710052	29.83260118
39.33163556	29.80572564
39.37323045	29.83724647
39.34408497	29.81515988
39.36681753	29.83238673
39.39847479	29.85637677
39.36027473	29.82742856
39.3811274	29.84323083
39.36348154	29.8298587
39.40845984	29.8639435
39.37637265	29.83962765
39.40281215	29.85966365
39.39849691	29.85639354
39.34708403	29.81743258
39.41087042	29.86577025
39.37981053	29.84223289
39.4350388	29.88408518
39.37801921	29.84087543
39.40124113	29.85847312
39.42931415	29.87974701
39.38923326	29.84937349
39.43673434	29.88537007
39.39633983	29.85475889
39.44443128	29.89120285
39.40739391	29.86313573
39.44959794	29.89511817
39.42395622	29.87568674
39.43372825	29.88309204
39.45737376	29.90101073
39.4164363	29.8699881
39.45513098	29.89931114
39.43954973	29.88750359
39.45371108	29.89823513
39.46768807	29.90882697
39.42689909	29.87791686
39.48775373	29.92403284
39.43895789	29.88705509
39.46290503	29.90520235
39.457404	29.90103364
39.46051265	29.9033894
39.47396507	29.91358371
39.47079873	29.91118425
39.50125053	29.93426078
39.43885394	29.88697631
39.50912774	29.94023018
39.45303826	29.89772527
39.48048963	29.91852806
39.50897923	29.94011764
39.45208543	29.8970032
39.51326455	29.94336507
39.45633943	29.90022691
39.53541549	29.96015118
39.47539356	29.91466623
39.49272411	29.92779941
39.50722466	29.93878801
39.45915686	29.90236197
39.53528703	29.96005383
39.48905916	29.9250221
39.53870016	29.96264032
39.49966496	29.93305923
39.52427245	29.95170692
39.53076157	29.95662441
39.49377408	29.92859509
39.56565413	29.98306618
39.51853451	29.94735867
39.54764605	29.96941956
39.53272004	29.95810855
39.53164731	29.95729563
39.54486951	29.96731548
39.51304089	29.94319559
39.56819551	29.98499205
39.54664711	29.96866256
39.55161373	29.97242629
39.54314227	29.96600657
39.55221982	29.97288558
39.54218177	29.96527869
39.55841745	29.97758218
39.56117131	29.97966908
39.5453888	29.967709
39.55667361	29.97626069
39.56690389	29.98401325
39.58192904	29.99539939
39.55369011	29.97399978
39.60304683	30.01140257
39.58516288	29.99785002
39.557087	29.97657396
39.6206399	30.02473469
39.55426641	29.9744365
39.59403955	30.00457681
39.61531616	30.02070033
39.57291445	29.98856809
39.61553809	30.02086852
39.58489256	29.99764517
39.60265545	30.01110598
39.61801539	30.02274583
39.60431712	30.0123652
39.64008892	30.03947326
39.61924305	30.02367615
39.63195111	30.03330639
39.6277084	30.03009124
39.61203704	30.0182154
39.64282841	30.04154926
39.59936198	30.00861017
39.65417091	30.05014467
39.62959706	30.03152248
39.61732498	30.02222263
39.65080801	30.04759625
39.60735785	30.01466948
39.68528701	30.07372462
39.61230406	30.01841775
39.67890309	30.06888685
39.66734507	30.06012812
39.62689693	30.0294763
39.68380541	30.07260186
39.62301128	30.02653174
39.7036782	30.08766157
39.62117849	30.02514284
39.68351621	30.0723827
39.670812	30.06275538
39.65139886	30.048044
39.7126587	30.09446704
39.61569152	30.02098478
39.68950274	30.07691932
39.6807763	30.07030638
39.66141919	30.05563746
39.68486683	30.07340621
39.67938321	30.06925069
39.68514691	30.07361845
39.67536526	30.06620586
39.71036449	30.09272847
39.65755751	30.05271105
39.70621448	30.08958357
39.72961176	30.10731415
39.6661926	30.05925477
39.75177655	30.12411076
39.65235306	30.0487671
39.74272948	30.11725484
39.71181049	30.09382426
39.69881705	30.08397776
39.72482329	30.10368543
39.71858639	30.09895907
39.730475	30.10796832
39.74435957	30.11849012
39.73512672	30.11149342
39.71378033	30.09531701
39.73164344	30.10885377
39.746333	30.1199856
39.71346731	30.0950798
39.77104724	30.13871419
39.7174827	30.09812269
39.74292398	30.11740223
39.77038577	30.13821292
39.69776486	30.0831804
39.77197534	30.13941751
39.75903518	30.12961138
39.74351138	30.11784736
39.79585977	30.15751725
39.74098158	30.11593026
39.78670307	30.15057826
39.74723441	30.12066869
39.79235642	30.1548624
39.76754066	30.13605688
39.76312941	30.13271401
39.80343902	30.16326085
39.73946504	30.11478103
39.80606595	30.16525155
39.78510478	30.14936707
39.7703768	30.13820612
39.818927	30.17499773
39.75626214	30.12750996
39.80475833	30.16426063
39.80737895	30.16624655
39.80549545	30.16481923
39.79764214	30.15886795
39.80096436	30.16138554
39.8183459	30.17455736
39.7882515	30.15175167
39.85207603	30.20011824
39.80984287	30.16811373
39.8204293	30.17613618
39.81884192	30.17493326
39.80528938	30.16466307
39.86379123	30.20899608
39.81108374	30.16905406
39.84397084	30.19397608
39.86654127	30.21108008
39.79416805	30.15623526
39.88841361	30.22765505
39.80396545	30.16365978
39.86081996	30.20674444
39.87145805	30.21480604
39.84236341	30.19275796
39.89483562	30.23252169
39.81723246	30.1737136
39.8893462	30.22836177
39.85638795	30.20338584
39.87428952	30.21695174
39.90633885	30.2412389
39.82775787	30.18168981
39.93093849	30.25988064
39.85954252	30.20577639
39.88643054	30.22615227
39.91151068	30.24515814
39.83861936	30.1899207
39.94329471	30.26924425
39.85086074	30.19919728
39.92948862	30.25878192
39.87737939	30.21929327
39.92339308	30.25416268
39.9002925	30.23665694
39.89046342	30.22920841
39.93998776	30.26673822
39.88383942	30.22418871
39.94146811	30.26786004
39.89607112	30.23345795
39.88720784	30.22674132
39.95319446	30.27674634
39.90118906	30.23733636
39.9034379	30.23904055
39.93645424	30.2640605
39.90658717	30.24142707
39.95904575	30.28118047
39.9229573	30.25383245
39.94152934	30.26790644
39.93243377	30.26101377
39.95208002	30.2759018
39.94470684	30.27031437
39.94877454	30.27339689
39.97310992	30.29183838
39.93244183	30.26101987
39.96573946	30.286253
39.96032118	30.282147
39.9498935	30.27424485
39.97354757	30.29217003
39.94493248	30.27048536
39.98688665	30.30227846
39.98429712	30.30031609
39.95064584	30.27481497
39.9829144	30.29926826
39.97814219	30.29565186
39.98025951	30.29725638
39.99374371	30.30747477
40.00366984	30.31499685
39.98480862	30.30070371
40.02126668	30.32833183
39.98995757	30.30460561
40.00348399	30.31485601
39.98499376	30.30084401
40.01064489	30.32028258
40.02306782	30.32969674
40.00491524	30.31594062
40.02818481	30.33357442
39.97383019	30.2923842
40.0349707	30.33871681
40.01366546	30.32257158
39.9913662	30.30567308
40.05655599	30.35507425
40.00998342	30.31978131
40.02621769	30.33208373
40.03472747	30.33853249
39.99643718	30.3095159
40.06549709	30.36184987
40.02041869	30.32768921
40.03798437	30.34100058
40.08022953	30.3730142
39.99700838	30.30994875
40.06461489	30.36118134
40.04639603	30.34737498
40.05007955	30.35016637
40.0676794	30.36350364
40.05503468	30.3539214
40.085556	30.37705062
40.04066809	30.34303432
40.09615194	30.38508028
40.06656802	30.36266143
40.08064042	30.37332557
40.09859187	30.38692927
40.06100685	30.35844714
40.09606088	30.38501127
40.09742818	30.38604742
40.05164388	30.35135183
40.13023555	30.41090903
40.06147249	30.35880001
40.09234766	30.38219738
40.12460573	30.40664272
40.08507499	30.37668611
40.12721155	30.40861742
40.10354652	30.39068393
40.10768817	30.3938225
40.0991038	30.38731721
40.11610463	30.40020054
40.11134459	30.39659335
40.11834736	30.40190009
40.1476436	30.42410094
40.10406922	30.39108004
40.12473154	30.40673806
40.15049366	30.42626073
40.10622045	30.39271025
40.1552652	30.42987663
40.14828344	30.42458581
40.10646705	30.39289713
40.20544745	30.46790501
40.09977142	30.38782314
40.16765954	30.43926913
40.16577043	30.43783755
40.12593315	30.40764864
40.16729236	30.43899087
40.14134868	30.41933062
40.17930326	30.4480928
40.12902178	30.40998922
40.19495118	30.45995088
40.1463766	30.4231408
40.1567264	30.43098393
40.20549799	30.46794331
40.16320403	30.43589272
40.21011572	30.47144265
40.21871423	30.47795865
40.13076001	30.41130647
40.22770347	30.48477074
40.16233461	30.43523386
40.21650816	30.47628687
40.21308635	30.47369381
40.17394741	30.44403411
40.23751702	30.4922075
40.15690224	30.43111719
40.23369674	30.48931247
40.19550247	30.46036865
40.24262172	30.49607587
40.22761424	30.48470312
40.16248345	30.43534666
40.29125531	30.53293067
40.15213024	30.42750094
40.28016702	30.5245279
40.23869389	30.49309934
40.21157088	30.47254538
40.30007978	30.5396179
40.18633873	30.45342432
40.2826463	30.52640672
40.23148294	30.48763484
40.26176826	30.51058522
40.25986931	30.50914619
40.23829834	30.49279959
40.3024629	30.54142384
40.21257669	30.47330759
40.3032673	30.54203342
40.24475799	30.49769475
40.28064279	30.52488844
40.28823159	30.53063928
40.22369009	30.48172938
40.32157125	30.55590425
40.24858917	30.50059804
40.29275077	30.53406394
40.28924361	30.53140619
40.24610061	30.49871219
40.33490546	30.56600899
40.26583645	30.51366812
40.3253851	30.55879441
40.28988187	30.53188987
40.31380104	30.55001595
40.34635127	30.57468268
40.27692323	30.52206974
40.36614842	30.58968507
40.26561766	30.51350232
40.34146126	30.57097701
40.33307229	30.5646198
40.28196149	30.52588776
40.37297658	30.59485948
40.27762826	30.52260402
40.35459829	30.58093232
40.31391255	30.55010044
40.34369729	30.57267148
40.34082912	30.57049797
40.32204053	30.55625987
40.35310105	30.5797977
40.29690349	30.53721089
40.37715744	30.59802776
40.34055849	30.57029288
40.35289023	30.57963794
40.36358699	30.587744
40.36145449	30.58612798
40.33701956	30.56761106
40.38456288	30.60363965
40.33963375	30.56959211
40.35904671	30.58430335
40.35246206	30.57931347
40.36407906	30.5881169
40.38115986	30.60106082
40.36034802	30.58528949
40.38577168	30.60455569
40.40765936	30.62114229
40.35260407	30.57942109
40.41774653	30.6287864
40.34453239	30.57330433
40.41066123	30.62341712
40.36294562	30.58725798
40.39255136	30.60969336
40.40366822	30.61811778
40.35862574	30.58398434
40.44396376	30.64865395
40.348972	30.57666869
40.43225394	30.63978019
40.41047019	30.62327235
40.36178212	30.58637626
40.44445787	30.6490284
40.38823128	30.60641958
40.44445306	30.64902475
40.40418444	30.61850897
40.40013465	30.61544002
40.45914838	30.66016094
40.38033437	30.60043526
40.48556349	30.68017846
40.36822376	30.59125778
40.45154663	30.6544003
40.44673189	30.65075166
40.40064425	30.6158262
40.47674411	30.67349508
40.39540036	30.61185235
40.45497858	30.65700105
40.4620481	30.66235837
40.40350947	30.61799748
40.50784655	30.69706468
40.41660734	30.62792311
40.48621225	30.68067009
40.44777719	30.65154379
40.4561762	30.65790861
40.49949717	30.69073748
40.42048602	30.6308624
40.53733951	30.7194146
40.42460565	30.63398427
40.49530938	30.68756395
40.48387162	30.67889635
40.44545346	30.64978286
40.55267786	30.73103808
40.42949551	30.63768984
40.52290521	30.70847621
40.48900272	30.68278472
40.47768691	30.67420954
40.55792857	30.73501711
40.43766231	30.64387868
40.55489035	30.73271472
40.48810929	30.68210767
40.51455694	30.70214985
40.54857329	30.72792762
40.44075931	30.64622561
40.58332544	30.75426299
40.47946825	30.67555945
40.56438741	30.73991165
40.52870418	30.71287071
40.49079597	30.68414366
40.60526533	30.77088915
40.47004832	30.66842098
40.58792148	30.75774589
40.53771418	30.71969853
40.51857129	30.70519195
40.58291576	30.75395253
40.53417893	30.7170195
40.58835696	30.7580759
40.53102563	30.71462991
40.57009324	30.74423556
40.56892632	30.74335126
40.5387045	30.720449
40.60365467	30.76966859
40.55452253	30.73243599
40.6026437	30.76890247
40.56023696	30.73676642
40.55566979	30.73330539
40.62097239	30.78279205
40.54044403	30.72176722
40.63457498	30.79310017
40.56494317	30.74033281
40.61653193	30.77942705
40.57758976	30.74991646
40.5974661	30.76497885
40.63054544	30.79004656
40.55134547	30.73002839
40.63534234	30.79368168
40.57108837	30.74498967
40.63443327	30.79299278
40.60781747	30.77282318
40.59400209	30.76235381
40.67406528	30.82302613
40.56762071	30.74236186
40.63103313	30.79041614
40.63538947	30.79371739
40.6287431	30.78868074
40.61993853	30.78200859
40.60897368	30.77369936
40.64155025	30.79838606
40.59971207	30.76668086
40.66330835	30.81487447
40.64538505	30.80129209
40.65210254	30.80638265
40.65943441	30.81193878
40.63376941	30.7924897
40.66121668	30.81328939
40.67100966	30.82071057
40.62907419	30.78893164
40.66994646	30.81990486
40.66920274	30.81934127
40.66316658	30.81476704
40.67519298	30.8238807
40.65115608	30.80566542
40.6939443	30.83809056
40.67434585	30.82323875
40.68523014	30.83148692
40.66732834	30.81792084
40.69542245	30.83921071
40.69552533	30.83928867
40.67578345	30.82432817
40.6980503	30.84120211
40.70143269	30.8437653
40.6865836	30.83251258
40.70163834	30.84392114
40.70573105	30.84702262
40.70809318	30.84881266
40.70371101	30.84549182
40.71652334	30.85520107
40.73079942	30.86601957
40.7119578	30.85174129
40.71852999	30.85672173
40.72301146	30.8601178
40.72659887	30.86283636
40.71784997	30.8562064
40.72287656	30.86001558
40.71939517	30.85737736
40.74325946	30.87546185
40.73503899	30.86923234
40.71850048	30.85669936
40.75068758	30.88109092
40.72513639	30.86172809
40.75812387	30.88672619
40.75092756	30.88127278
40.75640382	30.88542272
40.78063633	30.90378625
40.72833749	30.8641539
40.79978796	30.91829945
40.75459617	30.88405287
40.77418824	30.89889985
40.79637326	30.91571177
40.7331063	30.86776774
40.83181101	30.9425667
40.75290499	30.88277128
40.79417777	30.91404802
40.81440446	30.92937592
40.72682557	30.86300816
40.8367258	30.94629115
40.75855723	30.88705458
40.82099594	30.93437098
40.78673864	30.90841061
40.76810223	30.89428784
40.84264221	30.95077464
40.756328	30.88536526
40.86643651	30.96880608
40.76558661	30.89238148
40.82195562	30.93509823
40.82535972	30.93767787
40.78675562	30.90842347
40.87678181	30.97664581
40.78188976	30.9047361
40.86430886	30.96719374
40.82557623	30.93784194
40.81405587	30.92911176
40.87416445	30.97466236
40.78902381	30.91014232
40.87823665	30.97774829
40.81573944	30.93038757
40.8360103	30.94574894
40.85718681	30.96179661
40.82191323	30.93506611
40.89885405	30.99337228
40.81227398	30.92776143
40.87210705	30.97310325
40.85242357	30.958187
40.84534428	30.95282228
40.88143009	30.9801683
40.84668939	30.95384161
40.88764093	30.98487491
40.85762878	30.96213154
40.87294448	30.97373786
40.86422299	30.96712867
40.87548983	30.97566674
40.91286701	31.00399137
40.85384432	30.95926366
40.93465348	31.02050127
40.8532087	30.95878198
40.9154644	31.00595969
40.90978021	31.00165217
40.87892958	30.9782734
40.92337294	31.01195282
40.87639336	30.97635144
40.90078444	30.99483514
40.90372377	30.99706257
40.88478611	30.98271151
40.92624363	31.01412824
40.91870425	31.00841486
40.92781681	31.01532041
40.90898363	31.00104852
40.95037375	31.03241418
40.90830713	31.00053587
40.89488369	30.99036351
40.96294436	31.04194025
40.90122302	30.99516749
40.95445472	31.03550676
40.91767541	31.0076352
40.95885815	31.0388437
40.9450878	31.02840845
40.9095468	31.00147529
40.97762075	31.0530621
40.90439515	30.99757134
40.97577063	31.05166007
40.95439645	31.0354626
40.93570421	31.02129752
41.0206038	31.08563489
40.95547141	31.03627721
40.97821864	31.05351519
40.99870503	31.06903988
40.98554059	31.0590638
40.98392842	31.05784209
40.97012873	31.04738461
41.01284408	31.07975453
40.97192107	31.04874285
41.01807911	31.08372166
40.99773889	31.06830774
41.00081063	31.07063551
41.03075026	31.09332393
41.00649925	31.07494639
41.0160788	31.08220582
40.99030709	31.06267588
40.99546367	31.06658356
40.99025685	31.06263781
41.01013475	31.07770139
41.02433433	31.08846191
40.99436675	31.06575231
41.02456944	31.08864008
41.00660286	31.0750249
41.0206389	31.08566149
41.04470954	31.10390235
41.00845596	31.07642919
41.03340263	31.09533391
41.01827349	31.08386897
41.02938111	31.09228638
41.05706767	31.11326741
41.03085425	31.09340273
41.04159942	31.10154548
41.02845557	31.091585
41.06524709	31.11946582
41.04086032	31.10098539
41.04088528	31.1010043
41.06397708	31.11850339
41.03125396	31.09370563
41.10251603	31.14770842
41.01659388	31.08259615
41.0676582	31.12129297
41.08696915	31.13592691
41.04774108	31.10619967
41.12606764	31.16555596
41.04315865	31.10272707
41.08738791	31.13624425
41.09540363	31.14231861
41.06335247	31.11803006
41.11501581	31.15718082
41.06242383	31.11732633
41.0947606	31.14183131
41.08014457	31.13075521
41.10107833	31.14661892
41.11440355	31.15671684
41.07711349	31.12845824
41.13484866	31.17221026
41.07383248	31.12597187
41.11668477	31.15844557
41.13384086	31.17144655
41.07085987	31.12371921
41.13888068	31.17526575
41.09859647	31.14473816
41.12185362	31.16236255
41.13156548	31.16972225
41.10897151	31.15260042
41.16532075	31.19530218
41.08697497	31.13593132
41.17229215	31.20058514
41.13013383	31.16863734
41.11859535	31.15989341
41.16662266	31.19628877
41.12518232	31.16488506
41.16673576	31.19637448
41.10422108	31.14900051
41.17641055	31.20370609
41.14955586	31.18335546
41.13366462	31.17131299
41.19740908	31.21961889
41.13369312	31.17133459
41.18531807	31.21045625
41.17523449	31.20281486
41.15957805	31.19095032
41.18406185	31.20950428
41.14332056	31.17863031
41.20897546	31.22838395
41.15375233	31.18653556
41.21330021	31.23166127
41.18471252	31.20999736
41.16330322	31.19377328
41.22067473	31.23724972
41.15696496	31.18897011
41.2238422	31.23965005
41.20244398	31.22343436
41.1739481	31.20184003
41.22416368	31.23989367
41.1847381	31.21001675
41.21834252	31.23548236
41.18364126	31.20918556
41.19711999	31.21939981
41.23023028	31.24449097
41.19531879	31.21803485
41.23227437	31.24603999
41.17843862	31.20524297
41.24756417	31.25762669
41.21902253	31.23599767
41.20274984	31.22366614
41.28213061	31.28382132
41.18225964	31.20813856
41.24274349	31.25397354
41.20885287	31.22829105
41.24494461	31.25564157
41.25995963	31.26702003
41.22169686	31.2380243
41.27214112	31.27625123
41.22767223	31.24255246
41.27175693	31.27596008
41.26336518	31.26960077
41.21674122	31.23426889
41.27427414	31.27786764
41.23835312	31.2506465
41.28296782	31.28445576
41.25626655	31.26422139
41.27178089	31.27597824
41.28864705	31.28875951
41.24528129	31.25589671
41.3088699	31.3040845
41.27804751	31.28072712
41.28252011	31.28411648
41.30651182	31.30229753
41.25270289	31.26152083
41.33935367	31.32718526
41.28399802	31.28523645
41.30982387	31.30480742
41.29966099	31.29710593
41.28775031	31.28807996
41.3416992	31.32896271
41.2775817	31.28037412
41.31863764	31.31148654
41.30552792	31.30155192
41.30182829	31.29874833
41.33805767	31.32620314
41.31540474	31.30903663
41.32225112	31.31422486
41.34765185	31.33347367
41.30819634	31.30357407
41.35304945	31.33756399
41.36858724	31.34933862
41.33503522	31.32391272
41.35491416	31.33897708
41.32769912	31.31835338
41.37976176	31.35780673
41.36934405	31.34991213
41.36910812	31.34973334
41.37567511	31.35470985
41.33225285	31.32180422
41.38579107	31.36237578
41.34956183	31.33492106
41.37515702	31.35431723
41.36306003	31.34515007
41.38132551	31.35899174
41.37465577	31.35393738
41.3507782	31.33584283
41.4030011	31.37541763
41.39531815	31.36959544
41.37948085	31.35759385
41.38435434	31.36128701
41.39548117	31.36971898
41.40517707	31.37706659
41.40710424	31.37852701
41.40197893	31.37464302
41.39597129	31.3700904
41.41517009	31.38463936
41.41584605	31.3851516
41.42135792	31.38932852
41.41570475	31.38504452
41.40607365	31.37774602
41.43009766	31.39595155
41.39526063	31.36955185
41.43042994	31.39620335
41.40581438	31.37754955
41.4387284	31.40249196
41.42119678	31.38920641
41.43759522	31.40163323
41.44475153	31.40705633
41.41457478	31.38418822
41.49026974	31.44155028
41.43654715	31.40083901
41.42634939	31.39311108
41.48882198	31.44045315
41.41286115	31.38288962
41.46951408	31.42582152
41.43695896	31.40115108
41.45966118	31.41835494
41.47817758	31.43238677
41.43761514	31.40164833
41.48188034	31.43519274
41.45054289	31.41144505
41.46758698	31.42436115
41.47797815	31.43223564
41.44613168	31.40810221
41.51483969	31.46016951
41.45331827	31.41354825
41.46626205	31.42335711
41.49708572	31.44671546
41.42348528	31.39094065
41.50555689	31.45313496
41.45062269	31.41150553
41.47505704	31.43002201
41.49665893	31.44639204
41.48998723	31.44133618
41.49636534	31.44616955
41.50499788	31.45271133
41.50554437	31.45312547
41.48929225	31.44080952
41.53464233	31.47517606
41.50085633	31.44957285
41.50886645	31.45564296
41.50713953	31.45433429
41.51524315	31.46047526
41.53687764	31.47686999
41.51672622	31.46159913
41.54438215	31.48255695
41.52621665	31.46879103
41.544228	31.48244013
41.55101944	31.48758673
41.51900261	31.4633242
41.5847214	31.51312625
41.54454684	31.48268175
41.58141816	31.51062304
41.57252334	31.5038825
41.54893951	31.48601054
41.58481134	31.5131944
41.53841869	31.47803781
41.57578862	31.50635694
41.56057887	31.49483091
41.56640483	31.49924585
41.57826067	31.50823028
41.56700829	31.49970316
41.59066773	31.51763241
41.57684597	31.50715821
41.59586725	31.52157263
41.59183348	31.51851582
41.5838063	31.51243278
41.61979298	31.53970368
41.58810274	31.51568865
41.63103582	31.54822357
41.58364487	31.51231045
41.59984812	31.52458936
41.60039605	31.52500459
41.60862968	31.53124408
41.63722184	31.55291136
41.59994454	31.52466243
41.63663373	31.55246569
41.6115055	31.53342339
41.63834716	31.55376414
41.64425701	31.55824266
41.60618698	31.52939298
41.66301532	31.57245781
41.62953206	31.54708401
41.64259416	31.55698254
41.65580987	31.56699747
41.60856032	31.53119152
41.67245991	31.57961496
41.65070033	31.56312544
41.62518134	31.54378701
41.67002832	31.5777723
41.63823208	31.55367694
41.64930514	31.56206815
41.66586975	31.57462091
41.68690271	31.5905598
41.65777091	31.56848356
41.66347511	31.57280624
41.65735557	31.56816882
41.67837915	31.5841006
41.69140992	31.59397538
41.68422959	31.58853409
41.67335919	31.58029645
41.71001987	31.60807811
41.66585732	31.57461149
41.66963289	31.57747264
41.70133013	31.60149298
41.64481652	31.55866666
41.72625809	31.62038352
41.68309766	31.58767631
41.6849162	31.58905441
41.71185608	31.60946959
41.6793561	31.58484094
41.69050456	31.5932893
41.71635408	31.61287821
41.67153059	31.57891072
41.722961	31.61788496
41.71154466	31.6092336
41.71163304	31.60930057
41.75333882	31.64090544
41.71094171	31.60877669
41.72267671	31.61766953
41.73363413	31.62597312
41.7418049	31.63216497
41.75740306	31.64398534
41.71053261	31.60846667
41.77374051	31.65636595
41.69261406	31.59488789
41.76545599	31.6500879
41.76404896	31.64902165
41.71557353	31.6122867
41.80189446	31.67770116
41.71143719	31.60915216
41.7855891	31.66534488
41.77848294	31.65995979
41.73537898	31.62729538
41.81521411	31.68779487
41.74699244	31.63609612
41.80056438	31.67669323
41.74353299	31.63347453
41.78285461	31.66327266
41.78835524	31.66744107
41.76670493	31.65103435
41.82378188	31.69428758
41.76078663	31.64654943
41.79349711	31.67133761
41.80559176	31.680503
41.73816048	31.62940321
41.83306975	31.70132597
41.76778454	31.65185248
41.80388701	31.67921114
41.82124585	31.69236575
41.76261067	31.6479317
41.87349538	31.73196073
41.78274564	31.66319009
41.82430606	31.6946848
41.84332602	31.70909823
41.79410471	31.67179805
41.85816173	31.72034081
41.8080535	31.68236852
41.83218611	31.70065634
41.82321839	31.69386055
41.8188338	31.69053789
41.86414199	31.72487268
41.79970469	31.67604175
41.86527895	31.72573427
41.85706281	31.71950804
41.82191612	31.69287369
41.88303149	31.73918724
41.83422529	31.70220165
41.8871364	31.74229797
41.86716289	31.72716194
41.84454447	31.71002157
41.9044919	31.75545006
41.84392995	31.70955589
41.87847529	31.73573454
41.87608127	31.73392033
41.88084261	31.7375285
41.89508125	31.74831862
41.85079611	31.7147591
41.94465652	31.78588702
41.85010949	31.71423878
41.91328047	31.76211008
41.89029997	31.74469534
41.85419666	31.71733605
41.94171403	31.78365719
41.8562043	31.71885746
41.89810016	31.75060636
41.91764314	31.76541614
41.86004976	31.72177157
41.93887566	31.78150626
41.86788987	31.72771284
41.91831042	31.76592181
41.91521602	31.76357685
41.87488585	31.73301443
41.92996433	31.77475321
41.90224153	31.75374472
41.93054419	31.77519263
41.90338912	31.75461437
41.91194153	31.76109543
41.93521468	31.77873195
41.89480636	31.74811031
41.94439452	31.78568848
41.93886404	31.78149745
41.92468116	31.77074959
41.94573199	31.78670202
41.92037922	31.76748956
41.96388975	31.80046207
41.96213701	31.79913384
41.93735368	31.78035289
41.93951825	31.78199322
41.94332607	31.7848788
41.9655948	31.80175417
41.94937351	31.78946159
41.99586295	31.82469153
41.93977438	31.78218732
41.97920674	31.81206937
41.97786144	31.81104989
41.96118863	31.79841515
42.02641231	31.84784201
41.93978166	31.78219283
41.98944484	31.81982785
42.01595827	31.83991987
41.95263132	31.79193037
42.04319519	31.86056016
41.97444096	31.80845783
41.99163572	31.82148812
42.01242318	31.83724097
41.99505646	31.82408037
42.03417756	31.85372655
41.99729882	31.82577965
42.03275088	31.85264541
42.00556287	31.83204219
41.99469036	31.82380294
42.05917656	31.87267093
41.99063341	31.82072856
42.05453937	31.86915685
42.05369655	31.86851815
41.98047873	31.81303329
42.08160927	31.88967056
41.98923183	31.81966643
42.05301572	31.86800222
42.06201659	31.87482312
42.00034349	31.82808692
42.08106158	31.88925552
42.02072863	31.84353488
42.04033382	31.8583918
42.05302565	31.86800974
42.03347772	31.85319621
42.08250815	31.89035173
42.02845593	31.84939067
42.08971508	31.89581319
42.05865909	31.87227879
42.04696494	31.8634169
42.1125745	31.91313618
42.03747525	31.85622556
42.09478696	31.89965668
42.10161395	31.90483022
42.03551094	31.85473699
42.14229636	31.93565956
42.02767544	31.84879922
42.11047465	31.9115449
42.12092116	31.91946132
42.04245182	31.85999683
42.14186445	31.93533226
42.07571221	31.88520173
42.10470002	31.90716886
42.1211861	31.91966209
42.10552168	31.90779152
42.11969893	31.91853511
42.09984808	31.90349203
42.15512309	31.94537973
42.09664481	31.90106457
42.1184667	31.91760132
42.15021038	31.94165685
42.06398774	31.87631687
42.15554904	31.94570252
42.12174495	31.92008559
42.09371134	31.89884157
42.19687306	31.97701808
42.06010637	31.87337555
42.18209493	31.96581914
42.14839178	31.94027871
42.10523693	31.90757573
42.21006867	31.98701778
42.11074363	31.91174873
42.18745938	31.96988435
42.1441101	31.93703402
42.13459958	31.9298269
42.17049149	31.95702599
42.12552462	31.92294985
42.1952124	31.97575962
42.16121926	31.94999944
42.16844812	31.95547751
42.22383921	31.99745318
42.13206847	31.92790881
42.22361908	31.99728636
42.18589365	31.96869783
42.16599469	31.95361829
42.23114147	32.00298687
42.14017053	31.93404859
42.22848869	32.00097658
42.19592765	31.97630165
42.16778938	31.95497831
42.24374943	32.01254125
42.17155033	31.95782838
42.24887122	32.01642257
42.18874256	31.97085674
42.22409532	31.99764726
42.21340231	31.98954404
42.19231076	31.97356075
42.2578357	32.0232159
42.18909941	31.97112717
42.2604885	32.0252262
42.23711673	32.00751495
42.21539273	31.99105239
42.30083727	32.05580272
42.19320679	31.97423976
42.27205383	32.03399048
42.25781663	32.02320144
42.23146369	32.00323105
42.26860537	32.03137721
42.21965687	31.99428377
42.26575303	32.02921569
42.25015178	32.01739299
42.28551075	32.0441882
42.26759669	32.03061283
42.24244529	32.01155296
42.31066915	32.06325338
42.21372551	31.98978896
42.32425448	32.07354841
42.25591864	32.02176314
42.25569599	32.02159442
42.32329041	32.07281783
42.24181469	32.01107509
42.30777155	32.06105755
42.29584325	32.05201823
42.2346354	32.00563459
42.32829028	32.07660676
42.29908779	32.05447696
42.28078449	32.04060662
42.32053068	32.07072649
42.27148312	32.03355798
42.32327368	32.07280515
42.3012262	32.05609746
42.32226648	32.07204189
42.31703197	32.06807515
42.32318018	32.0727343
42.3091099	32.06207177
42.29503113	32.0514028
42.35825563	32.09931466
42.286801	32.04516596
42.34451149	32.08889928
42.32542624	32.07443637
42.31036694	32.06302436
42.36367229	32.10341943
42.30951685	32.06238015
42.34597661	32.09000956
42.33131628	32.07889988
42.34685312	32.09067378
42.34465403	32.0890073
42.34110297	32.08631628
42.36622765	32.10535591
42.32457731	32.07379305
42.39128506	32.12434455
42.35357658	32.09576886
42.35316638	32.09545801
42.38877965	32.12244593
42.32389649	32.07327712
42.37984556	32.11567563
42.38842697	32.12217867
42.33032713	32.0781503
42.41465994	32.14205815
42.3659825	32.10517013
42.37999418	32.11578826
42.41277604	32.14063053
42.35254512	32.0949872
42.38827404	32.12206278
42.36077586	32.10122451
42.41264796	32.14053346
42.40500035	32.13473806
42.3850416	32.11961322
42.41442139	32.14187738
42.35689988	32.09828727
42.44130169	32.16224742
42.36891604	32.10739318
42.4054721	32.13509556
42.46476843	32.18003064
42.34130167	32.08646686
42.44224968	32.16296581
42.41725124	32.14402185
42.39766424	32.12917872
42.45279484	32.17095699
42.41037747	32.13881288
42.42663606	32.15113372
42.43060014	32.15413772
42.41659992	32.14352828
42.46620998	32.18112305
42.41455818	32.14198104
42.46979474	32.18383961
42.41381114	32.14141493
42.4828042	32.19369824
42.44356231	32.16396053
42.41797408	32.14456963
42.50086263	32.20738302
42.41261378	32.14050757
42.49012806	32.1992483
42.46368669	32.17921089
42.44970817	32.16861789
42.5016734	32.20799742
42.46947874	32.18360014
42.46025045	32.17660689
42.49649963	32.20407671
42.45527696	32.17283795
42.51466236	32.21784053
42.46734405	32.18198246
42.4966809	32.20421408
42.47519335	32.1879307
42.50414445	32.20987
42.49777983	32.20504685
42.48056526	32.19200156
42.51899503	32.22112384
42.52066523	32.22238953
42.48180643	32.19294213
42.56702137	32.25751846
42.454458	32.17221734
42.54626309	32.24178773
42.52562506	32.22614812
42.49750202	32.20483633
42.55869707	32.25121027
42.50408354	32.20982384
42.52633969	32.22668967
42.5412854	32.23801561
42.52472538	32.22546634
42.57896858	32.26657213
42.50698281	32.21202092
42.56032585	32.25244457
42.52984427	32.22934546
42.56228169	32.25392671
42.57831879	32.26607971
42.52659696	32.22688463
42.60087701	32.28317445
42.50762124	32.21250473
42.55599133	32.24915985
42.59215411	32.27656419
42.51095852	32.21503373
42.61041955	32.29040585
42.52612817	32.22652938
42.57556842	32.26399547
42.58583581	32.27177615
42.56463094	32.25570698
42.59165712	32.27618757
42.56822027	32.258427
42.57045567	32.260121
42.59173139	32.27624386
42.57549075	32.26393661
42.57885836	32.2664886
42.57370012	32.26257966
42.61618122	32.29477207
42.5713264	32.26078084
42.60799153	32.28856588
42.59430567	32.27819466
42.57280389	32.2619005
42.62130523	32.29865507
42.58870091	32.27394734
42.62053685	32.29807279
42.62335051	32.300205
42.61711473	32.29547948
42.62275544	32.29975405
42.61733805	32.29564872
42.61287069	32.29226333
42.65461228	32.32389533
42.60877158	32.289157
42.63311198	32.30760229
42.65335484	32.32294244
42.61730374	32.29562272
42.63926621	32.312266
42.62469232	32.30122183
42.64259567	32.31478908
42.67202896	32.33709379
42.62251975	32.29957544
42.66867536	32.33455241
42.65154216	32.32156878
42.66306348	32.33029969
42.67681241	32.34071871
42.63474594	32.30884051
42.67380874	32.33844252
42.67645012	32.34044416
42.61487339	32.29378098
42.701846	32.3596893
42.6769338	32.3408107
42.67795477	32.34158439
42.69055094	32.35112985
42.66446052	32.33135838
42.68337931	32.34569514
42.68562619	32.34739784
42.70652114	32.36323215
42.68035048	32.34339988
42.71087828	32.36653401
42.69351079	32.35337283
42.69338327	32.3532762
42.69250336	32.35260939
42.71298016	32.36812683
42.71057712	32.36630579
42.72335313	32.37598752
42.72108735	32.3742705
42.70995516	32.36583447
42.73588473	32.38548404
42.74207537	32.39017533
42.72774844	32.37931831
42.71707783	32.37123206
42.73035859	32.38129629
42.73558592	32.38525759
42.73670939	32.38610897
42.73736346	32.38660462
42.74632469	32.39339549
42.76869555	32.41034825
42.73636329	32.38584669
42.77332917	32.41385963
42.75189036	32.39761319
42.7449606	32.39236178
42.78365329	32.42168331
42.75006969	32.39623347
42.77835906	32.41767131
42.74246539	32.39047089
42.76519608	32.40769633
42.77174092	32.41265604
42.75501935	32.39998435
42.78389284	32.42186484
42.77004446	32.41137046
42.79319699	32.42891557
42.75247126	32.3980534
42.78848772	32.42534686
42.76603377	32.40833114
42.76789749	32.40974347
42.81819305	32.44785772
42.76152677	32.40491571
42.81532069	32.44568103
42.77585103	32.41577071
42.78067378	32.41942541
42.82050704	32.44961128
42.76891076	32.41051134
42.84387793	32.46732186
42.78118129	32.41981001
42.78445846	32.42229347
42.83648455	32.46171912
42.79892373	32.43325533
42.83706228	32.46215693
42.80764233	32.43986233
42.84745987	32.47003628
42.83414648	32.45994731
42.82070373	32.44976033
42.8643651	32.48284715
42.79185834	32.42790113
42.8511186	32.47280888
42.83384579	32.45971945
42.82422411	32.45242809
42.87749943	32.49280042
42.8366808	32.46186784
42.86078333	32.48013287
42.89910924	32.50917645
42.80738162	32.43966476
42.91924187	32.52443306
42.82075729	32.44980092
42.86316327	32.4819364
42.90426386	32.51308265
42.80764483	32.43986423
42.92239008	32.5268188
42.79969986	32.43384348
42.89322732	32.50471909
42.90415011	32.51299645
42.83091316	32.45749709
42.9423945	32.54197825
42.8392601	32.46382245
42.88737241	32.50028221
42.9062138	32.51456032
42.83820289	32.46302129
42.94860217	32.54668246
42.86598615	32.48407559
42.90629374	32.5146209
42.93867165	32.53915705
42.89410072	32.50538096
42.92291622	32.52721751
42.8855827	32.49892597
42.93972519	32.53995544
42.92700803	32.5303183
42.88755662	32.50042181
42.94322533	32.54260786
42.92887046	32.53172966
42.91502208	32.52123528
42.96642525	32.56018888
42.92248926	32.52689395
42.96716	32.56074568
42.93181735	32.53396283
42.92030098	32.52523566
42.97260626	32.56487289
42.91955565	32.52467085
42.95409928	32.5508482
42.97069074	32.56342129
42.92541442	32.52911065
42.99173631	32.57936974
42.95033622	32.54799653
42.96224911	32.55702418
42.99330462	32.58055821
42.94939825	32.54728573
42.98996324	32.5780261
42.97120415	32.56381036
42.96973267	32.56269526
42.98243309	32.57231971
42.95734073	32.55330458
42.99903697	32.58490222
42.98207325	32.57204702
42.9845356	32.573913
43.02538564	32.60486938
42.97213642	32.56451684
43.02544247	32.60491245
42.98695277	32.57574475
42.98146004	32.57158233
43.01335182	32.59575009
42.96314846	32.55770571
43.01312686	32.59557961
42.98803888	32.57656781
43.01783542	32.59914779
43.03674968	32.61348111
42.97215117	32.56452802
43.03212456	32.60997618
43.008608	32.5921552
43.01949964	32.60040894
43.04415189	32.61909055
42.99745646	32.5837045
43.05165303	32.62477496
43.01339934	32.5957861
43.05495916	32.62728036
43.04389136	32.61889312
43.02329495	32.60328505
43.06019911	32.63125122
43.03988078	32.61585388
43.04607181	32.62054548
43.06175595	32.63243101
43.05671324	32.62860961
43.07403179	32.6417337
43.06523875	32.63507029
43.06008754	32.63116667
43.04731502	32.62148759
43.05748684	32.62919585
43.07679266	32.6438259
43.05383199	32.62642618
43.08910344	32.65315508
43.09010123	32.65391121
43.08399836	32.64928642
43.1090475	32.6682688
43.05075896	32.62409743
43.11182396	32.67037281
43.07961219	32.64596256
43.07598496	32.64321382
43.12183576	32.67795981
43.06424069	32.63431395
43.11758777	32.67474066
43.09087752	32.65449949
43.10537121	32.66548288
43.10514383	32.66531057
43.09031484	32.65407308
43.12753425	32.68227816
43.09494985	32.65758552
43.13937713	32.69125275
43.09107532	32.65464938
43.11925944	32.67600746
43.1567352	32.70440679
43.07690687	32.64391245
43.12982839	32.68401666
43.15555627	32.70351339
43.10901721	32.66824584
43.19396479	32.73261958
43.09673213	32.65893614
43.1703011	32.7146871
43.14423069	32.69493081
43.13136249	32.68517921
43.18634577	32.72684584
43.11926903	32.67601473
43.17990011	32.72196129
43.15184899	32.70070399
43.13992798	32.69167019
43.20607177	32.74179431
43.14185917	32.69313366
43.21631056	32.74955332
43.17888316	32.72119063
43.16572762	32.7112213
43.19583808	32.73403916
43.15006276	32.69935038
43.18686409	32.72723863
43.18454224	32.72547911
43.15506018	32.70313745
43.20821658	32.74341966
43.17029383	32.7146816
43.1863215	32.72682745
43.18731641	32.72758139
43.17616414	32.71913015
43.21286795	32.74694449
43.18552016	32.72622019
43.18247461	32.72391226
43.20329253	32.73968818
43.18806473	32.72814848
43.20558599	32.74142618
43.21079612	32.74537444
43.2084015	32.74355979
43.20793181	32.74320386
43.22351275	32.75501117
43.23535318	32.76398392
43.2084931	32.74362921
43.23643683	32.76480512
43.24951447	32.77471542
43.22312722	32.75471902
43.27044455	32.79057635
43.20208829	32.73877561
43.26138715	32.7837126
43.29342033	32.80798752
43.21646061	32.74966703
43.27902938	32.79708198
43.23318795	32.7623431
43.26429497	32.78591616
43.2712984	32.7912234
43.23913751	32.76685171
43.290855	32.80604349
43.24452412	32.77093371
43.29019595	32.80554407
43.23772185	32.76577891
43.254217	32.77827903
43.30025192	32.81316454
43.25327367	32.77756416
43.30465859	32.81650393
43.27890632	32.79698872
43.26614874	32.78732096
43.31455283	32.82400184
43.2556395	32.779357
43.31865776	32.82711258
43.27574915	32.7945962
43.28507486	32.80166328
43.31912459	32.82746635
43.28343341	32.80041938
43.31953816	32.82777975
43.31419064	32.82372738
43.28543896	32.80193919
43.31839118	32.82691057
43.2826662	32.79983798
43.32333757	32.83065896
43.33163295	32.83694525
43.30203322	32.81451441
43.34714511	32.84870045
43.27486081	32.79392301
43.3358088	32.84010973
43.32481853	32.83178124
43.30744347	32.81861433
43.37752741	32.87172431
43.28411074	32.80093266
43.35849411	32.85730078
43.35434389	32.85415572
43.29499993	32.80918455
43.40848141	32.89518143
43.31483658	32.82421687
43.37661968	32.87103644
43.36671769	32.86353265
43.31694229	32.82581259
43.41249302	32.89822144
43.32810247	32.83426983
43.36857529	32.86494035
43.3702623	32.86621877
43.35489086	32.85457022
43.39824502	32.88742423
43.34906544	32.85015569
43.38800007	32.87966056
43.38620115	32.87829732
43.36534943	32.86249578
43.41134241	32.89734951
43.36000969	32.85844929
43.41249444	32.89822252
43.37681289	32.87118285
43.37873889	32.87264239
43.39637469	32.88600689
43.36336347	32.86099081
43.40794537	32.89477521
43.39154699	32.88234843
43.38595572	32.87811133
43.43823559	32.9177293
43.39088532	32.88184702
43.43486819	32.91517747
43.38664231	32.87863164
43.42127014	32.90487279
43.42468321	32.90745924
43.39698326	32.88646807
43.43227903	32.91321539
43.43421599	32.91468323
43.40770168	32.89459054
43.43736475	32.91706938
43.44319759	32.92148954
43.43808743	32.91761703
43.46286102	32.93639059
43.44924906	32.92607537
43.44801791	32.9251424
43.45292258	32.92885919
43.45511987	32.9305243
43.45312759	32.92901454
43.47461773	32.94529989
43.44387709	32.92200446
43.48537007	32.95344807
43.49874633	32.96358467
43.44517214	32.92298586
43.51351825	32.97477891
43.46055826	32.93464554
43.47394469	32.94478985
43.52500265	32.98348185
43.4766202	32.94681737
43.49760814	32.96272214
43.51720889	32.9775757
43.4829963	32.95164921
43.50280684	32.96666175
43.49447606	32.96034864
43.49533617	32.96100043
43.51707548	32.9774746
43.50508023	32.96838453
43.50689905	32.96976285
43.52638207	32.98452718
43.52003549	32.97971771
43.53085576	32.98791737
43.53209039	32.98885298
43.54451784	32.99827057
43.52223645	32.98138561
43.53903686	32.99411705
43.55176152	33.00375987
43.52164727	32.98093913
43.5210172	32.98046166
43.54474446	32.9984423
43.5284231	32.98607389
43.54988813	33.0023402
43.54924861	33.00185557
43.52612371	32.9843314
43.57249916	33.01947496
43.51724595	32.97760378
43.54030631	32.99507905
43.59768068	33.03855765
43.5411761	32.99573818
43.57367637	33.02036706
43.56829928	33.01629227
43.53011325	32.98735469
43.58787353	33.03112574
43.56228901	33.01173766
43.56934106	33.01708174
43.57454521	33.02102547
43.5775309	33.02328804
43.58966095	33.03248026
43.58650631	33.03008966
43.58831542	33.03146061
43.60150833	33.04145827
43.60012162	33.04040742
43.58228664	33.02689197
43.57605209	33.02216739
43.61531184	33.05191864
43.59106217	33.03354211
43.60736899	33.04589951
43.6177546	33.05376978
43.58491957	33.02888722
43.61036896	33.0481729
43.6145063	33.0513082
43.59679538	33.03788677
43.63107667	33.06386531
43.63491038	33.06677052
43.61813468	33.0540578
43.61574134	33.05224412
43.62942653	33.06261483
43.60604263	33.04489439
43.6523877	33.08001493
43.62924476	33.06247709
43.61645837	33.05278749
43.66379785	33.0886616
43.62810321	33.06161201
43.64080651	33.07123864
43.65667293	33.0832623
43.63847697	33.0694733
43.6580269	33.08428834
43.65080486	33.07881544
43.66911185	33.09268858
43.68681017	33.10610047
43.64428354	33.07387355
43.68438741	33.10426448
43.65066958	33.07871293
43.66970709	33.09313965
43.65970697	33.08556151
43.66931638	33.09284358
43.70711384	33.12148669
43.65178281	33.07955654
43.70729957	33.12162744
43.69047925	33.10888091
43.6550038	33.08199742
43.72990919	33.13876113
43.66684322	33.0909694
43.68632	33.10572901
43.71802606	33.12975603
43.67386523	33.09629072
43.7211843	33.13214936
43.67283687	33.09551142
43.70801757	33.12217155
43.70903497	33.12294253
43.68700225	33.10624602
43.74124792	33.14735368
43.67459921	33.09684693
43.74353214	33.14908468
43.70306338	33.11841723
43.71313422	33.12604897
43.74340083	33.14898517
43.68748425	33.10661129
43.76136804	33.16260082
43.71666411	33.12872394
43.71518063	33.12759975
43.76067123	33.16207278
43.69057322	33.10895213
43.77342492	33.17173759
43.71169264	33.12495654
43.74834774	33.15273397
43.77737056	33.17472762
43.71877973	33.13032717
43.78671106	33.1818059
43.73412566	33.1419564
43.75229972	33.15572879
43.77004019	33.16917262
43.7162599	33.12841763
43.79425904	33.1875258
43.75205307	33.15554188
43.77239818	33.17095952
43.80787398	33.19784327
43.73321267	33.14126453
43.83155177	33.21578643
43.74199799	33.14792209
43.77340477	33.17172231
43.80858213	33.19837991
43.71636482	33.12849714
43.82041454	33.20734658
43.77780384	33.17505596
43.78860389	33.1832403
43.82077107	33.20761675
43.7722257	33.17082881
43.82139993	33.20809331
43.78838351	33.18307328
43.8257333	33.21137716
43.80533551	33.1959196
43.77340844	33.1717251
43.85469656	33.23332567
43.77588182	33.17359944
43.82085679	33.20768172
43.8272002	33.21248878
43.80170395	33.19316759
43.84203386	33.22372981
43.80893225	33.19864523
43.85464514	33.23328671
43.85319961	33.23219128
43.82427545	33.21027239
43.8561292	33.23441134
43.83244602	33.2164641
43.84482835	33.22584749
43.84735518	33.22776234
43.84641799	33.22705213
43.8557324	33.23411064
43.83470426	33.2181754
43.87370292	33.2477288
43.84739132	33.22778973
43.88980664	33.25993228
43.89479015	33.26370881
43.83677666	33.21974588
43.91741038	33.28085055
43.88032003	33.25274328
43.87380708	33.24780773
43.92958161	33.29007397
43.86839272	33.2437047
43.90570319	33.27197877
43.89917957	33.26703514
43.8730463	33.24723121
43.92099047	33.28356356
43.8956573	33.26436594
43.90139334	33.26871275
43.90090034	33.26833915
43.89297933	33.26233656
43.91780213	33.28114742
43.8996736	33.26740952
43.94603779	33.30254455
43.89193448	33.26154477
43.93295348	33.29262919
43.93809948	33.29652886
43.90112329	33.2685081
43.95004818	33.30558364
43.94320506	33.30039789
43.91589102	33.27969916
43.96344244	33.31573389
43.9278476	33.28875993
43.9175681	33.28097007
43.97661026	33.32571254
43.89417525	33.26324284
43.94871938	33.30457667
43.95840675	33.31191782
43.91876033	33.28187355
44.00351947	33.34610448
43.90777227	33.27354673
43.95767094	33.31136022
43.97877482	33.32735285
43.9267426	33.28792255
43.98218896	33.3299401
43.95656095	33.31051906
43.98001569	33.32829319
43.98364557	33.33104393
43.9505406	33.3059568
44.00002353	33.34345524
43.98145569	33.32938443
43.99065402	33.33635497
43.98198092	33.32978245
43.97137433	33.32174471
44.00892419	33.35020021
43.98533525	33.33232438
43.98033905	33.32853823
44.01146486	33.35212554
43.97543453	33.32482156
44.02080318	33.35920217
44.01125487	33.3519664
44.01667837	33.35607636
44.0092305	33.35043233
43.99405762	33.33893424
44.0332756	33.36865383
43.98755535	33.33400678
44.0465463	33.37871044
44.02088888	33.35926711
44.00218496	33.34509318
44.04900196	33.38057136
43.99180582	33.33722781
44.02679214	33.36374063
44.03488544	33.36987378
44.00945246	33.35060053
44.04910916	33.38065259
44.02240815	33.36041842
44.0342448	33.3693883
44.05829428	33.38761312
44.01043106	33.35134212
44.08570562	33.40838559
44.03976762	33.37357352
44.0430159	33.37603509
44.08859139	33.41057244
44.01990467	33.35852127
44.08222588	33.40574862
44.08170702	33.40535542
44.01933004	33.35808581
44.10270687	33.42126923
44.055602	33.3855729
44.0755515	33.40069074
44.0950401	33.41545931
44.06393795	33.39188993
44.11764935	33.43259271
44.08434372	33.40735353
44.08302533	33.40635445
44.09584125	33.41606642
44.09702351	33.41696234
44.09643629	33.41651735
44.09696091	33.41691491
44.09421609	33.41483487
44.11419167	33.42997247
44.1041813	33.42238655
44.12727293	33.43988552
44.13050757	33.44233675
44.11461128	33.43029045
44.12831683	33.44067659
44.1321262	33.44356335
44.10029903	33.41944455
44.13110426	33.44278892
44.12570698	33.43869883
44.11348035	33.42943343
44.17607474	33.4768678
44.10747059	33.4248792
44.15919812	33.4640786
44.14668969	33.45459965
44.09433441	33.41492453
44.19787046	33.49338471
44.11029904	33.42702262
44.14851828	33.45598536
44.18596285	33.48436106
44.09306847	33.41396519
44.2123241	33.50433775
44.11587171	33.43124561
44.15206759	33.45867505
44.19064293	33.48790765
44.12951314	33.44158316
44.19287365	33.4895981
44.16013834	33.4647911
44.15681817	33.46227506
44.18958244	33.487104
44.1519571	33.45859132
44.17827615	33.47853603
44.20332649	33.49751932
44.17238019	33.47406804
44.20331859	33.49751333
44.1798033	33.47969331
44.20118643	33.49589757
44.20877386	33.50164737
44.20573089	33.49934138
44.21177617	33.50392253
44.20804651	33.50109617
44.19730602	33.49295697
44.21775019	33.50844967
44.20385411	33.49791915
44.23084903	33.51837605
44.20673305	33.50010083
44.21922413	33.50956664
44.22709184	33.51552883
44.21932596	33.5096438
44.24017791	33.52544552
44.21529884	33.50659203
44.22445166	33.51352809
44.25465845	33.53641895
44.22591732	33.51463877
44.25568941	33.53720022
44.22828929	33.51643626
44.26579861	33.54486102
44.24145463	33.52641303
44.24630289	33.53008707
44.26998898	33.54803651
44.26099361	33.54121977
44.25369205	33.53568661
44.27427134	33.5512817
44.27204771	33.54959662
44.25913792	33.53981352
44.29521497	33.5671529
44.27020347	33.54819905
44.2608245	33.54109162
44.27928133	33.55507831
44.26292969	33.54268695
44.3006094	33.57124083
44.28303605	33.55792365
44.27295065	33.55028088
44.29824359	33.56944801
44.28592968	33.56011646
44.27980735	33.55547693
44.31579271	33.58274683
44.27768077	33.55386539
44.29165652	33.56445629
44.32521527	33.58988729
44.31043455	33.57868638
44.304553	33.57422931
44.31172616	33.57966517
44.30914941	33.5777125
44.33261374	33.59549389
44.32670182	33.59101381
44.30101905	33.57155126
44.36349895	33.61889887
44.33195328	33.59499339
44.31610917	33.58298664
44.36838514	33.62260165
44.3279646	33.59197075
44.3271242	33.59133389
44.37035993	33.62409816
44.33444087	33.5968785
44.35124314	33.60961135
44.36592237	33.62073535
44.32782173	33.59186248
44.37449881	33.62723462
44.36320168	33.6186736
44.35164842	33.60991848
44.38193918	33.63287297
44.32819139	33.59214261
44.39527294	33.64297737
44.35112363	33.60952079
44.36398656	33.61926839
44.39821656	33.64520806
44.3335801	33.59622621
44.40680258	33.6517146
44.36179714	33.61760923
44.3661043	33.62087322
44.40954871	33.65379563
44.34872234	33.60770107
44.42185165	33.66311886
44.39388491	33.64192551
44.36096646	33.61697974
44.47824955	33.7058575
44.35613695	33.61331991
44.40858584	33.65306596
44.45066035	33.68495025
44.36933093	33.62331837
44.44694879	33.68213761
44.39299534	33.64125139
44.40350627	33.64921663
44.45997918	33.69201211
44.39365799	33.64175356
44.41860966	33.66066207
44.42246242	33.66358171
44.42292906	33.66393533
44.42199348	33.66322634
44.41597301	33.65866399
44.45200154	33.68596661
44.43246692	33.67116317
44.45293573	33.68667454
44.439212	33.67627463
44.4030368	33.64886087
44.45170215	33.68573973
44.43380918	33.67218035
44.44228518	33.6786035
44.47401596	33.70264926
44.43643469	33.67416997
44.46142156	33.69310515
44.46519249	33.69596278
44.42286767	33.66388881
44.48361011	33.70991975
44.47586148	33.7040478
44.42814542	33.66788832
44.52426321	33.7407269
44.44608754	33.68148495
44.48215812	33.70881943
44.48022568	33.70735502
44.43685589	33.67448915
44.53056224	33.74550034
44.44411452	33.67998978
44.50743381	33.72797348
44.50292558	33.72455713
44.45486519	33.6881367
44.53183018	33.74646119
44.47605563	33.70419493
44.51610347	33.7345434
44.53107095	33.74588584
44.46169863	33.69331512
44.56076363	33.76838711
44.49195953	33.71624699
44.52614363	33.74215189
44.5588694	33.76695165
44.46974478	33.69941253
44.56481149	33.7714546
44.49225836	33.71647345
44.51910504	33.73681801
44.56530661	33.77182981
44.46371228	33.69484108
44.58000485	33.78296821
44.52352249	33.74016557
44.52765314	33.7432958
44.59631554	33.79532854
44.49109271	33.71559011
44.57473874	33.77897752
44.55587692	33.76468393
44.53596162	33.74959201
44.58124073	33.78390476
44.54021066	33.75281196
44.5597148	33.7675923
44.57838601	33.78174144
44.54064543	33.75314143
44.59163528	33.79178181
44.5509811	33.76097385
44.55958396	33.76749315
44.59867902	33.7971196
44.54253469	33.75457312
44.58922236	33.78995329
44.59292528	33.79275938
44.59136187	33.79157462
44.60720505	33.80358067
44.59496132	33.7943023
44.60197701	33.79961883
44.58337979	33.78552576
44.60456091	33.80157692
44.61516601	33.80961353
44.58045651	33.78331048
44.62349285	33.81592365
44.61136943	33.80673646
44.63278768	33.82296732
44.60088779	33.79879341
44.62252176	33.81518775
44.62742283	33.81890181
44.60570392	33.8024431
44.63860567	33.82737623
44.60371375	33.80093494
44.62626768	33.81802643
44.6402376	33.82861291
44.62626472	33.81802419
44.6527398	33.83808715
44.63680696	33.82601316
44.62006852	33.81332868
44.65987228	33.84349218
44.6470462	33.8337725
44.6551819	33.83993778
44.65812976	33.84217169
44.63547431	33.82500327
44.67030052	33.85139476
44.65697626	33.84129756
44.64968304	33.83577072
44.68484993	33.86242038
44.65283801	33.83816157
44.68290586	33.86094715
44.67475402	33.85476964
44.64736579	33.83401469
44.68508112	33.86259557
44.6802603	33.85894233
44.66890992	33.85034095
44.69882722	33.87301244
44.6633927	33.84615997
44.68052354	33.85914182
44.69687232	33.87153101
44.67100012	33.85192492
44.70931562	33.88096061
44.69493658	33.8700641
44.70742368	33.87952689
44.69512397	33.8702061
44.67959193	33.85843584
44.70620064	33.87860006
44.73595024	33.90114447
44.70206174	33.87546358
44.72432641	33.89233586
44.712725	33.88354426
44.69651608	33.87126105
44.73747255	33.90229808
44.72221304	33.89073434
44.73992999	33.90416034
44.73062336	33.89710773
44.75175777	33.9131235
44.71796834	33.88751769
44.74019462	33.90436088
44.73740472	33.90224668
44.7238321	33.89196128
44.74436179	33.90751878
44.74397013	33.90722199
44.75566152	33.91608178
44.75781757	33.91771565
44.74726708	33.90972043
44.76695069	33.92463678
44.74483479	33.90787723
44.74200856	33.9057355
44.7660965	33.92398947
44.74086936	33.9048722
44.76446856	33.9227558
44.78379301	33.93739998
44.74817316	33.91040707
44.79776253	33.94798616
44.74498474	33.90799086
44.75971366	33.91915252
44.779705	33.93430206
44.75730061	33.9173239
44.80230148	33.9514258
44.78219828	33.93619148
44.78224467	33.93622664
44.84175307	33.98132243
44.75612815	33.9164354
44.81122227	33.95818602
44.81358819	33.95997892
44.77558475	33.93117971
44.80606097	33.95427476
44.79902132	33.94894007
44.79753363	33.94781269
44.8209224	33.96553683
44.7914122	33.94317384
44.82358237	33.96755257
44.83512079	33.97629644
44.8058029	33.95407919
44.85166808	33.98883607
44.82698044	33.97012764
44.85956507	33.99482045
44.85292941	33.98979191
44.81375497	33.96010531
44.85816848	33.99376211
44.82643734	33.96971608
44.82214141	33.9664606
44.88405785	34.01338121
44.82512424	33.96872101
44.86839398	34.00151105
44.85761234	33.99334067
44.83894745	33.97919631
44.88284263	34.01246031
44.86228436	33.99688115
44.86747876	34.00081749
44.8509798	33.98831449
44.86983288	34.00260146
44.89093591	34.01859345
44.85268529	33.98960692
44.86073349	33.99570589
44.88012573	34.01040143
44.86561712	33.99940673
44.87718109	34.00816996
44.88809609	34.01644142
44.88135527	34.01133318
44.88342085	34.01289849
44.88374907	34.01314722
44.90915559	34.03240042
44.88971652	34.01766938
44.89610155	34.022508
44.93199482	34.04970811
44.87828765	34.00900852
44.91572249	34.03737685
44.93753926	34.05390972
44.87751418	34.00842238
44.95248399	34.06523491
44.90770554	34.03130156
44.89219489	34.01954751
44.96181405	34.07230528
44.92325578	34.04308562
44.9290227	34.04745582
44.93967094	34.05552511
44.9383066	34.05449121
44.92081664	34.04123722
44.93013955	34.04830217
44.95237068	34.06514905
44.95206007	34.06491366
44.95658492	34.06834262
44.93721627	34.05366495
44.92754511	34.04633609
44.96922124	34.07791849
44.95395781	34.06635178
44.98607457	34.09069003
44.952219	34.0650341
44.98071314	34.08662711
44.97088232	34.07917727
44.97406817	34.08159152
44.9909822	34.09440906
44.94454245	34.05921677
44.99358203	34.09637923
45.0060749	34.10584639
44.93419103	34.0513724
44.98978104	34.09349882
44.97640942	34.08336573
44.99987944	34.10115144
45.0091387	34.10816816
44.95955894	34.07059635
45.01146008	34.10992731
44.99863115	34.10020548
44.95658866	34.06834545
45.05641761	34.14399637
44.95953546	34.07057855
45.01120238	34.10973202
45.02637833	34.12123244
44.98244073	34.08793629
45.03503936	34.12779582
45.02589927	34.12086941
45.01836922	34.1151631
45.03494156	34.1277217
45.03838855	34.13033385
44.99942355	34.10080596
45.0529434	34.1413636
45.0496156	34.13884177
45.00363199	34.10399514
45.05477013	34.1427479
45.03656049	34.12894854
45.01913913	34.11574654
45.08361307	34.16460524
45.01751859	34.11451848
45.0581879	34.1453379
45.05873273	34.14575078
45.01873158	34.11543769
45.09846884	34.17586302
45.04615447	34.13621891
45.05487452	34.14282701
45.10258365	34.17898124
45.04535341	34.13561186
45.07321106	34.15672254
45.08423825	34.165079
45.03836788	34.13031819
45.08896321	34.1686596
45.05650873	34.14406542
45.08567301	34.16616627
45.11730723	34.19013885
45.03740299	34.12958699
45.12959146	34.19944791
45.07129878	34.1552734
45.07436187	34.15759463
45.11530237	34.18861956
45.06019251	34.14685701
45.10342281	34.17961717
45.11438811	34.18792673
45.07895935	34.16107862
45.16879396	34.22915577
45.07844523	34.16068902
45.10894539	34.18380221
45.13985734	34.20722745
45.08405587	34.1649408
45.16438218	34.22581251
45.11768689	34.19042656
45.11791604	34.19060022
45.16755196	34.22821458
45.11847187	34.19102143
45.18322197	34.2400894
45.13953572	34.20698372
45.11919005	34.19156566
45.16505849	34.22632501
45.1281114	34.19832631
45.14460369	34.21082426
45.12710031	34.1975601
45.16671685	34.22758173
45.16207222	34.224062
45.1269422	34.19744029
45.18261787	34.23963161
45.13140421	34.20082162
45.17761742	34.23584224
45.20750952	34.25849464
45.104065	34.18010382
45.201527	34.25396105
45.15320128	34.21733956
45.14699458	34.21263609
45.22940098	34.2750841
45.11831373	34.19090159
45.19858473	34.25173138
45.21676822	34.26551092
45.12673205	34.19728103
45.26057689	34.29870938
45.14456487	34.21079484
45.18602396	34.24221276
45.2267098	34.27304471
45.13548526	34.20391427
45.26223042	34.29996243
45.19406131	34.24830351
45.18631659	34.24243452
45.26905246	34.30513221
45.13318706	34.20217267
45.26094548	34.29898869
45.2171739	34.26581836
45.13965835	34.20707665
45.29866483	34.32757262
45.17831828	34.23637335
45.23306231	34.27785867
45.28309121	34.31577085
45.16431595	34.22576231
45.30401028	34.33162343
45.23122882	34.27646925
45.21439572	34.26371304
45.34008084	34.3589579
45.18544498	34.24177401
45.25488445	34.29439561
45.27891906	34.31260917
45.20336778	34.255356
45.29656181	34.32597894
45.2264726	34.27286496
45.26804958	34.30437222
45.2576579	34.29649735
45.23059255	34.27598708
45.30447508	34.33197566
45.23761791	34.28131094
45.26591119	34.30275174
45.29205276	34.32256196
45.24994059	34.29064913
45.29395065	34.32400019
45.27582939	34.3102678
45.25650961	34.29562716
45.31831552	34.34246402
45.2540081	34.29373151
45.29871821	34.32761307
45.31132814	34.33716894
45.25846412	34.2971083
45.33973977	34.35869943
45.2970244	34.32632949
45.24858362	34.28962081
45.34290261	34.36109625
45.29176812	34.32234626
45.3162556	34.340903
45.30371957	34.33140313
45.29870668	34.32760433
45.33434907	34.35461433
45.29595844	34.3255217
45.34033545	34.35915084
45.32874673	34.35036885
45.3304057	34.35162603
45.37319378	34.38405106
45.32570704	34.34806536
45.35860838	34.37299816
45.35605556	34.37106363
45.30638017	34.33341935
45.38311872	34.39157223
45.32603349	34.34831274
45.36522274	34.37801056
45.36188983	34.37548487
45.32806544	34.34985256
45.3748355	34.38529517
45.34364689	34.36166027
45.34837392	34.36524244
45.40493653	34.40810589
45.33112429	34.35217057
45.38952565	34.39642744
45.40306669	34.40668891
45.31818489	34.34236503
45.41853895	34.41841388
45.39334715	34.39932339
45.35140946	34.36754279
45.43592109	34.43158615
45.35414227	34.36961372
45.40088879	34.40503849
45.40348246	34.40700398
45.36849144	34.3804876
45.42224862	34.42122508
45.3766012	34.38663322
45.41518123	34.41586938
45.42932486	34.4265875
45.39934352	34.40386747
45.43288574	34.42928595
45.39040659	34.39709502
45.41602352	34.41650767
45.45242303	34.44409142
45.37791932	34.3876321
45.46302376	34.4521247
45.43238133	34.42890371
45.38564028	34.39348309
45.49092724	34.47327011
45.39300454	34.39906376
45.43808785	34.43322814
45.47270503	34.45946122
45.37022353	34.38180019
45.48575318	34.46934919
45.42112953	34.42037703
45.46034666	34.45009598
45.49672229	34.47766163
45.39939303	34.40390499
45.488818	34.47167172
45.4488382	34.44137481
45.41633576	34.41674428
45.52200269	34.49681926
45.41760123	34.41770327
45.47238542	34.45921902
45.48976487	34.47238926
45.41918018	34.4188998
45.54124784	34.51140333
45.44706468	34.44003083
45.45814471	34.44842733
45.54117548	34.5113485
45.42711491	34.42491278
45.53790845	34.50887273
45.50489387	34.4838541
45.41629619	34.4167143
45.57417535	34.53635598
45.44560888	34.43892761
45.49104486	34.47335925
45.54154668	34.5116298
45.43321188	34.4295331
45.56085657	34.52626293
45.52189674	34.49673897
45.46362048	34.4525769
45.57930101	34.54024023
45.45457529	34.44572241
45.55380126	34.52091639
45.54729954	34.51598935
45.46471035	34.45340281
45.57878819	34.53985162
45.5243981	34.49863451
45.52712642	34.50070204
45.5741156	34.5363107
45.48735412	34.47056238
45.60473666	34.5595155
45.54033846	34.5107142
45.51990836	34.49523216
45.59427988	34.5515913
45.50790096	34.48613289
45.5770268	34.53851683
45.55986857	34.52551423
45.52243687	34.49714828
45.60717352	34.56136217
45.52260584	34.49727632
45.56966546	34.53293836
45.57845299	34.53959759
45.53595151	34.50738975
45.60001932	34.55594068
45.55673126	34.52313676
45.57160454	34.53440781
45.5944522	34.55172189
45.55499473	34.5218208
45.57571065	34.53751944
45.58832466	34.5470784
45.57342234	34.53578535
45.60456121	34.55938255
45.59542136	34.55245632
45.56145228	34.52671436
45.61817642	34.56970023
45.59745806	34.55399974
45.56409832	34.52871955
45.65883086	34.60050838
45.54951322	34.51766688
45.5995543	34.55558828
45.63058103	34.57910051
45.57101784	34.5339632
45.65681021	34.59897713
45.6278073	34.57699856
45.59426439	34.55157956
45.65431956	34.59708969
45.57648172	34.53810376
45.63431387	34.58192927
45.6429263	34.58845582
45.58441153	34.54411301
45.65970426	34.60117025
45.61094664	34.56422146
45.61460099	34.56699075
45.67763229	34.6147562
45.59863406	34.55489092
45.64591476	34.59072049
45.65991097	34.60132689
45.60826774	34.56219138
45.701778	34.63305396
45.63323045	34.58110825
45.65867779	34.60039238
45.69518737	34.62805954
45.62945855	34.57824988
45.68165025	34.61780104
45.65047633	34.59417727
45.6388772	34.58538739
45.71559004	34.6435208
45.63609728	34.58328075
45.69126544	34.62508748
45.71256447	34.641228
45.62672145	34.5761757
45.71634269	34.64409116
45.67725392	34.61446947
45.65654883	34.59877905
45.72589644	34.65133104
45.65700044	34.59912128
45.71303178	34.64158213
45.70983168	34.63915708
45.66015426	34.60151126
45.74732003	34.66756595
45.70498044	34.63548078
45.7158026	34.64368187
45.75830756	34.67589237
45.64378895	34.58910954
45.75887977	34.67632599
45.71181283	34.6406584
45.70434244	34.6349973
45.76866404	34.68374056
45.66952224	34.60861037
45.7436861	34.66481214
45.75017187	34.66972709
45.68240616	34.61837387
45.76463104	34.68068433
45.72491354	34.65058619
45.72567311	34.6511618
45.76910875	34.68407756
45.72983831	34.65431821
45.746682	34.66708245
45.76327805	34.67965902
45.76951637	34.68438646
45.74720822	34.66748122
45.75431823	34.67286922
45.75481577	34.67324626
45.75704013	34.6749319
45.73715481	34.65986269
45.77209627	34.68634152
45.77801714	34.69082839
45.756638	34.67462716
45.80551591	34.7116671
45.73245733	34.65630292
45.80025553	34.70768076
45.7741275	34.6878808
45.76530381	34.68119416
45.83396112	34.73322304
45.74743991	34.66765679
45.79684373	34.70509528
45.79781131	34.70582852
45.76364355	34.679936
45.81939285	34.72218312
45.77573493	34.68909891
45.81487366	34.71875846
45.80775575	34.71336446
45.79449795	34.70331763
45.82525096	34.72662243
45.80688239	34.71270263
45.80453968	34.71092731
45.80693224	34.7127404
45.8060188	34.71204819
45.83079134	34.73082096
45.79793994	34.70592599
45.81276704	34.71716205
45.8262126	34.72735117
45.81318642	34.71747986
45.84080524	34.73840955
45.85904478	34.75223157
45.84363504	34.74055398
45.87919994	34.76750526
45.81702391	34.72038793
45.85523505	34.74934454
45.89033084	34.77594031
45.82861162	34.72916916
45.87586663	34.76497926
45.85863289	34.75191944
45.85877467	34.75202688
45.87638296	34.76537054
45.8794535	34.76769741
45.86006637	34.75300574
45.88049923	34.76848987
45.83456686	34.73368207
45.9042967	34.78652372
45.88148762	34.76923888
45.87717165	34.76596821
45.9176465	34.79664027
45.88430152	34.77137126
45.91498724	34.79462507
45.86584508	34.75738487
45.8843822	34.7714324
45.92059034	34.79887113
45.88011362	34.76819765
45.89873989	34.78231274
45.91659333	34.79584217
45.88096173	34.76884036
45.95205271	34.82271348
45.90573692	34.78761513
45.90094629	34.78398476
45.94566875	34.81787568
45.89824364	34.78193668
45.9298507	34.80588867
45.95446268	34.82453977
45.89716813	34.78112165
45.97029866	34.83654036
45.94564047	34.81785425
45.91865284	34.79740288
45.98674685	34.84900489
45.91966841	34.79817248
45.96048352	34.82910239
45.98663794	34.84892235
45.90430773	34.78653207
45.98720856	34.84935477
45.94838429	34.81993354
45.93158988	34.80720664
45.98483913	34.84755921
45.92429954	34.80168198
45.96482178	34.83238995
45.97308881	34.83865475
45.91238229	34.79265102
46.01460308	34.87011449
45.93513964	34.80989666
45.98169864	34.84517933
45.98899537	34.85070883
45.94834747	34.81990563
46.00820734	34.86526777
45.95770235	34.82699481
45.98133049	34.84490034
45.99012401	34.85156411
45.98044812	34.84423167
45.97327407	34.83879514
45.98366265	34.84666767
45.96126273	34.82969289
46.00818113	34.8652479
45.96614008	34.83338897
46.02153013	34.87536385
46.000692	34.8595726
45.98477061	34.84750729
46.03516486	34.88569632
45.99553983	34.85566826
46.00274311	34.86112694
46.05162731	34.89817165
46.00066821	34.85955457
46.04704039	34.89469566
46.01851	34.87307517
46.0129004	34.86882419
46.06551843	34.90869842
46.00698117	34.86433857
46.04288357	34.8915456
46.04865947	34.89592261
46.02236897	34.87599952
46.06510685	34.90838652
46.04706089	34.89471119
46.03260472	34.88375623
46.05863225	34.90348003
46.0437702	34.89221749
46.05870584	34.9035358
46.0673058	34.9100529
46.05058755	34.89738371
46.09343697	34.92985523
46.05702949	34.90226545
46.0764939	34.91701568
46.08029719	34.91989784
46.03363289	34.88453538
46.08280013	34.92179458
46.0980924	34.93338315
46.07149343	34.9132263
46.09873648	34.93387123
46.08514709	34.92357312
46.07982058	34.91953666
46.10052836	34.93522913
46.07803591	34.91818423
46.09806929	34.93336563
46.09970582	34.93460581
46.07459526	34.91557689
46.14441682	34.96848804
46.10375677	34.93767564
46.11505559	34.94623794
46.10579568	34.93922074
46.10839069	34.94118724
46.12749925	34.95566781
46.10251839	34.93673719
46.13113074	34.95841978
46.1229843	34.95224636
46.09475923	34.93085725
46.14289415	34.96733415
46.13409903	34.96066917
46.11737086	34.94799247
46.14834987	34.97146853
46.12313934	34.95236385
46.15523651	34.97668726
46.15818046	34.97891821
46.13418684	34.96073571
46.15796535	34.97875519
46.14999173	34.97271274
46.12408969	34.95308403
46.1739465	34.99086579
46.13017661	34.95769674
46.16661221	34.98530783
46.17011206	34.98796003
46.16679795	34.98544858
46.16451701	34.98372008
46.17349136	34.99052088
46.17357969	34.99058782
46.16568743	34.98460703
46.18028653	34.9956703
46.17645995	34.9927705
46.15894141	34.97949485
46.20699267	35.01590836
46.16790088	34.98628439
46.19872	35.00963929
46.19320367	35.00545898
46.19840774	35.00940266
46.19317865	35.00544002
46.19812146	35.0091857
46.19839907	35.00939608
46.195183	35.00695893
46.20431874	35.01388204
46.19256558	35.00497543
46.1910202	35.00380433
46.22208122	35.02734254
46.20208225	35.01218722
46.20829641	35.01689634
46.24074794	35.04148829
46.21349676	35.02083719
46.20766561	35.01641832
46.24831067	35.04721936
46.18327658	34.99793618
46.22711437	35.03115669
46.23557605	35.037569
46.21792157	35.02419034
46.22880394	35.03243705
46.23186491	35.03475667
46.23657244	35.03832406
46.22005752	35.02580897
46.2366624	35.03839224
46.23531671	35.03737247
46.24900102	35.04774252
46.23828825	35.03962432
46.25156825	35.04968798
46.27383282	35.06656019
46.24251432	35.04282686
46.26091952	35.05677442
46.27884015	35.07035477
46.25286613	35.05067152
46.27090001	35.06433769
46.25919608	35.05546839
46.26513784	35.05997108
46.28565831	35.0755216
46.26463657	35.05959122
46.29337768	35.08137139
46.29723217	35.08429234
46.25243583	35.05034543
46.29828864	35.08509294
46.30188522	35.08781844
46.2645132	35.05949772
46.29851582	35.0852651
46.30557814	35.09061696
46.26837269	35.06242247
46.29209963	35.08040287
46.28995983	35.07878132
46.30332499	35.08890951
46.31612328	35.09860812
46.29701887	35.0841307
46.31637212	35.0987967
46.29739535	35.084416
46.32239579	35.10336147
46.31286054	35.0961356
46.30004336	35.08642267
46.31551489	35.09814709
46.33486473	35.11281049
46.30683318	35.09156804
46.3303358	35.10937845
46.32050241	35.10192665
46.33918859	35.11608714
46.32190927	35.10299278
46.33252597	35.11103817
46.35024227	35.12446368
46.33822457	35.1153566
46.37568264	35.14374253
46.33575995	35.1134889
46.36297318	35.13411123
46.35073341	35.12483586
46.35555075	35.12848648
46.3698435	35.13931759
46.34263697	35.11870034
46.35666637	35.1293319
46.3599668	35.13183298
46.35764548	35.13007387
46.38493483	35.15075389
46.38679386	35.15216267
46.34438946	35.12002839
46.4104768	35.17010973
46.36423219	35.13506531
46.37569404	35.14375117
46.42871672	35.18393204
46.36516734	35.13577397
46.38793578	35.15302802
46.41323912	35.17220303
46.3592755	35.13130911
46.40699918	35.16747437
46.41206924	35.17131649
46.36655193	35.13682322
46.42415783	35.18047729
46.4095162	35.16938178
46.41231263	35.17150093
46.42941302	35.1844597
46.41901334	35.17657877
46.40310654	35.1645245
46.42693333	35.18258058
46.39843853	35.16098706
46.42065329	35.17782153
46.40521236	35.16612031
46.44313645	35.19485939
46.41003363	35.1697739
46.45772957	35.20591813
46.39842058	35.16097346
46.46054621	35.2080526
46.44651806	35.19742199
46.40663887	35.16720133
46.4788552	35.22192725
46.42477762	35.18094697
46.44640716	35.19733795
46.4878687	35.22875773
46.42018276	35.17746496
46.4890331	35.22964012
46.46787632	35.2136074
46.41500761	35.1735432
46.51661912	35.25054495
46.44543105	35.19659825
46.47730289	35.2207509
46.48663892	35.2278258
46.4274089	35.18294097
46.5170397	35.25086367
46.43744327	35.19054506
46.45907137	35.20693496
46.50773305	35.24381104
46.44305515	35.19479778
46.52182613	35.25449086
46.49267001	35.23239619
46.45433728	35.20334744
46.52700521	35.25841559
46.47315465	35.21760734
46.49547001	35.23451804
46.51423455	35.24873791
46.46598349	35.212173
46.52646893	35.25800919
46.48904455	35.2296488
46.48926472	35.22981564
46.52610574	35.25773396
46.47809186	35.22134879
46.56060964	35.28388121
46.52588605	35.25756748
46.50825063	35.24420327
46.56811941	35.28957215
46.50409432	35.24105359
46.51268385	35.24756279
46.56287186	35.28559553
46.49366979	35.23315382
46.55294307	35.27807144
46.55242762	35.27768082
46.50172306	35.23925664
46.58354674	35.30126306
46.5253464	35.25715854
46.53685011	35.26587611
46.58010491	35.29865482
46.544121	35.27138602
46.57518577	35.29492708
46.57496021	35.29475614
46.57028504	35.29121327
46.56357612	35.28612922
46.56327637	35.28590207
46.56390468	35.28637821
46.57424632	35.29421516
46.58347465	35.30120844
46.59973614	35.31353148
46.56618028	35.28810267
46.60081774	35.31435112
46.58327292	35.30105556
46.60080378	35.31434055
46.5888653	35.3052935
46.60084289	35.31437018
46.58385502	35.30149668
46.61226134	35.32302314
46.60643377	35.31860698
46.5822127	35.30025212
46.63060728	35.3369258
46.61040281	35.32161474
46.5841364	35.30170991
46.64277399	35.34614579
46.60572179	35.31806744
46.62792505	35.33489319
46.64327717	35.34652711
46.59940445	35.31328012
46.65076448	35.35220103
46.63488122	35.34016461
46.62536579	35.33295377
46.6482623	35.35030487
46.62833836	35.3352064
46.63959472	35.34373653
46.65375796	35.3544695
46.60984316	35.32119064
46.65737406	35.35720981
46.64197425	35.34553975
46.6475901	35.34979547
46.66440086	35.36253475
46.63870217	35.34306015
46.66781153	35.36511937
46.65983042	35.35907125
46.63604108	35.34104356
46.67637455	35.37160848
46.66078248	35.35979273
46.66557172	35.36342204
46.68816781	35.38054547
46.6252458	35.33286283
46.69205138	35.38348847
46.68194391	35.37582897
46.69756881	35.38766961
46.69945193	35.38909664
46.67234306	35.36855339
46.7030511	35.39182411
46.70131044	35.39050503
46.66331277	35.36171019
46.72519562	35.40860535
46.71129319	35.39807002
46.66377422	35.36205988
46.74137161	35.4208636
46.66933108	35.3662709
46.71968766	35.40443139
46.74379742	35.4227019
46.68302305	35.37664675
46.74196431	35.42131275
46.6920874	35.38351577
46.68438408	35.37767815
46.75873684	35.43402307
46.70067143	35.39002078
46.72883428	35.41136275
46.75688252	35.43261785
46.70137552	35.39055435
46.7518403	35.42879683
46.72822372	35.41090006
46.69708055	35.3872996
46.79084717	35.45835645
46.71914242	35.4040182
46.73402323	35.41529496
46.79124992	35.45866166
46.71280348	35.39921452
46.77947588	35.44973923
46.77039937	35.44286099
46.73416047	35.41539896
46.78697198	35.45541981
46.74982999	35.42727341
46.76296104	35.43722419
46.79281654	35.45984885
46.74669084	35.42489454
46.78358516	35.45285326
46.78769566	35.45596822
46.74145226	35.42092472
46.80029184	35.46551367
46.75735654	35.43297707
46.78893011	35.45690369
46.83030565	35.4882583
46.75430032	35.43066105
46.7988728	35.46443831
46.81213354	35.47448737
46.76597295	35.43950663
46.8303457	35.48828865
46.810944	35.47358594
46.78354522	35.45282299
46.84886827	35.50232515
46.79288171	35.45989824
46.81713957	35.47828097
46.82392502	35.48342302
46.77628983	35.44732481
46.85183937	35.50457667
46.80078292	35.46588582
46.81547819	35.47702197
46.85040067	35.50348641
46.79802262	35.46379404
46.85020097	35.50333508
46.82941275	35.48758166
46.82165356	35.4817017
46.87094759	35.51905698
46.81087594	35.47353436
46.84063575	35.4960865
46.86441563	35.51410702
46.8203895	35.48074379
46.86890868	35.51751189
46.8493703	35.50270559
46.83725128	35.49352173
46.88821304	35.53214083
46.83930408	35.49507735
46.88401717	35.52896118
46.86518966	35.51469359
46.85453665	35.50662068
46.88742362	35.53154261
46.86103395	35.51154437
46.85843574	35.50957543
46.90533653	35.54511711
46.86267572	35.51278851
46.91529431	35.55266316
46.88485046	35.52959265
46.88101974	35.52668971
46.90742931	35.54670302
46.89586307	35.53793806
46.8769671	35.5236186
46.9229436	35.55845983
46.87614477	35.52299543
46.89491856	35.53722231
46.91831397	35.55495148
46.91845895	35.55506134
46.92294992	35.55846462
46.93142014	35.56488341
46.89577168	35.53786881
46.91854127	35.55512373
46.92627156	35.56098178
46.91943271	35.55579926
46.92126095	35.55718472
46.92951327	35.56343837
46.92909333	35.56312013
46.91224381	35.55035148
46.94893072	35.57815302
46.9209813	35.5569728
46.92819599	35.56244012
46.95020811	35.57912103
46.91912297	35.55556454
46.96325201	35.58900577
46.95203904	35.58050852
46.91689973	35.55387976
46.98023852	35.60187824
46.92298728	35.55849294
46.9527062	35.58101409
46.98417659	35.60486253
46.91571234	35.55297995
46.99708077	35.61464138
46.98529359	35.605709
46.92558981	35.56046515
47.0135188	35.62709821
46.95409276	35.58206484
46.94677433	35.5765189
47.01006301	35.6244794
46.95807483	35.58508247
46.98388624	35.60464249
46.98871322	35.60830041
46.97365253	35.59688733
47.0136064	35.6271646
46.97740564	35.59973146
46.95640306	35.58381559
47.02761063	35.63777707
46.96600901	35.59109504
47.00033882	35.61711035
46.99161857	35.6105021
46.97326339	35.59659244
47.01882513	35.63111938
46.98429334	35.604951
47.02887824	35.63873767
47.00098463	35.61759975
47.02195933	35.63349449
47.033436	35.64219157
47.00636782	35.62167916
47.04261579	35.64914807
47.03810013	35.64572607
46.99156604	35.61046229
47.0594221	35.66188398
47.00160034	35.61806634
47.01831717	35.63073444
47.07718224	35.67534271
47.01244222	35.62628237
47.03469916	35.64314881
47.04398452	35.6501853
46.98539587	35.60578651
47.08139591	35.67853585
47.02718595	35.63745525
47.02892331	35.63877183
47.07943886	35.67705279
47.0395635	35.64683502
47.06909666	35.66921541
47.07842997	35.67628825
47.04251879	35.64907456
47.09859701	35.69157094
47.06382722	35.66522221
47.07649834	35.67482445
47.10574092	35.69698463
47.06604956	35.66690631
47.09572293	35.68939294
47.0750173	35.67370211
47.06994838	35.66986085
47.09634962	35.68986785
47.08066	35.67797818
47.09398471	35.68807571
47.12149779	35.70892527
47.07376759	35.67275507
47.10561049	35.69688579
47.12178538	35.70914321
47.07679498	35.67504924
47.1164466	35.70509745
47.12800693	35.71385793
47.08851208	35.68392852
47.12087364	35.70845228
47.11040467	35.70051884
47.12165947	35.70904779
47.12874912	35.71442037
47.11617261	35.70488983
47.13975449	35.7227603
47.10429698	35.6958904
47.13520999	35.71931646
47.15296098	35.73276825
47.09115117	35.68592844
47.13920022	35.72234027
47.15682293	35.73569486
47.11597462	35.70473979
47.15909474	35.73741644
47.13916727	35.7223153
47.11976112	35.70760922
47.17317753	35.74808846
47.16611441	35.74273599
47.12768872	35.71361679
47.18853349	35.75972529
47.15424992	35.73374502
47.16861719	35.74463261
47.16815784	35.74428451
47.14295789	35.72518785
47.19804187	35.76693079
47.15817208	35.73671725
47.19217577	35.76248542
47.17930437	35.75273141
47.17571124	35.75000851
47.19551615	35.76501678
47.18676012	35.75838142
47.19655074	35.7658008
47.20223631	35.77010936
47.19277742	35.76294136
47.19616606	35.76550929
47.20020079	35.76856683
47.21946114	35.78316243
47.21057819	35.77643088
47.21573521	35.7803389
47.21834104	35.78231361
47.21802065	35.78207082
47.21688798	35.78121247
47.22369944	35.78637424
47.23031557	35.79138797
47.23021499	35.79131175
47.23991431	35.79866195
47.22161031	35.78479108
47.24892627	35.80549126
47.23016957	35.79127734
47.218573	35.78248939
47.26457994	35.8173537
47.25891672	35.81306208
47.22172238	35.78487601
47.28547262	35.83318628
47.23600003	35.79569569
47.2560683	35.81090353
47.26449313	35.81728791
47.24734388	35.80429212
47.27342891	35.82405949
47.26932046	35.82094609
47.26463994	35.81739917
47.29277325	35.83871874
47.26385561	35.8168048
47.27281652	35.82359542
47.27836991	35.82780381
47.26452254	35.8173102
47.28255528	35.83097551
47.2594165	35.81344082
47.26478057	35.81750574
47.28505072	35.83286657
47.2838441	35.83195218
47.29351093	35.83927776
47.27331105	35.82397018
47.29722649	35.84209343
47.29588175	35.84107438
47.29293357	35.83884024
47.30507725	35.84804278
47.30307696	35.84652695
47.29372143	35.83943728
47.32714637	35.86476688
47.28319517	35.83146042
47.31556924	35.85599367
47.30407848	35.84728591
47.30197579	35.84569248
47.31895598	35.85856016
47.31302583	35.85406626
47.33263089	35.86892308
47.3108236	35.85239739
47.305444	35.8483207
47.33088465	35.86759977
47.33322845	35.86937591
47.34957624	35.88176435
47.33476607	35.87054112
47.33451474	35.87035067
47.33911457	35.87383645
47.35001285	35.88209522
47.35252639	35.88399999
47.36303096	35.89196042
47.37141428	35.89831334
47.37305689	35.89955812
47.3478436	35.88045135
47.34304914	35.87681808
47.37854664	35.90371828
47.36916149	35.89660616
47.3682398	35.8959077
47.37394322	35.90022978
47.36575394	35.8940239
47.3805559	35.90524091
47.39032097	35.91264093
47.3807554	35.90539209
47.39211225	35.91399837
47.36619559	35.89435858
47.40081342	35.92059216
47.40021599	35.92013943
47.37086762	35.89789908
47.42420995	35.93832218
47.38624096	35.90954908
47.39143643	35.91348623
47.44443911	35.95365195
47.37147463	35.89835907
47.42248641	35.93701607
47.42991378	35.94264457
47.37630747	35.90202142
47.46976166	35.97284151
47.40160439	35.92119157
47.40150276	35.92111455
47.44905752	35.9571518
47.37993079	35.90476719
47.45925932	35.96488279
47.4239157	35.9380992
47.38054714	35.90523426
47.45234941	35.95964642
47.42491515	35.93885659
47.41863115	35.93409454
47.46960095	35.97271973
47.40630193	35.92475139
47.45036847	35.95814525
47.45276658	35.95996255
47.42797664	35.9411766
47.47170853	35.97431686
47.4420217	35.95182002
47.44005423	35.95032907
47.46200332	35.9669622
47.43295192	35.94494689
47.46708701	35.97081465
47.45925715	35.96488114
47.44611447	35.95492155
47.44777945	35.95618327
47.48328048	35.98308614
47.45298577	35.96012865
47.49593401	35.99267506
47.47274819	35.97510472
47.45032558	35.95811274
47.51040839	36.00364383
47.46743142	35.97107565
47.45763369	35.96365087
47.51282035	36.00547162
47.48926124	35.9876184
47.48781501	35.98652244
47.49402805	35.99123072
47.48484051	35.98426834
47.50337973	35.99831746
47.50117196	35.99664441
47.50684037	36.00093996
47.50999211	36.00332836
47.4962141	35.99288732
47.52980779	36.01834479
47.50182074	35.99713606
47.52155031	36.01208723
47.54006183	36.02611536
47.47839202	35.97938165
47.54178257	36.02741935
47.53732247	36.02403946
47.51619302	36.00802745
47.54086425	36.02672344
47.5361205	36.0231286
47.53256683	36.02043561
47.53921539	36.02547392
47.53882988	36.02518178
47.52269018	36.01295103
47.56452812	36.04465604
47.54573697	36.03041601
47.5311488	36.01936102
47.55982236	36.04109
47.56032616	36.04147178
47.53717108	36.02392474
47.58623174	36.06110317
47.55038227	36.03393624
47.56126886	36.04218616
47.58216314	36.05801996
47.5356373	36.02276243
47.59163348	36.06519663
47.58708126	36.06174694
47.56534521	36.04527524
47.58894305	36.06315782
47.57200005	36.05031832
47.58069075	36.05690417
47.59676842	36.06908792
47.56422117	36.04442344
47.5773476	36.05437072
47.60834104	36.07785771
47.59034943	36.06422357
47.5983398	36.07027872
47.62001835	36.08670684
47.59172078	36.06526279
47.59380943	36.06684558
47.63038005	36.09455899
47.58649961	36.06130616
47.61079299	36.07971582
47.60544051	36.07565968
47.59662404	36.06897851
47.6456983	36.10616725
47.6027073	36.07358844
47.62228516	36.08842465
47.63564315	36.0985474
47.62580986	36.09109568
47.65136177	36.11045905
47.65756891	36.11516286
47.61414623	36.08225692
47.64934762	36.10893272
47.62810949	36.09283835
47.64212837	36.10346193
47.66211168	36.11860539
47.63245602	36.09613217
47.68173555	36.13347647
47.64710099	36.10723021
47.64524665	36.10582499
47.68918743	36.13912355
47.64071155	36.10238826
47.69529115	36.14374898
47.65047554	36.10978747
47.6327966	36.09639027
47.68539443	36.13624919
47.67436921	36.12789422
47.66047427	36.11736456
47.69112883	36.14059475
47.66782755	36.12293691
47.68891743	36.13891894
47.68988366	36.13965116
47.67530959	36.12860684
47.70975189	36.1547074
47.67769922	36.13041772
47.67230982	36.1263336
47.70457459	36.15078402
47.68041073	36.13247252
47.68574938	36.13651817
47.72374089	36.16530834
47.69271643	36.14179784
47.70509791	36.15118059
47.74454369	36.18107282
47.70387114	36.15025094
47.73012313	36.17014484
47.69972646	36.14711008
47.7157564	36.15925765
47.72411462	36.16559156
47.67395976	36.12758393
47.76251999	36.19469535
47.72716769	36.16790519
47.72045641	36.16281934
47.76142641	36.19386663
47.71906562	36.1617654
47.74580267	36.18202688
47.78480968	36.2115866
47.71810165	36.1610349
47.77495599	36.20411942
47.75297127	36.18745928
47.7305829	36.17049326
47.78493974	36.21168517
47.74684651	36.18281791
47.73866231	36.17661587
47.78734617	36.21350877
47.74984685	36.18509158
47.75341182	36.18779313
47.79561287	36.21977332
47.75806267	36.19131757
47.78607077	36.21254226
47.79257481	36.21747106
47.77407729	36.20345354
47.77631678	36.20515063
47.78516938	36.21185919
47.7702593	36.20056024
47.80584195	36.22752497
47.80141436	36.22416972
47.7681624	36.1989712
47.79737943	36.22111203
47.78822867	36.21417753
47.77689181	36.2055864
47.81029409	36.23089883
47.80556808	36.22731743
47.80511738	36.22697589
47.81636846	36.23550202
47.80099782	36.22385406
47.81642834	36.23554739
47.81465576	36.23420412
47.81528127	36.23467814
47.82899764	36.24507247
47.8292506	36.24526417
47.82269277	36.24029461
47.81384453	36.23358937
47.86264586	36.27057128
47.82372171	36.24107435
47.83175948	36.24716541
47.84992465	36.26093107
47.8021639	36.22473772
47.8331779	36.2482403
47.87490758	36.27986328
47.82503893	36.24207254
47.85869659	36.2675785
47.87109155	36.27697147
47.83321112	36.24826548
47.8725614	36.27808533
47.83143609	36.24692035
47.8618587	36.26997477
47.87641944	36.28100897
47.82062121	36.23872478
47.85517725	36.26491152
47.87701823	36.28146274
47.83237321	36.2476305
47.90087041	36.29953805
47.85144728	36.26208494
47.86051514	36.26895661
47.88938961	36.29083784
47.84905902	36.2602751
47.88089012	36.28439688
47.90234512	36.30065559
47.85421922	36.26418553
47.88006473	36.28377139
47.88637991	36.28855707
47.87656949	36.28112268
47.90673771	36.30398432
47.8650302	36.27237815
47.90327814	36.30136264
47.89050409	36.2916824
47.89304425	36.29360734
47.92692406	36.31928165
47.90098398	36.29962411
47.88924928	36.29073149
47.92491794	36.3177614
47.88675615	36.28884218
47.91878065	36.31311052
47.93647877	36.32652226
47.85165669	36.26224363
47.94434807	36.33248565
47.92978961	36.32145318
47.8814832	36.28484631
47.95993169	36.344295
47.89018065	36.29143729
47.91870988	36.3130569
47.94893052	36.33595826
47.91442825	36.30981226
47.94752142	36.33489043
47.9383261	36.32792217
47.94361931	36.3319334
47.98078945	36.36010113
47.93340279	36.32419127
47.94411127	36.33230621
47.96771983	36.3501969
47.94314776	36.33157606
47.97027776	36.35213531
47.97646405	36.35682331
47.95124366	36.33771117
47.98376334	36.36235476
47.96107158	36.34515882
47.95523558	36.34073627
47.98976152	36.36690021
47.9622186	36.34602804
47.97580437	36.35632341
47.99329676	36.36957923
47.96668179	36.34941026
47.99302193	36.36937097
47.99301019	36.36936207
47.98269591	36.36154585
48.0034853	36.37730017
48.00228676	36.37639191
47.97970121	36.35927645
48.03608143	36.40200169
48.004061	36.37773643
48.00280039	36.37678114
48.01943847	36.38938956
48.03276911	36.39949159
48.02044229	36.39015027
48.03333327	36.39991912
48.01133689	36.38325014
48.03788057	36.40336509
48.02254643	36.3917448
48.03294271	36.39962315
48.04808473	36.41109786
48.02808608	36.39594277
48.07308203	36.43004094
48.04299264	36.40723904
48.04184513	36.40636945
48.06781145	36.42604687
48.04661793	36.40998631
48.03665331	36.40243506
48.07169632	36.42899085
48.04160271	36.40618575
48.06368619	36.42292072
48.06171429	36.42142641
48.06043173	36.42045448
48.07756053	36.43343478
48.06044321	36.42046318
48.09341678	36.44545072
48.0953648	36.44692695
48.06993253	36.42765423
48.07247718	36.42958259
48.09161208	36.44408312
48.05284718	36.41470687
48.10625591	36.45518029
48.07893345	36.43447518
48.08622353	36.43999964
48.10801798	36.4565156
48.06216489	36.42176788
48.09926354	36.44988143
48.09768721	36.44868688
48.07482826	36.43136425
48.11862858	36.46455637
48.10776866	36.45632666
48.10718723	36.45588605
48.11639236	36.46286175
48.10256992	36.45238702
48.12079886	36.46620101
48.11832131	36.46432352
48.09882222	36.449547
48.11979151	36.46543764
48.1276133	36.47136503
48.12894318	36.47237283
48.1477763	36.48664467
48.13946631	36.48034731
48.13491271	36.47689657
48.14509937	36.48461607
48.10570327	36.4547615
48.15452697	36.49176036
48.13403488	36.47623134
48.10795854	36.45647055
48.15442856	36.49168578
48.13080238	36.47378174
48.14254227	36.48267829
48.19639907	36.52349126
48.14916918	36.4877002
48.1416313	36.48198795
48.18489067	36.51477013
48.13714098	36.47858516
48.17960812	36.51076699
48.17926797	36.51050922
48.13162816	36.47440752
48.21236693	36.53559179
48.16578718	36.50029341
48.15736744	36.49391289
48.22955432	36.54861649
48.16187571	36.49732927
48.1734014	36.5060635
48.21122002	36.53472266
48.17100629	36.50424848
48.17332182	36.50600319
48.19186669	36.5200566
48.18887187	36.51778711
48.21133965	36.53481332
48.2070355	36.5315516
48.22411345	36.54449337
48.20943251	36.53336807
48.21173263	36.53511112
48.23516342	36.55286709
48.22127768	36.54234441
48.2175553	36.53952357
48.2488825	36.56326349
48.21047224	36.53415599
48.23899398	36.55576992
48.22423943	36.54458884
48.22348416	36.54401649
48.25025061	36.56430025
48.25550961	36.56828555
48.22897732	36.54817924
48.24936935	36.56363243
48.22735849	36.54695248
48.23648138	36.55386586
48.24223658	36.55822717
48.25532314	36.56814424
48.24179476	36.55789236
48.27037515	36.57955074
48.26479144	36.57531937
48.24988415	36.56402254
48.27335156	36.58180627
48.24429148	36.55978439
48.27596892	36.58378973
48.2764512	36.5841552
48.27504918	36.58309274
48.27379286	36.5821407
48.28577812	36.59122319
48.27334913	36.58180444
48.27452513	36.58269562
48.29674359	36.59953288
48.28396333	36.58984793
48.30392811	36.60497735
48.27299427	36.58153552
48.29567611	36.59872394
48.31245923	36.61144228
48.28914511	36.59377471
48.29460075	36.59790903
48.31176754	36.61091811
48.28742103	36.5924682
48.30868313	36.60858073
48.30542907	36.60611479
48.3103411	36.60983715
48.31777653	36.61547176
48.28878374	36.59350086
48.31876597	36.61622156
48.32459904	36.62064189
48.31442791	36.61293416
48.32310238	36.61950772
48.32593822	36.62165673
48.33077214	36.6253199
48.33100151	36.62549372
48.33637134	36.62956301
48.34329802	36.63481208
48.32747369	36.62282031
48.34331279	36.63482327
48.33762332	36.63051176
48.33435731	36.62803676
48.36545547	36.65160311
48.32857454	36.62365455
48.34477647	36.63593245
48.37165191	36.65629881
48.3467736	36.63744589
48.37268092	36.6570786
48.37554675	36.65925034
48.36091874	36.64816516
48.4102751	36.68556767
48.35422182	36.6430902
48.35336543	36.64244122
48.39510107	36.67406871
48.37849566	36.66148504
48.36237024	36.64926511
48.40007697	36.67783947
48.36281004	36.64959839
48.3873857	36.66822196
48.39675537	36.67532235
48.38478943	36.66625449
48.40217533	36.67942962
48.37304363	36.65735346
48.39186503	36.67161642
48.41189187	36.68679287
48.38818281	36.66882601
48.40197227	36.67927574
48.38858943	36.66913415
48.39874829	36.67683259
48.44415999	36.71124582
48.4123363	36.68712966
48.38088995	36.66329945
48.43180669	36.70188443
48.40934528	36.68486305
48.39297566	36.67245806
48.43913354	36.70743676
48.41820578	36.69157759
48.41517589	36.68928152
48.42893541	36.69970855
48.42310962	36.69529374
48.42493872	36.69667984
48.44353244	36.71077027
48.43813236	36.70667806
48.43141357	36.70158652
48.44217118	36.70973869
48.44073779	36.70865247
48.45745241	36.7213189
48.44568419	36.71240087
48.44100793	36.70885718
48.44862356	36.71462834
48.44537372	36.71216559
48.4780102	36.7368977
48.4643786	36.7265676
48.44576411	36.71246144
48.48447475	36.74179657
48.44292986	36.71031362
48.46418059	36.72641755
48.48059793	36.73885869
48.46412801	36.7263777
48.44897103	36.71489166
48.49195469	36.7474649
48.48113153	36.73926306
48.46777659	36.72914261
48.51822189	36.76737033
48.48539068	36.74249066
48.50348074	36.75619941
48.51175292	36.76246811
48.46685492	36.72844416
48.52470102	36.77228026
48.52530368	36.77273695
48.47161157	36.73204878
48.54797274	36.78991569
48.49536553	36.75004966
48.51245628	36.76300112
48.55153539	36.79261548
48.51239198	36.76295239
48.50808163	36.75968599
48.53817103	36.7824879
48.49409858	36.74908956
48.56916472	36.80597509
48.54175431	36.78520333
48.491563	36.74716808
48.585972	36.81871173
48.53197328	36.77779121
48.51498773	36.76491947
48.57033531	36.80686216
48.53979198	36.78371626
48.54739428	36.78947733
48.5682678	36.8052954
48.5301924	36.77644165
48.57242863	36.80844849
48.57879963	36.81327647
48.54202119	36.78540557
48.61104386	36.83771132
48.55217427	36.79309963
48.55030494	36.79168304
48.61371065	36.83973223
48.54001147	36.7838826
48.58466072	36.81771803
48.6188367	36.84361677
48.55379348	36.79432668
48.61261984	36.83890561
48.60075041	36.82991089
48.57144077	36.80769989
48.62272354	36.84656225
48.58830599	36.82048044
48.59020311	36.82191809
48.61880172	36.84359027
48.598322	36.82807062
48.58896959	36.82098332
48.63305679	36.85439284
48.61754225	36.84263584
48.5992243	36.82875439
48.64974159	36.86703667
48.60820327	36.83555871
48.60986919	36.83682115
48.64865508	36.86621331
48.5856284	36.81845135
48.62527559	36.8484962
48.61192649	36.83838018
48.61492048	36.84064905
48.6402399	36.85983623
48.62604939	36.84908259
48.61331576	36.83943298
48.63543019	36.85619141
48.62908734	36.85138477
48.63549028	36.85623695
48.64684801	36.8648439
48.60796551	36.83537853
48.65503251	36.87104616
48.65627113	36.87198479
48.63184714	36.85347616
48.66536804	36.87887848
48.64908267	36.86653734
48.65415157	36.87037858
48.68005845	36.89001095
48.66755437	36.88053529
48.67541216	36.88648997
48.66518408	36.87873908
48.65908929	36.87412041
48.66435057	36.87810743
48.68576283	36.89433376
48.67813665	36.8885546
48.68312658	36.892336
48.69921939	36.90453121
48.67842515	36.88877322
48.69205683	36.89910338
48.68891234	36.89672047
48.69047939	36.897908
48.7055304	36.90931373
48.69704361	36.9028824
48.69917771	36.90449963
48.71452045	36.91612644
48.68716583	36.89539696
48.72687406	36.92548807
48.72968066	36.92761493
48.71447602	36.91609277
48.72539507	36.92436728
48.68882396	36.8966535
48.73580233	36.93225397
48.73463935	36.93137265
48.73598697	36.93239389
48.70179836	36.90648557
48.73186277	36.92926855
48.70620049	36.90982153
48.74103552	36.9362197
48.75070749	36.94354918
48.70853081	36.91158746
48.76506653	36.95443053
48.75075352	36.94358405
48.73657738	36.9328413
48.7802515	36.96593779
48.75208343	36.94459187
48.74078517	36.93602999
48.7751091	36.96204084
48.74017709	36.93556918
48.76402329	36.95363996
48.7868437	36.97093339
48.75052997	36.94341465
48.78048806	36.96611705
48.7815588	36.96692846
48.74957993	36.9426947
48.80942269	36.98804387
48.7623151	36.95234548
48.77694014	36.96342842
48.79911898	36.98023566
48.78356206	36.96844655
48.79610041	36.97794817
48.81835925	36.99481604
48.78538804	36.96983028
48.78847522	36.97216976
48.80022419	36.98107319
48.79587857	36.97778007
48.82327452	36.99854086
48.78664218	36.97078068
48.79309126	36.97566782
48.83050144	37.00401746
48.77872336	36.96477975
48.79567908	36.97762889
48.82942017	37.00319807
48.80220042	36.98257079
48.82645934	37.00095434
48.80577564	36.98528011
48.79186058	36.97473521
48.82951345	37.00326875
48.8125521	36.99041536
48.80583886	36.98532803
48.83653989	37.00859343
48.81379584	36.99135786
48.82828909	37.00234093
48.82012926	36.99615737
48.83107613	37.00445296
48.84963732	37.01851874
48.84838727	37.01757144
48.85050128	37.01917345
48.8517151	37.02009329
48.83164796	37.0048863
48.86976472	37.03377139
48.85225528	37.02050264
48.8570549	37.02413982
48.88087684	37.04219221
48.86427186	37.02960887
48.8630584	37.0286893
48.88792227	37.04753127
48.84855066	37.01769525
48.88157443	37.04272085
48.89887236	37.05582931
48.84962612	37.01851024
48.89722871	37.05458375
48.88283389	37.04367528
48.87339721	37.03652411
48.91665989	37.0693088
48.84972935	37.01858847
48.90262186	37.0586707
48.91003223	37.06428632
48.87896104	37.04074041
48.91409125	37.06736227
48.90729482	37.0622119
48.85458269	37.02226636
48.93432644	37.08269661
48.87849195	37.04038493
48.89272454	37.05117046
48.94983663	37.09445031
48.86219682	37.02803639
48.90833301	37.06299865
48.9494687	37.09417149
48.87252911	37.03586626
48.92667477	37.07689813
48.92191269	37.0732894
48.88583019	37.04594588
48.95509159	37.09843255
48.92532	37.07587148
48.92014874	37.07195267
48.95406629	37.09765557
48.9186002	37.07077918
48.95435612	37.0978752
48.96304084	37.10445653
48.93456826	37.08287986
48.95496865	37.09833938
48.95997325	37.1021319
48.9427697	37.08909495
48.968961	37.10894286
48.97282109	37.11186806
48.94319281	37.08941559
48.98795479	37.12333646
48.95024135	37.09475701
48.95892565	37.10133802
49.00864227	37.13901354
48.9323558	37.08120324
48.99603649	37.12946082
49.00790851	37.1384575
48.94068179	37.08751272
49.01130132	37.14102858
48.97895843	37.11651897
48.96567464	37.10645244
49.03310368	37.15755053
48.98798766	37.12336136
48.97891795	37.11648829
49.0302767	37.15540823
48.98390059	37.12026416
49.00267329	37.13449021
49.02427825	37.15086257
48.98053749	37.11771559
49.0372181	37.16066846
49.00368364	37.13525587
49.00764194	37.13825549
49.02880908	37.15429606
48.99742875	37.13051588
49.02381758	37.15051347
49.02930187	37.1546695
49.01112254	37.14089311
49.02607197	37.15222187
49.03571382	37.15952851
49.02782267	37.15354855
49.04315264	37.16516569
49.027407	37.15323356
49.03347612	37.15783277
49.04853505	37.1692445
49.05387985	37.17329482
49.06052943	37.17833391
49.04573548	37.16712298
49.04954412	37.17000918
49.07295337	37.18774884
49.05926738	37.17737752
49.06125762	37.17888574
49.06706511	37.18328669
49.06476246	37.18154172
49.07784738	37.19145755
49.08159463	37.19429724
49.06408786	37.18103051
49.0818353	37.19447962
49.06366179	37.18070763
49.07995902	37.19305776
49.0603323	37.17818452
49.09112339	37.20151818
49.10333269	37.21077046
49.09227856	37.20239357
49.09734453	37.2062326
49.08517779	37.19701257
49.11367559	37.21860836
49.06294673	37.18016576
49.08009421	37.19316021
49.09360267	37.20339699
49.08518152	37.1970154
49.12052342	37.22379768
49.11273216	37.21789342
49.09861457	37.20719504
49.13964783	37.23829026
49.1012802	37.20921507
49.11749469	37.2215025
49.12676758	37.22852954
49.10830737	37.21454029
49.15325467	37.2486016
49.12717561	37.22883874
49.11963811	37.22312679
49.14400576	37.24159272
49.10918575	37.21520594
49.14465126	37.24208189
49.12085274	37.22404724
49.1397398	37.23835996
49.16042566	37.25403582
49.12764671	37.22919575
49.13381539	37.23387041
49.17664731	37.26632867
49.13236675	37.23277262
49.13600728	37.23553143
49.17947338	37.26847028
49.13417666	37.23414418
49.1549919	37.24991808
49.17453225	37.26472587
49.12976344	37.23079982
49.18598837	37.27340738
49.17721686	37.26676028
49.14949523	37.24575267
49.18975826	37.27626421
49.16377003	37.25657019
49.18596121	37.27338679
49.18121561	37.26979055
49.1547728	37.24975204
49.1939564	37.27944559
49.19891003	37.28319948
49.18888871	37.27560527
49.20647188	37.28892989
49.17880415	37.26796313
49.1931633	37.27884458
49.18821721	37.2750964
49.19565749	37.28073468
49.22310413	37.3015339
49.20831193	37.29032429
49.21950659	37.29880766
49.23307753	37.3090918
49.19300958	37.27872808
49.22717794	37.30462105
49.22154113	37.30034945
49.20077353	37.28461165
49.24761848	37.320111
49.24067506	37.31484924
49.19895713	37.28323517
49.24220348	37.31600749
49.25767062	37.32772857
49.22879389	37.30584563
49.24527776	37.31833719
49.25488333	37.32561635
49.24324239	37.31679478
49.26068522	37.33001305
49.2337709	37.30961723
49.25343106	37.32451581
49.26787866	37.33546428
49.24116176	37.31521806
49.2735714	37.33977827
49.28567729	37.34895218
49.23539866	37.31085076
49.29133802	37.35324191
49.27553821	37.34126872
49.25113548	37.32277621
49.30556459	37.36402288
49.25704675	37.3272558
49.26369512	37.33229397
49.30289637	37.36200089
49.26821377	37.33571823
49.29893008	37.35899521
49.28637351	37.34947977
49.27398526	37.34009189
49.31509254	37.37124321
49.27780312	37.34298509
49.29794427	37.35824816
49.31486002	37.371067
49.27994245	37.34460629
49.31848379	37.37381312
49.32256311	37.37690445
49.26833093	37.33580701
49.32299296	37.37723019
49.29779784	37.35813719
49.29790482	37.35821827
49.34165598	37.39137313
49.31137399	37.36842528
49.32484629	37.37863465
49.34287199	37.39229462
49.29542013	37.35633535
49.32530611	37.37898311
49.34243294	37.39196192
49.32160825	37.37618085
49.36931047	37.41232985
49.34806214	37.39622775
49.34512101	37.39399894
49.36186026	37.40668404
49.33452773	37.3859713
49.33307962	37.38487391
49.37456564	37.41631225
49.34425549	37.39334305
49.35991693	37.40521138
49.36457623	37.40874222
49.34784595	37.39606392
49.36427023	37.40851033
49.39168421	37.42928479
49.34268369	37.39215193
49.38203905	37.42197564
49.37117873	37.41374563
49.35377511	37.40055707
49.40651114	37.44052072
49.35580694	37.4020968
49.40229149	37.43732304
49.39026243	37.42820736
49.35678321	37.40283663
49.42172292	37.45204829
49.38310622	37.42278434
49.35896064	37.40448669
49.42693563	37.45599851
49.36022267	37.40544307
49.37924549	37.41985866
49.43938976	37.46543631
49.37719686	37.4183062
49.39430316	37.43126944
49.43935468	37.46540973
49.38369587	37.42323118
49.41547201	37.44731131
49.43734094	37.46388371
49.36128269	37.40624636
49.45310984	37.47583346
49.43914935	37.46525413
49.37183852	37.41424562
49.45936623	37.48057459
49.43496262	37.4620814
49.38651036	37.42536402
49.48987457	37.50369397
49.41013871	37.44326971
49.42799936	37.45680461
49.48859939	37.50272764
49.3959069	37.43248477
49.46385517	37.48397633
49.47285004	37.49079269
49.40599116	37.44012668
49.48308862	37.49855154
49.471275	37.48959912
49.42351585	37.45340698
49.49713227	37.5091939
49.44012986	37.46599717
49.43453158	37.46175476
49.48086179	37.49686404
49.46082347	37.4816789
49.45614945	37.4781369
49.5151699	37.52286291
49.41629838	37.44793754
49.46789183	37.48703533
49.48220823	37.49788438
49.44955471	37.47313937
49.46540889	37.48515375
49.50968551	37.51870681
49.44882137	37.47258364
49.5019408	37.51283783
49.50042399	37.51168838
49.46871062	37.48765582
49.51933087	37.52601612
49.46439462	37.48438514
49.4760831	37.49324272
49.54928486	37.54871541
49.49377341	37.50664854
49.50863378	37.5179098
49.54250714	37.54357922
49.45368987	37.47627301
49.52303106	37.52882014
49.55049384	37.54963159
49.46650151	37.48598174
49.55923636	37.55625672
49.51754059	37.52465943
49.49322062	37.50622963
49.55870463	37.55585377
49.51010824	37.51902716
49.51500636	37.52273898
49.5435797	37.54439201
49.51543116	37.52306089
49.53815957	37.54028461
49.53999553	37.54167591
49.53586089	37.53854266
49.5671839	37.56227941
49.52165256	37.52777551
49.56916996	37.56378445
49.55462717	37.55276384
49.50664851	37.51640536
49.57484234	37.56808301
49.54142959	37.54276265
49.54590999	37.54615792
49.59784204	37.5855123
49.52945281	37.53368658
49.55889111	37.55599508
49.61014459	37.59483525
49.52490402	37.53023948
49.58856238	37.57848013
49.59824096	37.58581461
49.5498748	37.54916247
49.60609046	37.59176301
49.58884109	37.57869134
49.54202613	37.54321471
49.6259613	37.60682123
49.57475076	37.56801361
49.57055418	37.56483342
49.63368363	37.61267325
49.57967127	37.5717424
49.57447599	37.56780539
49.62557366	37.60652748
49.55112121	37.55010701
49.60645993	37.59204299
49.64713478	37.62286661
49.58664654	37.5770283
49.62403139	37.60535874
49.62366444	37.60508066
49.57696729	37.56969331
49.63387358	37.6128172
49.61687128	37.59993276
49.59896847	37.58636592
49.6514151	37.62611026
49.61505946	37.59855976
49.62654333	37.6072623
49.64305749	37.61977682
49.61919866	37.60169647
49.64892271	37.62422151
49.64627682	37.62221644
49.62868623	37.6088862
49.66741914	37.63823821
49.64056905	37.61789107
49.62960223	37.60958035
49.66243963	37.63446471
49.62043693	37.60263484
49.64961255	37.62474428
49.67937884	37.64730133
49.61312729	37.59709555
49.67391222	37.6431587
49.67589154	37.64465864
49.62404593	37.60536976
49.70674323	37.66803822
49.67707125	37.64555263
49.64652811	37.62240687
49.70471036	37.6664977
49.66694352	37.63787778
49.66413258	37.63574763
49.69442258	37.65870156
49.6803602	37.64804501
49.69863235	37.66189175
49.69487261	37.65904259
49.7028606	37.66509594
49.68692545	37.6530202
49.69980789	37.66278258
49.70399132	37.66595281
49.71549689	37.67467179
49.70673023	37.66802837
49.69224198	37.65704909
49.74339723	37.69581481
49.71061044	37.67096881
49.71815704	37.67668766
49.7286682	37.68465308
49.70900434	37.6697517
49.75904747	37.70767465
49.71223018	37.67219626
49.7431389	37.69561905
49.73019906	37.68581317
49.70756281	37.6686593
49.73949939	37.69286101
49.71979461	37.67792862
49.71819959	37.6767199
49.75693736	37.7060756
49.7412083	37.69415603
49.7208589	37.67873515
49.7648524	37.71207366
49.7268948	37.68330918
49.72901993	37.68491962
49.76949737	37.71559364
49.74559332	37.69747903
49.7564417	37.70569998
49.78162266	37.72478225
49.74671955	37.69833249
49.76594457	37.71290131
49.7673851	37.71399295
49.75542654	37.70493069
49.78089107	37.72422785
49.78869886	37.73014463
49.77227194	37.71769622
49.79086312	37.73178472
49.76353641	37.7110764
49.78717091	37.72898675
49.79230263	37.73287559
49.76910286	37.71529468
49.78683088	37.72872907
49.7867052	37.72863383
49.78536263	37.72761642
49.81822516	37.75251983
49.78914691	37.73048417
49.79880632	37.73780412
49.8193942	37.75340573
49.79913612	37.73805405
49.80380715	37.74159378
49.81541268	37.75038851
49.7877153	37.72939929
49.83069208	37.76196732
49.81936887	37.75338653
49.77135924	37.71700458
49.87533984	37.79580164
49.8265595	37.75883563
49.79107088	37.73194217
49.87654908	37.796718
49.81487316	37.74997966
49.83892832	37.76820879
49.86292367	37.7863926
49.8205104	37.75425159
49.84994766	37.77655931
49.86279195	37.78629278
49.79290289	37.73333047
49.87084088	37.7923923
49.85088395	37.77726883
49.81273276	37.74835766
49.89200647	37.8084317
49.85593822	37.78109899
49.8263937	37.75870998
49.88615175	37.80399496
49.84439324	37.77235013
49.8712229	37.7926818
49.90309435	37.81683416
49.85184148	37.77799445
49.87243584	37.79360097
49.84669064	37.77409112
49.86066439	37.7846805
49.8972313	37.8123911
49.86952883	37.79139802
49.88290022	37.80153094
49.9118911	37.82350038
49.87540197	37.79584872
49.87051128	37.79214253
49.91373357	37.82489661
49.87833948	37.79807478
49.90319303	37.81690893
49.90221525	37.81616797
49.89042224	37.80723116
49.91356381	37.82476797
49.90657082	37.81946864
49.89915687	37.81385031
49.92510494	37.8335139
49.89837241	37.81325584
49.92855518	37.83612851
49.93233377	37.83899194
49.88661093	37.80434293
49.93047177	37.83758091
49.92660083	37.83464749
49.92414851	37.83278911
49.94719974	37.85025746
49.94934255	37.85188129
49.91855389	37.82854948
49.93874404	37.84384968
49.93671476	37.84231188
49.94125812	37.84575486
49.92471065	37.8332151
49.94282252	37.84694038
49.95549416	37.85654301
49.96456115	37.86341403
49.96708646	37.86532772
49.96228547	37.86168951
49.94855021	37.85128085
49.98604732	37.87969636
49.95957495	37.85963545
49.96204936	37.86151058
49.97195661	37.86901835
49.95047505	37.85273951
49.96108382	37.86077889
49.99579886	37.88708613
49.9445534	37.84825205
49.9825853	37.87707282
50.02262185	37.90741274
49.97473772	37.87112589
49.97666504	37.87258642
50.00653324	37.8952207
49.97925618	37.87455
50.00297697	37.89252574
50.00309394	37.89261438
49.97924066	37.87453824
50.02052246	37.90582181
49.99611759	37.88732767
49.98395885	37.87811371
50.04014281	37.92069021
49.98570747	37.87943882
50.02946076	37.9125953
50.03010629	37.91308449
49.9935736	37.88539982
50.04926194	37.92760074
50.01372072	37.90066741
49.98623914	37.87984172
50.04831237	37.92688116
50.02347078	37.90805606
50.03877248	37.91965178
50.04083917	37.92121792
50.03728163	37.918522
50.05694785	37.93342517
50.03784299	37.9189474
50.04184402	37.9219794
50.04523315	37.9245477
50.04075762	37.92115613
50.04011268	37.92066738
50.08069213	37.95141871
50.05636033	37.93297994
50.06103911	37.93652554
50.07964956	37.95062865
50.04113714	37.92144372
50.07454103	37.94675737
50.08152236	37.95204786
50.04928736	37.92762001
50.07644848	37.94820285
50.09705907	37.96382167
50.05619427	37.9328541
50.0974906	37.96414868
50.10742746	37.97167889
50.07275308	37.94540245
50.08391093	37.95385794
50.09210578	37.96006804
50.05551715	37.93234098
50.12296756	37.98345526
50.10043642	37.96638104
50.08596199	37.95541224
50.12802116	37.9872849
50.09364681	37.96123583
50.10158019	37.96724779
50.10194098	37.96752121
50.09749348	37.96415086
50.11733585	37.97918752
50.10999823	37.97362703
50.09417881	37.96163899
50.13578252	37.9931665
50.10428429	37.96929698
50.12733963	37.98676844
50.11137959	37.97467383
50.11240866	37.97545367
50.1225487	37.98313785
50.13730651	37.99432139
50.12730769	37.98674423
50.13153443	37.98994728
50.14112199	37.99721278
50.13939684	37.99590546
50.13837157	37.9951285
50.17127682	38.02006428
50.14562745	38.00062704
50.14637782	38.00119568
50.16185382	38.01292348
50.13991462	37.99629783
50.15956607	38.01118981
50.18888666	38.03340911
50.17138231	38.02014422
50.14048917	37.99673323
50.16761811	38.01729169
50.15835863	38.01027481
50.16731695	38.01706347
50.19336416	38.03680218
50.15622199	38.00865565
50.17299195	38.02136402
50.1842594	38.02990255
50.17815644	38.02527769
50.19274614	38.03633384
50.19161829	38.03547915
50.19147486	38.03537046
50.2313231	38.06556767
50.18392967	38.02965268
50.20089473	38.04250889
50.19311689	38.0366148
50.20990954	38.04934036
50.2132083	38.05184018
50.18911969	38.0335857
50.22307023	38.0593136
50.19421782	38.03744909
50.20178475	38.04318335
50.24245008	38.07399976
50.20356592	38.04453313
50.22183731	38.05837929
50.25712828	38.08512298
50.19982259	38.04169641
50.20573178	38.04617443
50.25249863	38.0816146
50.21536103	38.05347153
50.23098427	38.0653109
50.24043805	38.07247503
50.22117102	38.05787437
50.24626375	38.07688978
50.25515466	38.08362736
50.22098978	38.05773703
50.25933516	38.08679536
50.23774808	38.07043656
50.2168204	38.05457745
50.26589504	38.09176648
50.2407442	38.07270704
50.21939599	38.05652925
50.28738699	38.10805319
50.25524673	38.08369713
50.23497218	38.06833297
50.28490673	38.10617364
50.27048303	38.09524328
50.26037652	38.08758451
50.30029596	38.11783567
50.25936536	38.08681824
50.26990919	38.09480842
50.29684758	38.11522248
50.25619356	38.08441464
50.28766366	38.10826285
50.29169779	38.11131994
50.27418107	38.09804567
50.29777218	38.11592314
50.29027939	38.11024507
50.28125841	38.10340892
50.28844266	38.10885318
50.28981795	38.10989538
50.30440461	38.12094924
50.31357576	38.12789918
50.28748101	38.10812444
50.29539439	38.11412124
50.29635874	38.11485203
50.31357931	38.12790187
50.32378257	38.13563396
50.32794624	38.13878921
50.31285087	38.12734985
50.34702032	38.15324365
50.31168641	38.12646742
50.34216738	38.14956607
50.34260184	38.1498953
50.31143559	38.12627735
50.33237246	38.14214342
50.35377339	38.15836116
50.32440423	38.13610506
50.33617565	38.1450255
50.38076713	38.17881716
50.30938728	38.12472513
50.34744873	38.1535683
50.37824198	38.17690359
50.33985721	38.14781541
50.35163647	38.15674179
50.39111373	38.18665787
50.30640382	38.12246425
50.3904596	38.18616217
50.38510791	38.18210663
50.32946795	38.13994237
50.4068075	38.1985507
50.36006425	38.16312841
50.35211815	38.15710681
50.43371638	38.21894239
50.37324294	38.17311529
50.33847583	38.14676859
50.4215064	38.2096896
50.35195281	38.15698152
50.36958319	38.17034191
50.41952008	38.20818436
50.36932674	38.17014757
50.40324687	38.19585243
50.41216153	38.20260801
50.37561838	38.17491541
50.40363977	38.19615018
50.42049206	38.20892093
50.38584102	38.18266218
50.42504632	38.21237218
50.41111837	38.2018175
50.39776423	38.19169765
50.43507966	38.21997549
50.40937622	38.20049729
50.4049056	38.19710943
50.44020352	38.22385838
50.40183389	38.19478167
50.41261577	38.20295223
50.44737819	38.22929539
50.41758185	38.20671555
50.43350513	38.2187823
50.44738394	38.22929974
50.43739524	38.22173025
50.4431581	38.22609738
50.45058718	38.23172717
50.43557254	38.220349
50.43835406	38.22245685
50.46074137	38.23942208
50.43948768	38.22331591
50.45207936	38.23285796
50.47051935	38.24683188
50.4501237	38.23137595
50.46973448	38.2462371
50.46223716	38.24055559
50.44753187	38.22941184
50.44629444	38.22847411
50.46423206	38.24206734
50.47085672	38.24708754
50.45272249	38.23334532
50.46473342	38.24244727
50.46294289	38.2410904
50.48227171	38.25573788
50.46597236	38.24338614
50.50031669	38.26941247
50.51227724	38.27847623
50.47277411	38.24854055
50.47526581	38.25042877
50.50775221	38.27504715
50.4918945	38.26303009
50.49008212	38.26165665
50.52446736	38.28771397
50.48317378	38.25642148
50.51717428	38.28218724
50.53430424	38.29516841
50.50393932	38.27215771
50.51153286	38.27791214
50.53524973	38.29588491
50.51148182	38.27787346
50.50710056	38.27455332
50.53250129	38.29380213
50.5081959	38.27538337
50.52542851	38.28844234
50.54304195	38.3017899
50.53285366	38.29406916
50.53622592	38.29662467
50.55309436	38.30940767
50.52142975	38.28541206
50.55697166	38.31234591
50.53749188	38.29758402
50.52772383	38.29018175
50.5755113	38.32639535
50.52818803	38.29053352
50.52572419	38.2886664
50.5853287	38.33383502
50.50302974	38.27146843
50.55810778	38.31320686
50.55995878	38.31460956
50.54519905	38.30342456
50.57316007	38.32461357
50.59669472	38.34244826
50.52772694	38.2901841
50.58315422	38.33218719
50.57920183	38.32919205
50.56255002	38.31657322
50.5922455	38.33907661
50.58013501	38.32989922
50.56351271	38.31730275
50.62295359	38.36234737
50.59635316	38.34218942
50.57329726	38.32471754
50.61341005	38.35511523
50.59287276	38.33955195
50.60969984	38.35230361
50.61133433	38.35354223
50.5937917	38.34024833
50.61255062	38.35446395
50.60832866	38.35126452
50.60642031	38.34981836
50.61997136	38.36008742
50.61215208	38.35416193
50.60999294	38.35252572
50.6199318	38.36005744
50.61387098	38.35546452
50.5979286	38.3433833
50.63964408	38.37499552
50.60827361	38.35122281
50.62223558	38.36180326
50.63890208	38.37443322
50.61297449	38.35478516
50.62478576	38.3637358
50.65891809	38.38960146
50.60885776	38.35166547
50.63411356	38.37080446
50.67035402	38.39826767
50.63849363	38.37412369
50.65142252	38.38392128
50.65399061	38.38586739
50.65658262	38.38783163
50.65573279	38.38718762
50.66267671	38.39244977
50.64899362	38.38208064
50.64465997	38.37879658
50.66529227	38.39443185
50.66675058	38.39553697
50.66420185	38.39360553
50.67272718	38.40006607
50.67678521	38.40314126
50.66843434	38.39681293
50.68154691	38.4067497
50.67542047	38.40210706
50.69883399	38.41984995
50.67111654	38.39884552
50.69162096	38.41438387
50.67918172	38.40495735
50.67122944	38.39893107
50.70510718	38.42460381
50.69940573	38.42028322
50.67967526	38.40533135
50.71176717	38.42965078
50.70149684	38.42186787
50.70420849	38.42392277
50.70712271	38.42613118
50.70074769	38.42130016
50.69953481	38.42038103
50.70572713	38.4250736
50.72699215	38.44118836
50.71086604	38.4289679
50.71029338	38.42853393
50.72781322	38.44181056
50.71284063	38.43046426
50.7216631	38.43714997
50.73007445	38.44352414
50.72438542	38.43921296
50.72689208	38.44111252
50.73749346	38.4491463
50.72953669	38.44311662
50.75236784	38.46041819
50.75119007	38.45952566
50.71900902	38.43513869
50.74074872	38.45161315
50.77385475	38.47670108
50.72144034	38.43698116
50.76461085	38.46969601
50.79273835	38.49101118
50.75099109	38.45937488
50.76707523	38.47156353
50.79492808	38.49267057
50.76033165	38.46645321
50.79738982	38.49453608
50.80135998	38.4975447
50.7711208	38.47462928
50.77647488	38.47868664
50.81347493	38.50672547
50.74606193	38.45563953
50.80938059	38.50362276
50.80802366	38.50259447
50.7425894	38.45300803
50.82599823	38.5162157
50.80580602	38.50091393
50.75371393	38.46143826
50.83423982	38.52246122
50.7910442	38.48972734
50.76067257	38.46671156
50.85418518	38.53757591
50.76899031	38.47301478
50.78415826	38.48450914
50.86723863	38.54746789
50.76249785	38.46809477
50.83010485	38.51932771
50.85869809	38.54099582
50.75860188	38.46514237
50.83078988	38.51984683
50.83883827	38.52594594
50.76629438	38.47097179
50.86480365	38.54562265
50.84955571	38.53406768
50.77160129	38.4749934
50.87593548	38.55405841
50.8381755	38.52544369
50.82086167	38.51232318
50.87408587	38.55265677
50.8101584	38.50421219
50.85408469	38.53749977
50.90143827	38.57338456
50.81353171	38.5067685
50.86285595	38.54414668
50.88777849	38.56303311
50.81641108	38.5089505
50.87625198	38.55429826
50.89758816	38.57046693
50.82178125	38.51302004
50.90702312	38.5776168
50.87213823	38.55118084
50.83104043	38.5200367
50.92074185	38.58801292
50.86137096	38.54302134
50.86725592	38.547481
50.89689014	38.56993796
50.86821747	38.54820966
50.87307039	38.55188723
50.91962169	38.58716405
50.88487067	38.56082955
50.89151022	38.56586103
50.90574287	38.57664661
50.87149518	38.55069352
50.91914619	38.58680372
50.89726013	38.57021835
50.90084139	38.57293224
50.93863791	38.60157465
50.90907347	38.57917056
50.92639959	38.59230039
50.93078825	38.59562614
50.92168986	38.58873133
50.93577678	38.59940647
50.9386803	38.60160677
50.94021422	38.60276918
50.93382289	38.5979258
50.93428614	38.59827686
50.93356796	38.59773261
50.92238398	38.58925733
50.93826216	38.60128991
50.94648788	38.6075234
50.94731562	38.60815067
50.95177958	38.61153348
50.95782532	38.61611497
50.93438347	38.59835062
50.9459326	38.60710261
50.96503132	38.62157572
50.95252576	38.61209894
50.94605258	38.60719353
50.96219048	38.61942292
50.94257979	38.60456183
50.97192075	38.62679657
50.98895301	38.63970371
50.96221839	38.61944407
50.97538104	38.6294188
51.00844809	38.65447718
50.94125399	38.60355713
50.99554347	38.64469799
50.98815909	38.63910207
50.95344231	38.61279351
50.98789047	38.6388985
50.99785604	38.64645047
50.95434006	38.61347383
51.02115715	38.66410817
50.99012355	38.64059075
50.97305355	38.62765501
51.04836423	38.68472585
50.99755496	38.64622231
50.99057758	38.64093481
51.03580386	38.67520753
50.99963611	38.64779941
51.00126861	38.64903653
51.02633516	38.6680321
50.99944792	38.64765681
51.03383649	38.67371665
51.03881284	38.67748776
50.99435569	38.64379788
51.06216527	38.69518435
51.03471143	38.67437968
51.01121756	38.6565759
51.05333233	38.6884907
51.00677665	38.65321056
51.04379739	38.68126507
51.05594842	38.69047319
51.0245477	38.66667755
51.04499317	38.68217124
51.06164446	38.69478968
51.02315892	38.66562513
51.06931519	38.7006026
51.06258781	38.69550456
51.0480693	38.68450235
51.07502019	38.70492588
51.06134468	38.69456251
51.04525814	38.68237204
51.09855274	38.72275898
51.05768181	38.69178676
51.06618719	38.69823218
51.08510455	38.71256786
51.04268293	38.68042053
51.06503402	38.6973583
51.11359946	38.73416146
51.05564812	38.69024562
51.08553561	38.71289452
51.09465408	38.71980455
51.04506857	38.68222838
51.10503153	38.72766863
51.09682799	38.72145195
51.06378738	38.6964136
51.12955656	38.74625384
51.10366967	38.72663661
51.05627561	38.69072113
51.12463778	38.74252636
51.10839694	38.73021896
51.08835274	38.71502936
51.11673147	38.73653491
51.10733387	38.72941336
51.106899	38.72908381
51.14893934	38.76094221
51.11147231	38.73254949
51.09536023	38.72033967
51.16765216	38.77512288
51.11772952	38.73729124
51.08684003	38.71388302
51.18845257	38.79088555
51.0986287	38.72281653
51.10945938	38.73102408
51.19308864	38.79439878
51.10144777	38.72495285
51.1207131	38.73955221
51.19479438	38.79569141
51.10697132	38.72913862
51.1594127	38.76887898
51.19352967	38.794733
51.09642608	38.72114738
51.15884329	38.76844748
51.1925508	38.79399121
51.11008858	38.73150089
51.18620694	38.7891838
51.18994388	38.79201567
51.12176433	38.74034884
51.19870042	38.79865142
51.14411132	38.75728351
51.11379572	38.73431019
51.21799901	38.813276
51.14991385	38.7616807
51.14350375	38.75682309
51.22341012	38.81737657
51.13528205	38.75059264
51.17634167	38.78170785
51.23829343	38.82865522
51.15050819	38.76213109
51.17212085	38.77850929
51.25431484	38.84079633
51.13852624	38.75305111
51.21771964	38.81306429
51.22854187	38.82126544
51.15609811	38.76636716
51.23690898	38.82760608
51.2194593	38.81438262
51.14544057	38.75829082
51.21756475	38.81294692
51.22418023	38.81796016
51.17551864	38.78108415
51.23919346	38.82933727
51.23598981	38.82690952
51.14380421	38.75705078
51.26263591	38.84710208
51.2093326	38.80670855
51.17767146	38.78271557
51.26607259	38.84970642
51.21565215	38.81149754
51.21253587	38.809136
51.25560624	38.84177496
51.21711845	38.81260871
51.23445563	38.82574692
51.27448233	38.85607937
51.20135164	38.80066054
51.23746665	38.82802869
51.24838555	38.83630308
51.22902299	38.82163003
51.24639465	38.83479437
51.25265222	38.83953639
51.24381832	38.83284201
51.26564028	38.84937881
51.253913	38.84049182
51.2477247	38.83580229
51.28296712	38.86250918
51.26606595	38.84970138
51.24394024	38.8329344
51.27079109	38.85328212
51.27014633	38.85279352
51.25807851	38.84364846
51.27210222	38.8542757
51.29467117	38.87137858
51.26632482	38.84989756
51.3053163	38.87944551
51.26289266	38.84729665
51.27134066	38.85369859
51.29738934	38.87343842
51.27048152	38.85304753
51.27663008	38.85770694
51.31543762	38.8871155
51.27725194	38.85817819
51.28845488	38.86666784
51.32514991	38.89447553
51.27811368	38.85883122
51.30381312	38.87830639
51.33891657	38.90490798
51.26946629	38.85227818
51.32837395	38.89691872
51.33674054	38.90325897
51.27389391	38.85563346
51.33422405	38.90135196
51.32315922	38.89296697
51.27981613	38.86012134
51.34799512	38.91178775
51.31702579	38.88831903
51.28718838	38.86570808
51.36171965	38.92218828
51.32478561	38.89419947
51.30235896	38.87720443
51.35836995	38.91964985
51.33093448	38.89885911
51.30864168	38.88196551
51.38451363	38.93946168
51.32101662	38.8913433
51.32025141	38.89076342
51.41293631	38.96100054
51.32457649	38.89404099
51.32742319	38.89619824
51.38267401	38.9380676
51.31871565	38.88959962
51.33595529	38.9026639
51.41139844	38.95983513
51.32696917	38.89585418
51.37418023	38.93163097
51.38808537	38.94216836
51.3266839	38.895638
51.38397741	38.93905533
51.39470846	38.94718738
51.34486127	38.90941291
51.41302275	38.96106604
51.39305713	38.94593599
51.35726359	38.91881145
51.43954835	38.98116729
51.37782721	38.93439467
51.36727477	38.92639798
51.44327153	38.98398874
51.38159218	38.93724778
51.39421265	38.94681165
51.43875128	38.98056326
51.371316	38.92946044
51.41192026	38.96023057
51.42842201	38.97273568
51.37885784	38.93517569
51.39875644	38.95025495
51.40337056	38.95375156
51.42486462	38.97003988
51.40365777	38.95396921
51.40862385	38.95773253
51.41475623	38.96237969
51.42663068	38.97137821
51.43508881	38.97778782
51.43869252	38.98051873
51.43432571	38.97720954
51.43922706	38.98092381
51.44250944	38.98341122
51.44118476	38.98240737
51.43479088	38.97756205
51.4570415	38.99442369
51.46301209	38.99894823
51.42827682	38.97262566
51.44835726	38.98784273
51.4594242	38.99622932
51.45425615	38.99231294
51.46327474	38.99914727
51.46229226	38.99840274
51.43788193	38.97990446
51.47425773	39.00747024
51.47410967	39.00735804
51.45562047	38.99334682
51.49222541	39.02108624
51.47535143	39.00829905
51.45362184	38.99183225
51.51578944	39.0389432
51.45803152	38.99517393
51.47406312	39.00732277
51.52908512	39.04901873
51.46073855	38.99722534
51.51104112	39.03534489
51.52640773	39.04698979
51.44999486	38.98908371
51.52500389	39.04592595
51.51153768	39.03572119
51.46644521	39.00154987
51.55711698	39.07026143
51.52496495	39.04589644
51.46774055	39.00253149
51.54881745	39.063972
51.51881249	39.04123408
51.49159567	39.02060903
51.55722711	39.07034489
51.48709543	39.01719872
51.51279521	39.03667415
51.56713415	39.07785249
51.52077833	39.0427238
51.53535153	39.05376745
51.56086367	39.07310069
51.52225266	39.04384106
51.55448238	39.06826492
51.56885818	39.07915897
51.53374155	39.0525474
51.55142847	39.06595065
51.55458366	39.06834166
51.55160442	39.06608398
51.55508961	39.06872507
51.56636237	39.07726763
51.53218135	39.05136507
51.59725201	39.10067597
51.56305731	39.07476304
51.5329354	39.0519365
51.5992133	39.10216225
51.5687396	39.07906911
51.55076141	39.06544514
51.6053232	39.10679236
51.56606793	39.0770445
51.58267153	39.0896268
51.61822597	39.11657015
51.56905758	39.07931008
51.5793078	39.08707775
51.63261321	39.12747288
51.57417113	39.08318515
51.58794112	39.09362012
51.62013572	39.11801737
51.57412264	39.08314841
51.6001592	39.10287906
51.59661103	39.10019023
51.60320845	39.10518979
51.61942983	39.11748244
51.60585509	39.10719543
51.59669147	39.10025119
51.62020469	39.11806963
51.59716245	39.1006081
51.62863357	39.12445709
51.62850162	39.12435709
51.60680712	39.10791688
51.64281845	39.13520647
51.62420905	39.12110416
51.58728011	39.09311921
51.63889572	39.1322338
51.63663649	39.13052174
51.61958237	39.11759804
51.64100044	39.13382877
51.64477929	39.1366924
51.62347409	39.12054721
51.65186293	39.14206042
51.65707142	39.14600744
51.64712805	39.1384723
51.65826989	39.14691565
51.64878301	39.13972644
51.63891571	39.13224895
51.68352551	39.1660545
51.64851664	39.13952458
51.65506318	39.14448559
51.68306662	39.16570674
51.6455685	39.13729047
51.66076376	39.14880552
51.69674283	39.17607065
51.64956	39.14031525
51.65548046	39.14480181
51.69313535	39.17333688
51.66399538	39.15125445
51.70375779	39.18138662
51.69544184	39.17508476
51.67193041	39.15726766
51.70558871	39.1827741
51.70114389	39.1794058
51.67145578	39.15690799
51.72005821	39.19373917
51.65703212	39.14597766
51.68716649	39.16881365
51.71681296	39.1912799
51.69040818	39.17127022
51.6845681	39.16684457
51.74550061	39.21301956
51.67017086	39.15593427
51.71423091	39.18932321
51.75284691	39.21858662
51.66680908	39.15338669
51.72257841	39.19564899
51.73063178	39.20175188
51.67449896	39.15921413
51.74491899	39.2125788
51.72764859	39.1994912
51.68549987	39.16755067
51.76004096	39.22403831
51.72428902	39.1969453
51.69848652	39.17739203
51.75111854	39.21727686
51.73752735	39.20697738
51.70639375	39.18338417
51.76409468	39.22711025
51.7579911	39.22248492
51.69843059	39.17734965
51.75441953	39.21977836
51.78300491	39.24144052
51.72730387	39.19922997
51.74462608	39.21235683
51.77350627	39.2342424
51.73598577	39.20580916
51.75799428	39.22248733
51.78012816	39.2392605
51.74532474	39.21288628
51.75890367	39.22317647
51.78932941	39.24623326
51.74427898	39.2120938
51.7899252	39.24668475
51.77272075	39.23364713
51.74430414	39.21211287
51.80337078	39.25687388
51.77709319	39.23696059
51.76425238	39.22722975
51.79938548	39.2538538
51.80584137	39.25874611
51.77550265	39.23575527
51.81028235	39.26211151
51.79842577	39.25312653
51.81045263	39.26224055
51.81977776	39.26930718
51.81110035	39.2627314
51.82665621	39.27451971
51.82945089	39.27663754
51.80348261	39.25695863
51.82397782	39.27249001
51.79391442	39.24970781
51.82369992	39.27227942
51.8256405	39.27375
51.8154132	39.2659997
51.83187299	39.27847301
51.84484278	39.28830159
51.82743594	39.2751106
51.85222537	39.29389616
51.84470167	39.28819466
51.83411672	39.28017333
51.85148384	39.29333422
51.83103013	39.27783429
51.83334215	39.27958635
51.86898959	39.30660017
51.83903911	39.28390354
51.87783216	39.31330112
51.83913243	39.28397426
51.85031506	39.29244851
51.84640906	39.28948852
51.86819246	39.3059961
51.85540574	39.29630626
51.84966101	39.29195287
51.86346624	39.30241455
51.87177583	39.3087116
51.8661469	39.30444597
51.87317616	39.30977278
51.87006686	39.30741653
51.84653448	39.28958357
51.88996787	39.32249763
51.8779524	39.31339224
51.89093939	39.32323385
51.89095278	39.323244
51.87720525	39.31282604
51.8968528	39.32771507
51.89480393	39.32616242
51.89574247	39.32687365
51.90949104	39.33729239
51.88754255	39.32065971
51.8875468	39.32066293
51.93338551	39.35539975
51.90046331	39.33045113
51.90628719	39.33486449
51.94324585	39.36287197
51.88720127	39.32040109
51.91463732	39.34119227
51.92254233	39.34718273
51.91484549	39.34135003
51.93231801	39.3545908
51.93463604	39.35634741
51.91858972	39.34418742
51.95485925	39.37167266
51.93335108	39.35537366
51.91894489	39.34445657
51.95267221	39.37001531
51.94291694	39.36262272
51.95181961	39.36936921
51.95628348	39.37275196
51.93262049	39.35482001
51.94179259	39.36177068
51.94294997	39.36264775
51.97228939	39.38488132
51.94951891	39.36762573
51.96675992	39.38069106
51.97256557	39.38509061
51.92205394	39.34681263
52.00187907	39.40730454
51.96287203	39.37774479
51.95453532	39.37142719
51.99750479	39.40398968
51.96872564	39.38218069
51.98178048	39.39207372
51.99379238	39.4011764
51.95697599	39.37327674
51.99195579	39.39978462
52.0063666	39.41070522
51.96776369	39.38145172
52.0033622	39.40842847
51.99635405	39.40311765
51.99077969	39.39889337
52.0177306	39.41931692
51.99927934	39.40533445
51.99278615	39.40041387
52.01408929	39.41655751
51.99243475	39.40014758
52.01706395	39.41881172
52.01720406	39.4189179
51.9854439	39.39484988
52.02264371	39.4230401
52.02031392	39.42127457
52.00616153	39.41054981
52.03137412	39.42965605
52.0189496	39.42024068
51.9928616	39.40047105
52.04057375	39.43662758
52.01627427	39.4182133
52.02360817	39.42377097
52.05703865	39.44910477
52.00980264	39.41330906
52.02913997	39.42796299
52.0680838	39.45747484
52.01890206	39.42020465
52.03560274	39.43286052
52.08607643	39.47110975
52.02244842	39.4228921
52.04738235	39.44178717
52.08094161	39.46721856
52.01795467	39.41948672
52.06436249	39.45465482
52.10531846	39.48569147
52.04637842	39.44102639
52.07148853	39.46005496
52.11660057	39.49424111
52.04703946	39.44152732
52.07621781	39.46363883
52.10845891	39.48807132
52.04810346	39.44233363
52.08091225	39.46719631
52.10779393	39.4875674
52.04617578	39.44087283
52.10323319	39.48411124
52.10706903	39.48701806
52.03684924	39.43380512
52.10842602	39.48804639
52.11251008	39.49114132
52.07157505	39.46012053
52.10770147	39.48749732
52.1052816	39.48566353
52.07238618	39.46073521
52.11385148	39.49215783
52.10185962	39.48307034
52.08390131	39.46946144
52.13578235	39.50877716
52.12918121	39.50377479
52.09320619	39.47651272
52.15258977	39.52151392
52.1164541	39.49413011
52.09873575	39.48070305
52.15917854	39.52650692
52.13932494	39.51146176
52.08445999	39.4698848
52.16812027	39.53328302
52.14349697	39.51462335
52.11942892	39.49638445
52.16285306	39.5292915
52.14776293	39.51785612
52.14448907	39.51537517
52.16636008	39.53194914
52.1485982	39.51848909
52.16215993	39.52876624
52.15580575	39.523951
52.17510454	39.53857574
52.16602476	39.53169503
52.17808413	39.54083368
52.16210095	39.52872155
52.17655812	39.53967727
52.19051518	39.550254
52.16176368	39.52846596
52.1844528	39.54565989
52.18592825	39.546778
52.15392464	39.5225255
52.1995579	39.55710663
52.1934824	39.55250257
52.17136429	39.53574135
52.21942023	39.57215841
52.19321069	39.55229668
52.1804979	39.54266285
52.21988555	39.57251103
52.20505407	39.56127165
52.15279919	39.52167262
52.23040524	39.58048291
52.20825919	39.56370051
52.17945997	39.5418763
52.23739935	39.58578308
52.21014083	39.56512642
52.19762581	39.55564247
52.23127279	39.58114034
52.21533345	39.56906142
52.23909369	39.58706706
52.22978379	39.58001197
52.22478598	39.5762246
52.2261303	39.57724333
52.2400575	39.58779744
52.21989179	39.57251575
52.21964994	39.57233248
52.25758957	39.60108334
52.22011442	39.57268447
52.2122262	39.56670673
52.27136833	39.61152496
52.23648539	39.58509047
52.21790697	39.57101164
52.27269424	39.61252973
52.23427534	39.58341569
52.23260384	39.58214901
52.27076905	39.61107082
52.23393116	39.58315486
52.26536161	39.60697303
52.25331419	39.59784343
52.24901951	39.5945889
52.25845445	39.60173874
52.27024964	39.6106772
52.25333008	39.59785547
52.27928948	39.61752764
52.27364914	39.61325336
52.23740621	39.58578827
52.28695049	39.6233332
52.26507056	39.60675247
52.26173762	39.60422675
52.29923339	39.63264125
52.26805834	39.60901663
52.27136634	39.61152345
52.29810333	39.63178488
52.27744052	39.61612649
52.30097739	39.63396286
52.32101011	39.64914376
52.2744338	39.61384798
52.31493623	39.64454094
52.31725419	39.64629751
52.28120074	39.618976
52.30837586	39.63956946
52.3103431	39.64106024
52.30124103	39.63416265
52.30927414	39.64025018
52.31785689	39.64675424
52.29578043	39.63002458
52.33364092	39.65871546
52.32429205	39.65163084
52.32756634	39.65411211
52.33361996	39.65869958
52.31901553	39.64763226
52.32568425	39.65268585
52.32368069	39.65116754
52.33578106	39.66033727
52.33678385	39.66109719
52.33298598	39.65821914
52.33889981	39.66270067
52.33552171	39.66014073
52.35529548	39.6751254
52.33036056	39.65622958
52.34501826	39.66733727
52.35647106	39.67601626
52.33495707	39.65971284
52.3599959	39.6786874
52.37631154	39.69105149
52.34584369	39.66796278
52.35831564	39.6774141
52.37412767	39.68939653
52.36989186	39.68618662
52.39439978	39.70475885
52.35485935	39.6747949
52.36615101	39.68335178
52.39647679	39.70633282
52.35906134	39.67797919
52.3647166	39.68226478
52.41540599	39.72067747
52.3755237	39.69045445
52.3634683	39.68131881
52.42414595	39.72730066
52.3888468	39.70055077
52.38572279	39.69818338
52.43103144	39.73251852
52.40091674	39.70969744
52.41246964	39.71845229
52.43861965	39.7382689
52.38417954	39.6970139
52.4071773	39.71444173
52.44251072	39.74121758
52.38338603	39.69641257
52.39345487	39.70404279
52.47687514	39.76725912
52.39394942	39.70441756
52.43495071	39.73548856
52.46019964	39.75462234
52.41107231	39.71739339
52.41597969	39.72111223
52.48421489	39.77282123
52.44376489	39.742168
52.42842371	39.73054237
52.47792585	39.76805536
52.43107894	39.73255452
52.43640542	39.73659095
52.45087965	39.7475596
52.40825003	39.71525465
52.43552364	39.73592274
52.47938544	39.76916144
52.41962024	39.72387105
52.45784901	39.75284102
52.49681405	39.78236894
52.42533217	39.72819958
52.47259399	39.76401485
52.48203909	39.77117239
52.43921038	39.73871657
52.49086108	39.77785775
52.49038782	39.77749911
52.44434723	39.7426093
52.49284937	39.77936448
52.50591239	39.78926371
52.43807242	39.73785421
52.49513151	39.7810939
52.49678224	39.78234483
52.44091507	39.74000839
52.52900251	39.80676152
52.51253378	39.79428144
52.44885233	39.74602328
52.52264422	39.80194318
52.50477736	39.78840357
52.4598672	39.75437042
52.53516037	39.81142798
52.50976844	39.79218584
52.48261995	39.77161257
52.5321748	39.80916551
52.5102504	39.79255107
52.5013139	39.78577895
52.51333309	39.79488715
52.52460331	39.80342779
52.48645607	39.77451961
52.51116594	39.79324488
52.51787003	39.79832527
52.51985068	39.79982622
52.52547016	39.80408469
52.54318728	39.81751082
52.52426288	39.80316981
52.54226225	39.81680983
52.54967004	39.82242349
52.52225733	39.80165
52.5548528	39.82635101
52.53723962	39.81300365
52.52685136	39.80513137
52.54274871	39.81717847
52.56129341	39.83123175
52.51960976	39.79964365
52.55002379	39.82269157
52.5562128	39.82738163
52.51978227	39.79977438
52.56495589	39.83400719
52.55110802	39.8235132
52.54919885	39.82206642
52.57517112	39.84174835
52.55940692	39.82980215
52.54848035	39.82152194
52.58186367	39.84682
52.56859453	39.83676457
52.5610202	39.83102471
52.57707371	39.84319014
52.58007667	39.8454658
52.56130054	39.83123715
52.57313825	39.84020783
52.58437789	39.84872528
52.5844507	39.84878046
52.60191536	39.86201527
52.57957629	39.84508661
52.59208526	39.85456598
52.5942392	39.85619824
52.59011312	39.85307148
52.59193248	39.8544502
52.60875636	39.86719942
52.58491759	39.84913428
52.59721964	39.85845683
52.6314579	39.88440278
52.60155235	39.86174019
52.60933326	39.8676366
52.63254737	39.88522838
52.62377752	39.87858254
52.58828102	39.8516831
52.65396691	39.90146022
52.60076678	39.86114487
52.61715155	39.87356134
52.64844157	39.89727309
52.62324595	39.87817972
52.62720555	39.88118032
52.65350063	39.90110687
52.60792627	39.86657038
52.63849748	39.88973741
52.63811756	39.8894495
52.63822643	39.889532
52.65824214	39.90470002
52.66221173	39.90770819
52.64744713	39.8965195
52.63803992	39.88939066
52.65340231	39.90103237
52.66607561	39.91063626
52.65243193	39.90029701
52.64400866	39.89391381
52.67697925	39.9188991
52.65801534	39.90452814
52.64519485	39.89481271
52.67730229	39.9191439
52.6748556	39.91728978
52.6767617	39.91873424
52.69001654	39.92877882
52.650298	39.8986799
52.6696516	39.91334617
52.6860543	39.92577622
52.67516391	39.91752342
52.6990222	39.93560337
52.68767077	39.92700119
52.6834368	39.92379266
52.68999916	39.92876565
52.69336721	39.93131798
52.6813018	39.92217475
52.70086877	39.93700271
52.67985917	39.92108152
52.6845691	39.92465072
52.72229806	39.95324194
52.70273424	39.93841637
52.7217791	39.95284867
52.73385913	39.96200298
52.72308228	39.95383622
52.70278506	39.93845488
52.7329393	39.96130593
52.70366355	39.93912061
52.69209653	39.93035505
52.75881131	39.98091187
52.71412008	39.94704462
52.70934356	39.94342495
52.74713016	39.97205983
52.73837601	39.9654259
52.72622362	39.95621675
52.76815116	39.98798966
52.75071983	39.9747801
52.72184259	39.95289678
52.76515642	39.98572023
52.72753721	39.95721219
52.74445341	39.97003138
52.7874649	40.00262572
52.73071012	39.95961664
52.76677715	39.98694843
52.78714544	40.00238363
52.70584121	39.94077085
52.78044599	39.99730675
52.77478907	39.99301991
52.72733727	39.95706068
52.7872889	40.00249234
52.80171189	40.01342217
52.74047429	39.96701598
52.78909974	40.00386461
52.78774181	40.00283556
52.74083998	39.9672931
52.79515661	40.00845454
52.81064029	40.02018816
52.77637002	39.99421796
52.8087852	40.01878236
52.81477962	40.02332496
52.76481624	39.98546245
52.80264432	40.01412877
52.82422782	40.03048486
52.77412511	39.99251676
52.81379536	40.02257909
52.8277358	40.03314322
52.79604308	40.00912631
52.82456973	40.03074396
52.83780051	40.04077032
52.7961919	40.00923908
52.83386848	40.0377906
52.85217507	40.05166344
52.80381902	40.01501896
52.83876571	40.04150175
52.83959543	40.04213052
52.82643727	40.03215919
52.82926238	40.03430007
52.85190434	40.05145827
52.83213474	40.03647676
52.84886011	40.04915134
52.85725556	40.05551346
52.84075703	40.04301078
52.84554904	40.04664219
52.88091627	40.07344367
52.85397563	40.05302791
52.86754123	40.063308
52.86483627	40.06125817
52.86889751	40.06433579
52.85071227	40.05055492
52.85637095	40.0548431
52.85468246	40.05356355
52.85619612	40.05471061
52.8897174	40.08011322
52.8680564	40.06369839
52.87415268	40.06831819
52.86860743	40.06411597
52.87700654	40.07048086
52.87736349	40.07075136
52.88622871	40.07746947
52.88652381	40.07769309
52.89190269	40.08176924
52.86592123	40.06208035
52.87186762	40.06658655
52.90452572	40.09133504
52.88654155	40.07770654
52.87741923	40.0707936
52.93058614	40.11108376
52.89051185	40.08071526
52.88622778	40.07746876
52.93768807	40.11646565
52.9190745	40.10236018
52.90204486	40.08945503
52.94998086	40.12578119
52.90743951	40.09354313
52.92019609	40.10321013
52.93205288	40.11219527
52.9293574	40.11015262
52.94068966	40.11874027
52.94692994	40.12346919
52.93335953	40.11318546
52.94370735	40.12102709
52.93257879	40.11259381
52.93493028	40.11437578
52.95117488	40.12668603
52.95570146	40.1301163
52.93645168	40.1155287
52.94048222	40.11858307
52.9547218	40.1293739
52.93570861	40.1149656
52.94063569	40.11869937
52.96167273	40.13464135
52.93814805	40.11681423
52.96055736	40.13379612
52.98659616	40.15352846
52.96446376	40.13675641
52.95062589	40.12627
52.99546043	40.16024585
52.94410118	40.12132554
52.98504927	40.15235622
52.99942975	40.16325383
52.96543877	40.13749528
52.99867506	40.16268192
52.99329298	40.15860335
52.96604517	40.13795482
52.99955766	40.16335076
52.99904234	40.16296025
52.96232174	40.13513317
53.01517956	40.17518912
52.98875947	40.15516783
52.99309952	40.15845674
53.0023115	40.16543763
52.99239769	40.15792489
53.01351657	40.1739289
53.00591208	40.16816617
53.00904432	40.1705398
53.00892627	40.17045034
53.01229226	40.17300111
53.0334323	40.18902114
53.03153262	40.18758155
53.01538442	40.17534436
53.03222706	40.1881078
53.01967381	40.17859489
53.01756384	40.17699594
53.03943878	40.19357289
53.05378559	40.20444497
53.02774747	40.18471315
53.04366004	40.19677178
53.047137	40.19940664
53.0174217	40.17688822
53.05673357	40.20667897
53.04864746	40.20055127
53.02443579	40.18220354
53.08049184	40.22468312
53.07959918	40.22400665
53.00956453	40.17093402
53.0785566	40.22321658
53.05953667	40.20880318
53.02732872	40.18439582
53.07303267	40.21903052
53.09985626	40.23935758
53.04010893	40.19408073
53.0914487	40.23298628
53.08022359	40.22447984
53.04737033	40.19958346
53.10555345	40.24367494
53.09449477	40.23529461
53.03191629	40.1878723
53.10718608	40.24491215
53.09855329	40.23837018
53.06946986	40.2163306
53.1133203	40.2495607
53.11565956	40.25133341
53.04965424	40.20131422
53.11177698	40.24839116
53.1321821	40.26385428
53.06113564	40.21001488
53.09594044	40.23639015
53.11927179	40.25407077
53.08376856	40.22716623
53.13128942	40.26317779
53.13095902	40.26292742
53.06405348	40.21222604
53.13562005	40.26645957
53.12048234	40.25498814
53.09122895	40.23281976
53.14523471	40.27374561
53.12537599	40.25869657
53.09929631	40.23893324
53.15636965	40.28218373
53.12994733	40.26216075
53.09867786	40.23846458
53.1511537	40.27823106
53.13294942	40.26443575
53.12718334	40.26006619
53.1477053	40.27561784
53.15166283	40.27861687
53.14144527	40.27087396
53.16143527	40.28602248
53.13327115	40.26467956
53.13365985	40.26497412
53.16919748	40.29190473
53.15258572	40.27931625
53.15450389	40.28076985
53.15941238	40.28448953
53.15807315	40.28347465
53.14207824	40.27135362
53.178311	40.298811
53.15865551	40.28391597
53.16848771	40.29136686
53.18092793	40.30079412
53.17250921	40.29441437
53.1781394	40.29868097
53.18838213	40.30644296
53.19656938	40.3126473
53.15626266	40.28210265
53.18666576	40.30514229
53.20524972	40.31922531
53.1640921	40.28803584
53.20445011	40.31861936
53.1806469	40.30058116
53.20328481	40.31773629
53.19789299	40.31365034
53.20933184	40.32231876
53.18476463	40.3037016
53.20585902	40.31968704
53.20426477	40.31847891
53.19860952	40.31419333
53.2293167	40.3374634
53.21114258	40.32369095
53.207365	40.32082828
53.23808596	40.34410879
53.23892367	40.34474361
53.19650187	40.31259615
53.25769919	40.3589718
53.23645057	40.34286948
53.2015235	40.31640156
53.26195074	40.36219365
53.2357643	40.34234943
53.21433307	40.32610872
53.24805925	40.3516666
53.24657356	40.35054074
53.22903069	40.33724666
53.26157483	40.36190878
53.26487824	40.36441212
53.22339321	40.33297454
53.28784271	40.38181472
53.27011576	40.36838114
53.21790918	40.32881872
53.27764107	40.37408386
53.26736052	40.36629321
53.25008197	40.35319943
53.26708052	40.36608103
53.2862368	40.38059775
53.256109	40.35776675
53.26054796	40.36113061
53.29016242	40.38357261
53.26363095	40.36346692
53.24367039	40.3483407
53.26045295	40.36105862
53.27097418	40.36903166
53.25659462	40.35813475
53.27435118	40.37159077
53.27630731	40.37307314
53.28263059	40.37786495
53.28065639	40.37636889
53.27683319	40.37347165
53.29922024	40.39043667
53.28989095	40.38336689
53.28868837	40.38245557
53.30357123	40.39373388
53.31192703	40.40006595
53.29124062	40.38438968
53.31471067	40.40217541
53.33694269	40.41902296
53.29068779	40.38397074
53.30350669	40.39368497
53.35785002	40.43486664
53.32878397	40.41284023
53.29603951	40.3880263
53.34027261	40.42154639
53.30150787	40.39217025
53.3122424	40.40030494
53.33596032	40.4182785
53.29379615	40.38632627
53.32126985	40.40714599
53.3585256	40.4353786
53.28900088	40.38269239
53.33953958	40.42099089
53.36383424	40.43940152
53.31231134	40.40035718
53.3383178	40.42006502
53.33866136	40.42032537
53.34176295	40.42267577
53.35804305	40.43501292
53.35293315	40.43114061
53.35672325	40.43401277
53.35113975	40.42978156
53.36005131	40.43653479
53.35814442	40.43508974
53.36201297	40.43802135
53.35931116	40.4359739
53.37308309	40.44641034
53.36090184	40.43717933
53.38017219	40.4517825
53.37741427	40.44969253
53.35926522	40.43593909
53.40213668	40.46842731
53.37281999	40.44621097
53.34513792	40.42523334
53.42099705	40.4827198
53.37147474	40.44519153
53.355484	40.43307366
53.40801848	40.47288457
53.38559549	40.45589231
53.37348018	40.44671126
53.42388744	40.48491016
53.39775516	40.46510697
53.38491217	40.45537449
53.44397333	40.50013135
53.3893226	40.45871673
53.38914108	40.45857917
53.45072864	40.50525056
53.39925843	40.46624616
53.40260356	40.46878112
53.45224709	40.50640125
53.40527044	40.47080209
53.40240452	40.46863028
53.4520861	40.50627925
53.41721456	40.47985341
53.4147121	40.47795703
53.47713926	40.52526467
53.44095988	40.49784774
53.40401932	40.46985398
53.46413592	40.51541067
53.41518297	40.47831386
53.41795134	40.48041175
53.45076452	40.50527775
53.43804667	40.4956401
53.45212908	40.50631182
53.44753561	40.50283087
53.44056552	40.4975489
53.45798124	40.51074662
53.47053634	40.52026094
53.44971297	40.50448088
53.47055182	40.52027267
53.46779973	40.51818712
53.45932394	40.51176412
53.48245053	40.52928958
53.48198232	40.52893477
53.45652626	40.50964403
53.48377619	40.53029417
53.48595406	40.53194458
53.45634224	40.50950458
53.47602419	40.52441966
53.49965406	40.54232651
53.48249424	40.52932271
53.48838437	40.53378628
53.51451348	40.55358706
53.48095489	40.52815617
53.49004067	40.53504143
53.50804116	40.5486823
53.48009921	40.52750774
53.48823084	40.53366993
53.5025861	40.54454842
53.48574633	40.53178716
53.48968082	40.53476874
53.53197709	40.56682107
53.50377435	40.54544888
53.50784237	40.54853166
53.52648576	40.56265972
53.49469561	40.53856897
53.53010208	40.56540018
53.52751974	40.56344327
53.49530369	40.53902977
53.54521007	40.57684909
53.54345739	40.5755209
53.49369782	40.53781283
53.53947125	40.57250019
53.53761453	40.57109315
53.51843392	40.55655798
53.54279529	40.57501916
53.53799192	40.57137915
53.53100161	40.56608185
53.55883388	40.5871733
53.54948537	40.58008895
53.53558256	40.56955332
53.56807523	40.59417644
53.56049672	40.58843341
53.53347151	40.56795355
53.54326721	40.57537679
53.58641301	40.60807291
53.5364267	40.57019301
53.55452793	40.58391022
53.59696046	40.61606583
53.57059247	40.59608402
53.55472374	40.58405861
53.61231138	40.62769883
53.57451137	40.59905378
53.57108129	40.59645445
53.61710638	40.63133251
53.58092556	40.60391449
53.57714737	40.60105136
53.62615908	40.6381927
53.56936716	40.59515547
53.59425728	40.61401734
53.62928868	40.64056432
53.5783261	40.60194461
53.59216602	40.61243257
53.61849096	40.63238175
53.58789519	40.60919611
53.59463124	40.61430073
53.63400018	40.64413472
53.60516804	40.62228557
53.58352989	40.60588807
53.62984633	40.64098691
53.61266011	40.62796311
53.59030805	40.61102459
53.64371224	40.65149457
53.59976105	40.61818812
53.62037243	40.63380754
53.64588976	40.65314471
53.62490738	40.63724415
53.60745749	40.62402053
53.64366623	40.6514597
53.62404863	40.63659339
53.6124806	40.62782707
53.64274731	40.65076334
53.64150693	40.64982338
53.63330143	40.64360521
53.65823404	40.66249927
53.66270453	40.66588703
53.63695162	40.64637134
53.63984061	40.64856063
53.66899846	40.67065661
53.63720671	40.64656465
53.65478569	40.6598861
53.68276749	40.68109086
53.63747165	40.64676542
53.68461018	40.68248725
53.67534602	40.67546682
53.66270235	40.66588538
53.68225619	40.68070339
53.66153399	40.66499999
53.67377452	40.67427593
53.68073445	40.6795502
53.66454226	40.66727968
53.67639932	40.67626502
53.69683443	40.69175085
53.69268447	40.68860599
53.68861845	40.68552475
53.71296023	40.70397107
53.69382369	40.6894693
53.69649273	40.69149192
53.70229531	40.69588914
53.69443357	40.68993147
53.71034518	40.70198937
53.70761336	40.69991919
53.71260634	40.7037029
53.68934181	40.68607291
53.71598341	40.70626206
53.72489984	40.71301897
53.71464387	40.70524694
53.71493384	40.70546668
53.69924406	40.69357689
53.71612524	40.70636954
53.71918613	40.70868909
53.71017055	40.70185704
53.7224834	40.71118779
53.72645905	40.71420055
53.70450489	40.69756357
53.75356523	40.73474176
53.76008983	40.73968614
53.72066477	40.70980962
53.74164986	40.72571223
53.75106462	40.73284679
53.71546711	40.7058708
53.75782774	40.73797192
53.75718868	40.73748764
53.72120709	40.71022059
53.75496714	40.73580414
53.76836332	40.74595584
53.72593747	40.71380529
53.76916611	40.7465642
53.78804857	40.76087343
53.73961202	40.72416794
53.76037581	40.73990285
53.78577243	40.75914855
53.75451862	40.73546425
53.76916144	40.74656065
53.80754657	40.77564912
53.75062525	40.73251383
53.75556981	40.73626084
53.79987197	40.76983326
53.7530299	40.73433609
53.7865088	40.75970658
53.81411422	40.78062611
53.77837649	40.75354387
53.79713091	40.76775607
53.80796876	40.77596905
53.78932219	40.76183858
53.77933635	40.75427126
53.82951405	40.79229619
53.8022338	40.77162307
53.79009251	40.76242234
53.83859521	40.79917794
53.79315095	40.76474003
53.77559248	40.75143413
53.83030414	40.79289492
53.79205598	40.76391026
53.82577552	40.78946311
53.83996734	40.80021775
53.80571625	40.77426209
53.80952399	40.77714761
53.84331376	40.80275368
53.80488249	40.77363026
53.81380161	40.78038922
53.85435828	40.81112328
53.81434072	40.78079776
53.82220592	40.78675805
53.86338168	40.81796126
53.82659065	40.79008082
53.82393244	40.78806641
53.87924903	40.82998562
53.82587008	40.78953477
53.80935522	40.77701972
53.88720646	40.83601581
53.849101	40.80713928
53.83513065	40.79655248
53.88240725	40.83237894
53.85996556	40.81537251
53.83828291	40.79894128
53.87259981	40.82494681
53.8753806	40.82705411
53.83719736	40.79811864
53.882733	40.8326258
53.87971446	40.83033833
53.85851816	40.81427566
53.86501504	40.81919903
53.90279861	40.84783162
53.87023908	40.82315783
53.88213114	40.83216971
53.91665273	40.85833035
53.87606972	40.82757633
53.88993892	40.83808648
53.91212721	40.85490089
53.88584415	40.83498345
53.89494183	40.84187771
53.90164927	40.84696065
53.89289825	40.84032908
53.8882441	40.83680214
53.93107217	40.86925748
53.90273602	40.8477842
53.88987139	40.8380353
53.92895443	40.86765264
53.89961494	40.84541902
53.89319103	40.84055095
53.92644707	40.86575255
53.92501977	40.86467094
53.89536622	40.84219932
53.93050967	40.86883122
53.93080357	40.86905393
53.88700784	40.8358653
53.9439984	40.87905304
53.95107299	40.88441421
53.89555842	40.84234497
53.96069393	40.89170501
53.92819106	40.86707416
53.88734866	40.83612357
53.96793043	40.89718887
53.9439621	40.87902554
53.93563265	40.87271343
53.97203902	40.90030238
53.95556625	40.88781922
53.93037545	40.8687295
53.96981211	40.89861482
53.96279244	40.89329527
53.93923388	40.87544247
53.94517959	40.87994816
53.96358554	40.89389629
53.94610856	40.88065214
53.97325268	40.9012221
53.9751875	40.90268831
53.96403473	40.89423669
53.97709734	40.90413561
53.98544645	40.9104626
53.97655153	40.90372199
53.97031643	40.89899699
54.00357966	40.92420405
53.96402952	40.89423274
53.97982988	40.90620634
54.00644535	40.92637568
53.99088883	40.91458687
53.98929569	40.91337957
54.00752612	40.9271947
54.00784153	40.92743371
53.99077579	40.91450121
54.00437636	40.92480779
54.00785496	40.92744389
53.99717024	40.91934695
53.99480338	40.91755333
54.00178657	40.92284523
54.01791502	40.93506746
53.9910788	40.91473083
54.02252359	40.93855986
54.03864264	40.95077496
54.02162744	40.93788075
54.01006854	40.92912135
54.03317501	40.94663156
54.03296408	40.94647172
54.04716241	40.95723129
54.03226405	40.94594123
54.01830659	40.93536419
54.03770318	40.95006303
54.03451414	40.94764636
54.05689832	40.96460922
54.02405339	40.93971915
54.05019781	40.95953153
54.06093004	40.96766448
54.05122144	40.96030724
54.07433469	40.97782259
54.07709277	40.97991267
54.04527447	40.9558006
54.06607851	40.97156601
54.05954665	40.96661613
54.04547594	40.95595328
54.07104162	40.97532708
54.09491952	40.99342189
54.0531053	40.96173485
54.07681628	40.97970315
54.10599301	41.00181344
54.06077397	40.9675462
54.09633506	40.99449459
54.1134994	41.00750182
54.04793182	40.95781435
54.08506496	40.98595405
54.12538544	41.01650913
54.07105111	40.97533428
54.08320453	40.9845442
54.15153984	41.03632907
54.06053797	40.96736736
54.07541791	40.97864346
54.13332572	41.02252631
54.08079494	40.9827182
54.09770393	40.99553192
54.15549372	41.03932534
54.08499082	40.98589787
54.08380003	40.98499547
54.15336596	41.03771291
54.09508056	40.99354392
54.1012306	40.99820446
54.15850751	41.0416092
54.11551792	41.00903146
54.11678345	41.00999049
54.17690505	41.05555096
54.12990111	41.01993113
54.10928029	41.00430456
54.19107894	41.06629201
54.12252681	41.01434284
54.12653232	41.01737824
54.18778907	41.06379893
54.137568	41.02574113
54.11773976	41.01071518
54.19496273	41.06923517
54.13155378	41.02118352
54.13550753	41.0241797
54.20401413	41.07609437
54.13478658	41.02363336
54.12881352	41.01910694
54.19549542	41.06963885
54.14250394	41.02948161
54.1479847	41.03363497
54.19824248	41.07172058
54.15794942	41.04118628
54.1432354	41.03003592
54.2007301	41.07360572
54.16576756	41.04711091
54.16678646	41.04788304
54.21547061	41.08477615
54.15920678	41.04213912
54.17224575	41.05202012
54.21682937	41.08580583
54.18919821	41.06486678
54.15767386	41.04097746
54.20386757	41.07598331
54.1861279	41.06254009
54.19086768	41.06613192
54.20424402	41.07626858
54.19366598	41.06825249
54.18668719	41.06296392
54.19867176	41.07204589
54.2141199	41.08375258
54.20161012	41.0742726
54.22316481	41.09060686
54.21868406	41.08721132
54.21155116	41.08180597
54.22568299	41.09251515
54.21655664	41.08559915
54.20402804	41.07610491
54.2261316	41.09285511
54.22604882	41.09279237
54.20836395	41.07939069
54.21292798	41.08284934
54.2244004	41.09154319
54.22454198	41.09165048
54.22992663	41.095731
54.24651883	41.10830466
54.22619374	41.0929022
54.25539954	41.11503451
54.26146255	41.11962909
54.24528016	41.10736599
54.24051074	41.1037517
54.265149	41.12242271
54.26477499	41.12213928
54.25520107	41.11488411
54.27617398	41.1307775
54.25340928	41.11352628
54.25922388	41.11793261
54.28947044	41.14085362
54.25941449	41.11807706
54.25703474	41.11627367
54.26207745	41.12009507
54.27109786	41.12693078
54.25418044	41.11411067
54.27774351	41.1319669
54.30034313	41.149093
54.25142598	41.11202332
54.27814834	41.13227367
54.28490629	41.13739489
54.25375403	41.11378753
54.2808757	41.13434048
54.30096329	41.14956297
54.29068278	41.14177234
54.28030675	41.13390933
54.32300523	41.16626647
54.29298472	41.14351676
54.25713045	41.1163462
54.31977048	41.16381516
54.30138526	41.14988274
54.29729372	41.14678215
54.34017457	41.17927749
54.31608736	41.16102406
54.29953238	41.14847861
54.35479545	41.19035727
54.30027529	41.1490416
54.29821492	41.14748023
54.37578561	41.20626372
54.29701547	41.14657128
54.28689983	41.1389056
54.38410217	41.21256606
54.31904476	41.1632652
54.30062924	41.14930982
54.37477785	41.20550004
54.33385851	41.17449114
54.29532376	41.1452893
54.38939929	41.21658025
54.33941955	41.17870533
54.27939497	41.13321837
54.42786483	41.24572964
54.34256143	41.18108626
54.32127032	41.16495174
54.39716205	41.2224629
54.37421026	41.20506991
54.32479674	41.16762408
54.39177047	41.21837713
54.38840925	41.21582999
54.31807414	41.16252966
54.39257529	41.21898703
54.38494791	41.21320696
54.32376803	41.16684452
54.42148539	41.24089526
54.38977886	41.21686788
54.36038266	41.19459129
54.41675832	41.23731307
54.38731102	41.21499774
54.37850597	41.20832523
54.41047091	41.23254843
54.39988297	41.22452483
54.38296848	41.21170694
54.41587756	41.23664562
54.39388287	41.21997792
54.39767125	41.22284878
54.41645615	41.23708408
54.38638316	41.2142946
54.41350536	41.23484796
54.40031298	41.22485069
54.40308458	41.22695103
54.39313115	41.21940826
54.41641203	41.23705064
54.41233143	41.23395834
54.42534908	41.24382319
54.43007686	41.24740592
54.42648005	41.24468024
54.41918517	41.23915214
54.43154085	41.24851535
54.43491453	41.25107194
54.43313789	41.24972559
54.42574931	41.24412649
54.43473599	41.25093664
54.41338497	41.23475672
54.4398535	41.25481472
54.43365083	41.2501143
54.43897313	41.25414757
54.44939648	41.26204644
54.45681311	41.2676668
54.45223358	41.26419641
54.43647827	41.25225695
54.44687257	41.26013381
54.44578143	41.25930694
54.44545216	41.25905741
54.47039944	41.2779626
54.46289379	41.27227477
54.45460881	41.26599637
54.47453212	41.28109436
54.46309043	41.27242379
54.46138096	41.27112834
54.47322325	41.2801025
54.48624706	41.28997201
54.44982815	41.26237356
54.50478512	41.30402025
54.47178367	41.27901157
54.47798792	41.28371318
54.50181921	41.30177267
54.47777573	41.28355238
54.46811012	41.27622774
54.5198336	41.31542406
54.49579588	41.29720815
54.46554745	41.27428573
54.53340677	41.32570989
54.50086467	41.30104931
54.45652812	41.26745084
54.52925848	41.32256629
54.51019382	41.30811899
54.47743097	41.28329113
54.54059027	41.33115358
54.52263864	41.31754975
54.47585212	41.28209467
54.54158657	41.33190858
54.51855032	41.31445159
54.48346694	41.28786522
54.53795131	41.32915377
54.55597915	41.34281536
54.47967162	41.28498911
54.55590802	41.34276145
54.5630457	41.34817043
54.51150953	41.30911605
54.55052837	41.33868473
54.54894021	41.33748122
54.52622618	41.3202684
54.53565802	41.3274159
54.55990357	41.34578931
54.52048446	41.31591729
54.53451858	41.32655243
54.59951352	41.37580594
54.53054064	41.32353792
54.57435497	41.35674066
54.60379468	41.37905023
54.53742861	41.32875766
54.54680726	41.33586485
54.585441	41.36514171
54.5757263	41.35777986
54.56508823	41.34971827
54.58221605	41.36269783
54.57251002	41.35534254
54.5602165	41.34602645
54.6067447	41.38128577
54.57661188	41.35845096
54.55772955	41.34414183
54.60368127	41.37896428
54.58976441	41.36841801
54.54046201	41.33105639
54.60987989	41.38366163
54.60980758	41.38360684
54.58305136	41.36333083
54.62424583	41.39454822
54.61298977	41.38601832
54.56178055	41.34721169
54.62206886	41.3928985
54.62935134	41.3984172
54.56544261	41.34998682
54.62742991	41.39696113
54.61228535	41.3854845
54.60319107	41.37859281
54.61522371	41.3877112
54.61935626	41.39084288
54.59427306	41.37183469
54.61442158	41.38710335
54.63232267	41.40066889
54.59810532	41.3747388
54.63467042	41.40244803
54.65202609	41.41560025
54.62881559	41.39801121
54.61489101	41.38745908
54.66030672	41.42187536
54.64219254	41.40814833
54.62930973	41.39838567
54.67290824	41.43142486
54.64535799	41.41054713
54.66453611	41.42508041
54.66476461	41.42525357
54.64644411	41.4113702
54.66387486	41.42457931
54.66690378	41.42687464
54.65203635	41.41560803
54.66177781	41.42299015
54.68708876	41.44217093
54.67827348	41.43549067
54.66117073	41.42253011
54.67317751	41.43162891
54.66517142	41.42556185
54.69071361	41.44491786
54.67668022	41.43428328
54.67344024	41.43182801
54.68017334	41.43693039
54.67278383	41.43133058
54.68097515	41.437538
54.69398379	41.44739602
54.68964493	41.44410801
54.67946215	41.43639144
54.70968017	41.45929082
54.67240703	41.43104504
54.66193115	41.42310636
54.72606233	41.47170531
54.69364552	41.44713968
54.67957184	41.43647457
54.70139031	41.45300872
54.71942578	41.4666761
54.68820826	41.44301929
54.72493997	41.47085478
54.70714419	41.45736905
54.67981834	41.43666136
54.73861721	41.48121947
54.7327494	41.47677281
54.68053897	41.43720746
54.72927345	41.47413872
54.75045494	41.49019017
54.68100237	41.43755863
54.73982663	41.48213597
54.75757868	41.49558857
54.694021	41.44742422
54.72779427	41.47301779
54.76874082	41.5040473
54.70926735	41.45897799
54.71377938	41.46239723
54.78641655	41.51744206
54.72414811	41.4702547
54.71575752	41.46389627
54.78405943	41.51565583
54.72748894	41.4727864
54.72239492	41.46892613
54.78147818	41.51369975
54.73587577	41.47914199
54.73518884	41.47862143
54.79691014	41.52539416
54.75867447	41.49641897
54.70770269	41.45779228
54.79053673	41.52056436
54.778551	41.51148151
54.73085492	41.47533716
54.80848558	41.53416609
54.77364841	41.5077663
54.74920961	41.48924645
54.80860004	41.53425283
54.7860187	41.51714057
54.74932921	41.48933708
54.80678235	41.53287538
54.79640631	41.52501236
54.77029292	41.5052235
54.80256437	41.52967897
54.81329139	41.53780796
54.79219665	41.52182226
54.80852663	41.5341972
54.81664003	41.54034558
54.78279821	41.51470007
54.81511043	41.53918644
54.83275813	41.55255996
54.80103943	41.52852336
54.80855185	41.53421631
54.82980453	41.55032171
54.80876492	41.53437778
54.81796375	41.5413487
54.83133492	41.55148145
54.81077278	41.53589935
54.82206155	41.54445404
54.84668581	41.56311443
54.82910608	41.54979242
54.81217123	41.5369591
54.83321536	41.55290646
54.84330958	41.56055591
54.83807877	41.55659198
54.85568664	41.56993532
54.83658969	41.55546354
54.8167164	41.54040345
54.87497653	41.5845533
54.84660597	41.56305393
54.83897874	41.55727397
54.86114266	41.57406992
54.86365814	41.57597616
54.83138753	41.55152132
54.86363297	41.57595709
54.87589355	41.58524822
54.85142354	41.56670471
54.85969639	41.57297393
54.88115264	41.58923359
54.86369414	41.57600344
54.86123697	41.57414138
54.87803982	41.58687467
54.8657736	41.57757926
54.86946325	41.5803753
54.87585413	41.58521835
54.87273659	41.58285586
54.90153542	41.60467976
54.87761153	41.58655011
54.88459092	41.59183913
54.89953639	41.60316489
54.89148377	41.59706258
54.87754313	41.58649828
54.89135913	41.59696812
54.9242497	41.62189277
54.87181973	41.58216106
54.90967155	41.61084537
54.90498559	41.60729432
54.89566794	41.60023336
54.91878998	41.61775537
54.91795246	41.61712069
54.92100187	41.61943155
54.9073131	41.60905812
54.88694651	41.59362421
54.91765818	41.61689768
54.92098936	41.61942207
54.90754802	41.60923614
54.91752827	41.61679923
54.93906791	41.63312209
54.90974786	41.6109032
54.93879415	41.63291463
54.9636528	41.65175265
54.91063685	41.61157688
54.93082985	41.62687924
54.95587189	41.64585624
54.95098017	41.64214926
54.91970505	41.61844881
54.98120494	41.66505376
54.96094542	41.64970098
54.92146621	41.61978343
54.98534735	41.6681929
54.9727505	41.65864694
54.9322497	41.62795522
54.97177082	41.65790453
54.96036295	41.64925959
54.91906822	41.61796622
54.96913817	41.65590949
54.96349819	41.65163549
54.94047334	41.63418713
54.97812395	41.66271896
54.97483175	41.66022412
54.9604251	41.64930668
54.98496459	41.66790284
54.9823546	41.66592498
54.97726614	41.66206891
54.99097781	41.67245969
55.00166504	41.68055854
54.96509439	41.65284509
54.99187736	41.67314137
55.00361798	41.68203848
54.9768686	41.66176765
54.99388837	41.67466533
55.00110338	41.68013291
55.00174178	41.68061669
54.98873796	41.67076233
55.00575289	41.68365632
55.02749173	41.70013014
54.98716364	41.66956929
55.01170714	41.68816849
55.01973419	41.69425143
55.01327712	41.68935823
55.02382687	41.69735288
55.0447009	41.71317134
55.01162605	41.68810704
55.01251331	41.68877941
55.03110731	41.70287005
55.02472427	41.69803294
55.03435154	41.70532854
55.03473804	41.70562143
55.00865726	41.68585728
55.03087676	41.70269533
55.03517015	41.70594889
55.03885011	41.70873758
55.03389055	41.7049792
55.03794497	41.70805166
55.06629612	41.72953631
55.03852809	41.70849355
55.03318059	41.70444118
55.06511232	41.72863923
55.06329843	41.72726464
55.04305035	41.71192055
55.0663361	41.72956661
55.0660574	41.72935541
55.05587359	41.72163806
55.05329265	41.71968222
55.07420077	41.7355265
55.03575812	41.70639445
55.06413755	41.72790054
55.09880858	41.75417443
55.06550656	41.72893798
55.06322505	41.72720904
55.08697972	41.74521046
55.05375057	41.72002923
55.0890878	41.74680797
55.08777082	41.74580995
55.05884857	41.72389252
55.09055384	41.74791895
55.09693705	41.75275618
55.06659831	41.72976532
55.09407359	41.75058623
55.12742455	41.77585977
55.07648469	41.73725727
55.08729712	41.74545098
55.14234605	41.78716736
55.0771186	41.73773765
55.08996826	41.74747519
55.15764274	41.79875928
55.09690553	41.75273229
55.10723458	41.7605597
55.14457348	41.78885532
55.10785541	41.76103017
55.09243018	41.74934084
55.14770267	41.79122664
55.11359421	41.76537906
55.1093799	41.76218543
55.14232241	41.78714945
55.11390668	41.76561585
55.11280776	41.76478308
55.1294487	41.77739368
55.13242187	41.77964676
55.12637675	41.77506574
55.13670633	41.78289355
55.12277028	41.77233274
55.14477305	41.78900656
55.15728764	41.79849018
55.12890225	41.77697958
55.13548367	41.78196701
55.16193861	41.80201471
55.13989635	41.78531097
55.15026173	41.7931659
55.18085587	41.81635031
55.16383821	41.80345424
55.17068598	41.80864351
55.18637573	41.82053329
55.1620252	41.80208033
55.15999773	41.8005439
55.19720748	41.82874165
55.17060714	41.80858377
55.15457085	41.79643138
55.20675853	41.83597948
55.17502285	41.81193002
55.16018471	41.8006856
55.19355106	41.8259708
55.19288357	41.82546496
55.17810166	41.81426316
55.18921698	41.8226864
55.18040755	41.81601057
55.19782506	41.82920966
55.19010017	41.82335569
55.18676694	41.82082975
55.19610394	41.82790538
55.20118793	41.83175806
55.21324569	41.84089549
55.20636973	41.83568486
55.22366755	41.84879323
55.20914568	41.83778848
55.19773842	41.829144
55.21296587	41.84068345
55.20673066	41.83595837
55.22774981	41.85188679
55.23464647	41.85711311
55.22339771	41.84858874
55.21441976	41.84178521
55.25421934	41.87194554
55.22567105	41.8503115
55.21971672	41.84579928
55.25705612	41.87409527
55.23605759	41.85818247
55.24876353	41.8678111
55.23328189	41.85607903
55.26644488	41.88121012
55.23649219	41.85851181
55.24455799	41.86462412
55.24348054	41.86380762
55.22716813	41.85144599
55.26381251	41.8792153
55.26413055	41.87945631
55.27390476	41.88686327
55.26023322	41.87650289
55.23920401	41.86056685
55.286998	41.89678539
55.25788236	41.8747214
55.26006005	41.87637166
55.28297041	41.89373326
55.27952693	41.89112377
55.28659479	41.89647984
55.28516862	41.89539908
55.28627824	41.89623995
55.29084042	41.8996972
55.29954035	41.90629005
55.28601398	41.89603969
55.29738546	41.90465707
55.29065346	41.89955551
55.31318232	41.91662801
55.29666792	41.9041133
55.28580383	41.89588044
55.31602694	41.91878367
55.32063689	41.92227712
55.29117629	41.89995172
55.32438976	41.92512107
55.33799633	41.9354322
55.31325633	41.91668409
55.3114963	41.91535033
55.33190705	41.93081771
55.31193647	41.9156839
55.31114279	41.91508244
55.34636464	41.94177375
55.30863822	41.91318446
55.32450873	41.92521123
55.35396082	41.94753018
55.33077535	41.9299601
55.32764586	41.92758856
55.35138201	41.94557594
55.3429995	41.93922363
55.32966243	41.92911672
55.37387234	41.96261923
55.3261927	41.92648734
55.35115711	41.94540551
55.39042282	41.97516128
55.33725431	41.93486989
55.34540536	41.9410468
55.3728407	41.96183745
55.34126163	41.93790666
55.35296376	41.9467746
55.37633798	41.96448771
55.36230779	41.95385556
55.35111371	41.94537262
55.38813512	41.97342765
55.37091531	41.96037838
55.36494329	41.95585275
55.37213139	41.96129993
55.37460106	41.96317146
55.38274583	41.96934361
55.38353497	41.96994163
55.3970238	41.98016353
55.39026418	41.97504106
55.39712719	41.98024189
55.40819336	41.98862789
55.38325066	41.96972617
55.40009431	41.98249038
55.42999836	42.00515183
55.3862523	41.97200083
55.38653561	41.97221552
55.42052657	41.99797406
55.40894536	41.98919776
55.38112504	41.96811537
55.41789136	41.99597709
55.43618813	42.00984247
55.38796936	41.97330203
55.40170028	41.98370739
55.4403677	42.01300977
55.40755446	41.98814373
55.40654558	41.98737919
55.4518191	42.02168771
55.41703836	41.99533067
55.44683187	42.01790836
55.45399422	42.02333603
55.43629636	42.00992449
55.41448721	41.9933974
55.44134509	42.01375045
55.4248744	42.00126887
55.41405034	41.99306634
55.45378622	42.02317841
55.45375987	42.02315843
55.45010121	42.02038588
55.44276602	42.01482723
55.4478495	42.01867952
55.44149873	42.01386688
55.44436107	42.01603597
55.47555538	42.03967519
55.45078934	42.02090735
55.45169441	42.02159322
55.49350412	42.05327684
55.46690973	42.03312347
55.43097234	42.00588992
55.49494746	42.05437061
55.47020605	42.03562144
55.46898855	42.03469881
55.50930814	42.06525322
55.48544291	42.04716801
55.45963285	42.02760901
55.49714632	42.05603692
55.50097165	42.05893577
55.45887229	42.02703265
55.50994729	42.06573756
55.51621863	42.07049002
55.46885706	42.03459917
55.49958751	42.05788687
55.53774349	42.08680167
55.48339088	42.04561297
55.49862549	42.05715784
55.52454051	42.07679639
55.51316842	42.06817856
55.50259083	42.0601628
55.54950577	42.0957152
55.49358555	42.05333855
55.51204961	42.06733071
55.56244249	42.10551871
55.50636578	42.06302348
55.51569294	42.07009165
55.56408784	42.10676556
55.52950547	42.08055886
55.5102636	42.06597726
55.54701109	42.09382471
55.55222655	42.09777702
55.51498315	42.06955377
55.55434226	42.09938031
55.54195267	42.08999141
55.50745842	42.06385149
55.56868223	42.11024722
55.56545412	42.10780094
55.53142729	42.08201522
55.55403154	42.09914485
55.58496986	42.12259007
55.54049411	42.08888611
55.56114574	42.10453603
55.5796852	42.11858533
55.54836236	42.09484871
55.56534561	42.10771871
55.58232142	42.12058307
55.56926651	42.11068999
55.55493118	42.0998266
55.58649234	42.12374382
55.57328598	42.11373597
55.6053115	42.13800508
55.5962033	42.13110284
55.55812043	42.10224343
55.60149595	42.13511363
55.59378701	42.12927175
55.60428154	42.13722457
55.57669616	42.11632022
55.60084474	42.13462015
55.60286637	42.13615215
55.58247686	42.12070086
55.60965605	42.1412974
55.62080457	42.14974581
55.57689684	42.11647229
55.62116967	42.15002248
55.62539603	42.15322525
55.59890493	42.13315014
55.61588372	42.14601676
55.5971921	42.13185215
55.6165973	42.14655752
55.62451029	42.15255403
55.59745597	42.13205212
55.61676036	42.14668109
55.63881929	42.16339746
55.61128986	42.14253551
55.63811846	42.16286637
55.6503106	42.17210564
55.61198457	42.14306197
55.63632324	42.16150594
55.66628115	42.18420821
55.61873819	42.1481799
55.63582923	42.16113158
55.66644678	42.18433372
55.63488976	42.16041964
55.61686897	42.14676339
55.66687425	42.18465766
55.64672082	42.16938529
55.60366229	42.1367553
55.67221353	42.18870379
55.6685479	42.18592596
55.6144642	42.14494105
55.6804716	42.19496181
55.67478729	42.19065421
55.63518037	42.16063987
55.68583696	42.1990277
55.67305037	42.18933796
55.67136384	42.1880599
55.6848497	42.19827955
55.67462195	42.19052891
55.66677644	42.18458354
55.6892995	42.20165164
55.68393638	42.19758744
55.6770822	42.1923933
55.69480596	42.20582446
55.68887728	42.20133168
55.68934797	42.20168837
55.68793078	42.20061441
55.6981819	42.20838277
55.70207736	42.21133477
55.67847993	42.19345251
55.71926807	42.22436198
55.70241384	42.21158976
55.66958557	42.18671232
55.72573069	42.22925939
55.7127894	42.21945241
55.7005618	42.21018627
55.72636383	42.22973918
55.70574041	42.21411064
55.70839026	42.21611872
55.72250209	42.22681274
55.71347422	42.21997137
55.73369252	42.23529291
55.70910009	42.21665663
55.7306664	42.2329997
55.74396936	42.24308076
55.73836918	42.23883691
55.74382824	42.24297381
55.7550536	42.25148045
55.73712808	42.23789639
55.7272739	42.23042884
55.7412038	42.240985
55.72397023	42.2279253
55.74343443	42.24267538
55.75190874	42.24909726
55.74725103	42.24556762
55.75458029	42.25112177
55.75636043	42.25247077
55.76201008	42.25675211
55.73243199	42.23433767
55.76079883	42.25583422
55.76913264	42.26214962
55.74966951	42.24740036
55.76716249	42.26065663
55.76960342	42.26250638
55.73705671	42.23784231
55.76691725	42.26047079
55.7852679	42.27437701
55.73676173	42.23761877
55.77428083	42.26605095
55.78470097	42.27394739
55.76236008	42.25701734
55.79509571	42.28182458
55.78971764	42.27774904
55.7747731	42.26642399
55.80443641	42.288903
55.80336774	42.28809316
55.79549369	42.28212617
55.80716886	42.29097367
55.80885441	42.292251
55.79536827	42.28203112
55.80535901	42.28960216
55.80881547	42.29222148
55.81219832	42.29478502
55.77318681	42.26522189
55.84134271	42.3168708
55.81504362	42.29694121
55.79722187	42.28343579
55.84567818	42.32015624
55.81282876	42.29526278
55.7999558	42.28550758
55.83132322	42.30927798
55.82631713	42.30548434
55.81547673	42.29726942
55.84717419	42.32128993
55.82033716	42.30095269
55.82520304	42.30464007
55.84421297	42.3190459
55.82608463	42.30530815
55.81221384	42.29479679
55.83688776	42.31349481
55.84573206	42.32019708
55.82345554	42.30331581
55.83599079	42.31281509
55.87293997	42.34081538
55.82698338	42.30598922
55.85000384	42.32343425
55.87326147	42.34105901
55.83707709	42.31363829
55.85411948	42.32655311
55.88137116	42.34720458
55.84780307	42.3217665
55.86000508	42.33101324
55.8923977	42.35556055
55.85903653	42.33027928
55.86027078	42.33121459
55.88933205	42.35323738
55.89301428	42.3560278
55.86746358	42.33666534
55.88137014	42.3472038
55.90479329	42.36495399
55.86581124	42.33541318
55.87410632	42.34169924
55.90791491	42.36731957
55.87287369	42.34076515
55.87312833	42.34095812
55.92378332	42.37934474
55.88264353	42.34816879
55.87934094	42.34566606
55.9472464	42.39712519
55.91584269	42.37332729
55.86016336	42.33113319
55.92732325	42.38202732
55.9293122	42.38353455
55.86204072	42.33255586
55.91741782	42.37452093
55.94298912	42.393899
55.87938014	42.34569577
55.88115902	42.34704382
55.99021896	42.42969003
55.88568726	42.35047534
55.89117557	42.35463441
56.00416624	42.44025935
55.90065572	42.36181852
55.90962627	42.36861645
55.98651926	42.42688638
55.93241998	42.38588965
55.90154063	42.36248911
55.98127622	42.42291317
55.94959228	42.39890291
55.89914781	42.36067582
55.98028755	42.42216395
55.98176588	42.42328423
55.92285942	42.3786446
55.94977338	42.39904015
56.00087604	42.43776602
55.92895002	42.38326009
55.93525167	42.38803552
55.98013126	42.42204551
55.92726251	42.38198129
55.96360277	42.40952014
55.99861549	42.43605296
55.94853116	42.39809879
55.94497681	42.39540528
55.98976591	42.4293467
55.96958071	42.41405025
55.9639966	42.40981858
56.00803137	42.44318837
55.97905562	42.42123039
55.96259129	42.40875363
56.00149148	42.43823241
56.02810512	42.45840036
55.9743891	42.41769407
55.99571861	42.4338577
55.99955521	42.43676509
55.9834106	42.42453062
56.01565514	42.4489657
56.01932121	42.45174387
55.99460656	42.43301497
56.00538449	42.44118254
56.01436356	42.44798693
56.02338576	42.45482401
56.00011985	42.43719297
56.01429907	42.44793807
56.00495642	42.44085815
56.00068185	42.43761886
56.03169877	42.46112365
56.03048949	42.46020725
56.04026694	42.46761666
56.05830134	42.48128323
56.05557831	42.4792197
56.01662133	42.44969789
56.05869354	42.48158043
56.04942253	42.47455481
56.04566253	42.47170546
56.04221637	42.46909395
56.04563847	42.47168723
56.06098341	42.48331571
56.04194697	42.46888979
56.04632843	42.47221008
56.06711212	42.48796008
56.05479977	42.47862971
56.05814924	42.48116796
56.07142356	42.49122731
56.06626484	42.48731801
56.07191923	42.49160294
56.06042309	42.48289109
56.05799198	42.48104879
56.07947199	42.49732646
56.07827212	42.49641718
56.08204787	42.49927847
56.0741392	42.49328524
56.10082686	42.51350929
56.05741229	42.4806095
56.09219202	42.50696576
56.10535761	42.51694272
56.07202914	42.49168622
56.07738237	42.49574293
56.0918708	42.50672234
56.07954283	42.49738014
56.08222226	42.49941063
56.10634057	42.51768761
56.11108685	42.52128436
56.09328738	42.50779583
56.07771054	42.49599162
56.11402342	42.52350972
56.12025084	42.52822889
56.11602618	42.52502742
56.10059477	42.51333341
56.10302534	42.51517531
56.10966633	42.52020789
56.10808203	42.5190073
56.13682162	42.54078631
56.12144697	42.52913532
56.10857607	42.51938168
56.12749984	42.53372222
56.13122477	42.53654499
56.11040328	42.52076636
56.12988267	42.53552794
56.16444884	42.56172237
56.11735603	42.52603519
56.12689485	42.53326376
56.15107089	42.55158449
56.12994885	42.53557809
56.12844264	42.53443668
56.15486062	42.55445637
56.14350043	42.54584755
56.1444145	42.54654024
56.1511238	42.55162458
56.1618356	42.55974205
56.13241105	42.53744396
56.15872623	42.55738575
56.18468754	42.57705937
56.15432933	42.55405375
56.16407648	42.56144019
56.1731086	42.56828479
56.1705229	42.56632532
56.14969649	42.55054296
56.18150838	42.57465018
56.17374298	42.56876552
56.14464248	42.54671301
56.17502077	42.56973384
56.19457609	42.58455296
56.16041359	42.55866444
56.188835	42.58020234
56.20282867	42.59080681
56.14775973	42.54907528
56.18801658	42.57958213
56.20193394	42.59012878
56.17984784	42.57339182
56.18128593	42.57448161
56.21883949	42.6029399
56.19870903	42.58768493
56.19014633	42.58119606
56.23217708	42.6130472
56.21150252	42.5973799
56.18088801	42.57418006
56.23793185	42.61740819
56.22329402	42.60631557
56.18671927	42.57859902
56.23805971	42.61750509
56.2558886	42.63101591
56.19661071	42.58609481
56.21539274	42.60032793
56.27288782	42.64389801
56.19902827	42.58792685
56.21234214	42.59801617
56.26216121	42.63576933
56.23635457	42.61621292
56.20331057	42.591172
56.26724392	42.63962104
56.24876736	42.6256194
56.20206129	42.59022529
56.25571074	42.63088113
56.27131641	42.64270719
56.20764246	42.59445473
56.25836505	42.63289258
56.29383223	42.6597698
56.20891463	42.59541879
56.27679523	42.64685907
56.28774733	42.65515863
56.22159017	42.60502438
56.25619788	42.63125029
56.30626428	42.66919087
56.2439675	42.62198204
56.24336684	42.62152686
56.29204857	42.65841813
56.25838575	42.63290827
56.25991782	42.63406928
56.30781323	42.67036468
56.28952045	42.65650231
56.27501444	42.64550958
56.29853543	42.66333391
56.30486167	42.66812797
56.26578267	42.63851369
56.28562446	42.65354991
56.30143211	42.66552903
56.29104073	42.65765439
56.27173291	42.64302282
56.33391133	42.69014196
56.29595416	42.66137781
56.2927085	42.65891824
56.33341271	42.68976411
56.28920588	42.65626393
56.29536286	42.66092972
56.33267039	42.68920157
56.30192932	42.66590582
56.30727158	42.66995422
56.32439349	42.68292929
56.30811874	42.67059619
56.31391148	42.67498597
56.32220695	42.68127231
56.31948376	42.67920867
56.31658949	42.67701537
56.32956857	42.68685099
56.34020827	42.69491381
56.30806259	42.67055365
56.34843928	42.70115132
56.34306372	42.69707769
56.30375849	42.66729198
56.33180779	42.68854788
56.37690412	42.72272213
56.33101183	42.68794471
56.33924782	42.69418598
56.38568333	42.72937506
56.34045742	42.69510263
56.32163887	42.68084182
56.38148976	42.72619715
56.36117472	42.71080231
56.34824037	42.70100058
56.3512375	42.70327182
56.37745934	42.72314288
56.34515881	42.69866536
56.37329249	42.71998522
56.38989691	42.73256814
56.36558313	42.71414302
56.3743434	42.7207816
56.4027099	42.74227789
56.36438612	42.71323592
56.3560695	42.70693354
56.41835774	42.75413591
56.36257767	42.71186547
56.35917821	42.70928934
56.41307044	42.75012916
56.39262673	42.7346368
56.38434869	42.72836367
56.41690412	42.75303434
56.38784324	42.73101185
56.35781441	42.70825585
56.40340813	42.74280701
56.40780341	42.74613778
56.36450547	42.71332636
56.41912542	42.75471766
56.42356123	42.75807914
56.35987218	42.70981523
56.41395581	42.7508001
56.44240053	42.77235566
56.3873402	42.73063064
56.40494112	42.74396872
56.44371989	42.77335548
56.41424265	42.75101747
56.38957443	42.73232376
56.45818274	42.78431551
56.4447469	42.77413375
56.40121336	42.7411438
56.45162821	42.77934845
56.43795845	42.76898943
56.40813306	42.74638759
56.45297753	42.78037097
56.47531678	42.79729977
56.4136208	42.75054623
56.44496686	42.77430044
56.47234565	42.79504824
56.43271767	42.76501794
56.41845925	42.75421283
56.47144463	42.79436544
56.45024096	42.77829718
56.41916985	42.75475133
56.48874814	42.80747813
56.47352965	42.79594547
56.43040564	42.76326587
56.47467315	42.79681203
56.48343516	42.80345193
56.42707068	42.76073862
56.46759908	42.79145125
56.47970409	42.8006245
56.42279819	42.7575009
56.46836375	42.79203073
56.5062997	42.82077879
56.46362476	42.7884395
56.46558787	42.78992716
56.50342203	42.81859808
56.46370936	42.78850361
56.4487249	42.7771483
56.51280439	42.82570809
56.49245045	42.81028376
56.45408476	42.78121003
56.49465913	42.81195751
56.51127224	42.82454701
56.48568087	42.80515374
56.49770386	42.81426483
56.54506396	42.85015456
56.48550733	42.80502223
56.50752161	42.82170476
56.53841943	42.8451193
56.49368969	42.81122286
56.49871487	42.81503097
56.53348801	42.84138224
56.51654866	42.82854551
56.48285656	42.80301346
56.55813533	42.86006012
56.53109462	42.83956852
56.49402626	42.81147792
56.54042175	42.84663667
56.53362694	42.84148753
56.48837181	42.80719294
56.52851819	42.83761609
56.55947867	42.86107811
56.50268967	42.81804309
56.52797387	42.8372036
56.57350968	42.87171088
56.53169552	42.84002388
56.53444347	42.8421063
56.57553302	42.87324418
56.5491882	42.85327994
56.50258245	42.81796185
56.56885471	42.86818332
56.56212258	42.86308168
56.53849142	42.84517386
56.5723347	42.87082047
56.57720916	42.87451437
56.53996353	42.84628943
56.56800808	42.86754174
56.58624005	42.88135803
56.55955817	42.86113835
56.5605011	42.86185291
56.59708747	42.88957826
56.56846477	42.86788783
56.57778284	42.8749491
56.63065773	42.91501799
56.57441339	42.87239572
56.54628014	42.85107619
56.6196341	42.90666422
56.60525878	42.89577052
56.55065015	42.85438781
56.62313845	42.90931983
56.60464163	42.89530284
56.56597416	42.86600042
56.58731082	42.88216946
56.61903976	42.90621382
56.56867224	42.86804505
56.6038501	42.89470302
56.62665671	42.91198599
56.5805225	42.87702524
56.59162327	42.88543746
56.65559449	42.93391519
56.60545586	42.89591987
56.61374931	42.90220469
56.65678342	42.93481617
56.6024157	42.89361602
56.61127174	42.90032718
56.6451972	42.92603607
56.61683439	42.90454258
56.62329293	42.9094369
56.66063345	42.93773375
56.65572898	42.93401711
56.61871402	42.90596697
56.65628004	42.93443471
56.65988046	42.93716313
56.63132042	42.91552017
56.64270688	42.92414889
56.68306111	42.95472954
56.64574977	42.92645481
56.64366978	42.92487858
56.66321218	42.93968792
56.67079826	42.94543669
56.64462261	42.92560064
56.67190301	42.94627388
56.68263835	42.95440918
56.66661163	42.94226404
56.65254609	42.9316051
56.70519994	42.97150647
56.67900819	42.95165822
56.65872119	42.93628463
56.71581239	42.97954864
56.68270431	42.95445916
56.65231157	42.93142738
56.69835839	42.96632191
56.6950206	42.96379252
56.65665707	42.93472042
56.72003244	42.98274662
56.69061814	42.96045631
56.66659875	42.94225428
56.71576439	42.97951227
56.71430788	42.97840852
56.66477133	42.94086946
56.68072191	42.95295689
56.72453008	42.98615496
56.67749231	42.95050948
56.67966006	42.95215221
56.7289118	42.98947544
56.69820435	42.96620518
56.66502695	42.94106316
56.71719857	42.9805991
56.71000493	42.97514772
56.69009302	42.96005837
56.72597579	42.98725052
56.72849974	42.98916318
56.69942711	42.96713179
56.73306856	42.99262546
56.73414591	42.99344188
56.72207251	42.9842926
56.7281032	42.98886269
56.74730234	43.00341189
56.72644147	42.98760341
56.74751881	43.00357594
56.75844232	43.01185383
56.74388321	43.00082086
56.74079167	42.99847808
56.77551167	43.02478908
56.74252827	42.99979408
56.7202109	42.98288185
56.7607526	43.01360458
56.78471583	43.03176404
56.72130117	42.98370807
56.76165515	43.01428854
56.77999011	43.02818286
56.75211963	43.00706247
56.76664301	43.01806836
56.76974286	43.02041744
56.75626713	43.01020546
56.79813213	43.04193099
56.78472684	43.03177239
56.75933318	43.01252893
56.77980549	43.02804296
56.78445129	43.03156357
56.78536537	43.03225627
56.77882976	43.02730355
56.79832375	43.0420762
56.77340553	43.02319303
56.75947961	43.0126399
56.82616583	43.06317508
56.80803484	43.04943531
56.7958007	43.04016422
56.80600121	43.04789422
56.81768519	43.0567484
56.79412459	43.03889405
56.78764124	43.03398093
56.80476246	43.04695548
56.81087117	43.0515847
56.80771249	43.04919103
56.81752467	43.05662676
56.82634903	43.0633139
56.80212765	43.04495882
56.82460344	43.06199109
56.8656899	43.09312663
56.83560629	43.0703291
56.81986349	43.05839913
56.84580148	43.07805507
56.83325576	43.06854786
56.82018693	43.05864424
56.84874276	43.08028399
56.86175708	43.09014632
56.81120325	43.05183635
56.85514616	43.08513652
56.85535265	43.08529301
56.83957791	43.07333882
56.85226879	43.08295604
56.87503077	43.10020519
56.84859024	43.08016841
56.85594644	43.08574298
56.88694951	43.10923728
56.84591298	43.07813957
56.84065815	43.07415743
56.89774782	43.1174203
56.8558678	43.08568339
56.86126818	43.08977583
56.8886452	43.11052228
56.88322635	43.10641584
56.85335898	43.08378219
56.89178749	43.11290353
56.89627663	43.11630542
56.8540018	43.08426932
56.89141468	43.11262101
56.88108436	43.10479264
56.86089804	43.08949533
56.87060815	43.09685371
56.89999039	43.11911972
56.87210403	43.09798729
56.87176143	43.09772766
56.91632131	43.13149539
56.89652022	43.11649001
56.88706457	43.10932447
56.89969232	43.11889385
56.90620548	43.12382956
56.89849615	43.11798739
56.89729384	43.11707627
56.9097414	43.1265091
56.90116099	43.12000681
56.91346042	43.12932738
56.91365453	43.12947448
56.90880759	43.12580145
56.94197766	43.15093791
56.89743336	43.11718199
56.91409356	43.12980719
56.95345934	43.15963879
56.92844872	43.1406856
56.90868094	43.12570547
56.94142263	43.1505173
56.94078627	43.15003506
56.91670322	43.1317848
56.95164284	43.15826223
56.96404652	43.16766181
56.91382428	43.12960312
56.93364381	43.14462247
56.96925623	43.17160976
56.93884407	43.14856326
56.95568607	43.16132621
56.94923281	43.1564359
56.95923962	43.16401911
56.96221236	43.16627187
56.95993027	43.16454249
56.97462055	43.17567486
56.96184347	43.16599233
56.94574712	43.15379442
56.98294329	43.18198188
56.96896054	43.17138568
56.94163197	43.15067594
56.99528338	43.19133327
56.98447958	43.18314609
56.94442685	43.15279391
56.9944356	43.19069082
56.99172605	43.1886375
56.95765782	43.16282042
56.99186555	43.18874322
57.00651898	43.19984767
56.98473235	43.18333764
56.97261606	43.17415585
57.00571041	43.19923493
56.99944584	43.1944876
56.9697038	43.17194892
56.99986047	43.19480181
57.01133426	43.20349671
57.00406393	43.19798722
56.99509409	43.19118983
57.02160302	43.21127843
56.99919362	43.19429647
57.00599989	43.1994543
57.0450872	43.22907487
57.01740868	43.20809994
57.01308373	43.20482247
57.02660013	43.21506527
57.0247525	43.21366513
57.00308606	43.19724618
57.02253569	43.21198521
57.05411179	43.23591376
57.01673547	43.20758978
57.02531539	43.21409169
57.07824652	43.25420319
57.01980948	43.20991928
57.0022972	43.19664837
57.09925571	43.27012406
57.03294497	43.21987342
57.00515417	43.19881341
57.07917009	43.25490307
57.05889214	43.23953633
57.01936183	43.20958005
57.07636459	43.25277704
57.07081475	43.24857135
57.0268356	43.21524371
57.06015271	43.24049159
57.08206546	43.2570972
57.03664619	43.22267823
57.06509086	43.24423375
57.0854589	43.25966877
57.06450413	43.24378913
57.06239755	43.24219275
57.08265983	43.25754761
57.07315105	43.25034181
57.06149135	43.24150602
57.06975573	43.24776882
57.08805744	43.26163795
57.06875769	43.2470125
57.09334058	43.26564154
57.09496433	43.26687203
57.07771373	43.25379943
57.08026353	43.25573169
57.1176561	43.28406798
57.08283666	43.25768161
57.08406864	43.25861522
57.09696027	43.26838456
57.10620307	43.27538881
57.08894031	43.262307
57.10704966	43.27603036
57.12047856	43.28620685
57.11283655	43.28041569
57.08923128	43.26252749
57.13221217	43.29509864
57.10885954	43.2774019
57.11405901	43.28134208
57.13084934	43.29406589
57.11451439	43.28168717
57.1119708	43.27975962
57.15184402	43.30997576
57.1202869	43.28606161
57.11473712	43.28185596
57.14585686	43.30543867
57.13483448	43.29708584
57.13899677	43.30024005
57.1262734	43.29059821
57.15259868	43.31054765
57.12168918	43.28712427
57.13776681	43.29930798
57.15361064	43.31131452
57.14331221	43.30351031
57.13885147	43.30012994
57.16844584	43.32255672
57.15661314	43.31358983
57.1582847	43.31485655
57.16401098	43.31919596
57.14638926	43.30584212
57.16764852	43.3219525
57.18101653	43.33208285
57.17716087	43.32916101
57.17548259	43.3278892
57.19466164	43.34242319
57.19321343	43.34132572
57.15456793	43.31203996
57.19340331	43.34146962
57.2043402	43.34975766
57.15010767	43.30865995
57.19559178	43.34312806
57.21639373	43.35889189
57.16675022	43.32127177
57.17957962	43.33099395
57.22604397	43.36620489
57.17507154	43.3275777
57.19195753	43.340374
57.25414466	43.38749975
57.19704564	43.3442298
57.18873018	43.33792829
57.2272638	43.36712928
57.22257602	43.36357686
57.19732439	43.34444104
57.21196139	43.35553303
57.22626159	43.3663698
57.1999491	43.34643005
57.2011638	43.34735056
57.25120794	43.38527428
57.21918642	43.3610082
57.18888739	43.33804743
57.2357549	43.37356388
57.25128353	43.38533156
57.21872261	43.36065673
57.22384719	43.36454016
57.25978884	43.39177694
57.21456923	43.35750927
57.21994195	43.36158075
57.2554786	43.38851061
57.23930136	43.37625141
57.21795822	43.36007746
57.24794083	43.38279845
57.26713087	43.39734076
57.23033605	43.36945745
57.25564033	43.38863317
57.27546029	43.40365284
57.23547497	43.37335175
57.25982103	43.39180132
57.28531754	43.41112272
57.25898071	43.39116453
57.25732271	43.38990808
57.28049976	43.40747178
57.27203252	43.40105526
57.2591274	43.39127569
57.27797545	43.40555885
57.26861792	43.39846766
57.28530951	43.41111663
57.28197146	43.40858704
57.29348047	43.41730864
57.25808386	43.39048489
57.27320012	43.40194007
57.29951983	43.42188529
57.2968837	43.41988762
57.29049296	43.41504468
57.28916801	43.41404063
57.29556353	43.41888718
57.28610623	43.41172039
57.30385495	43.42517046
57.33382656	43.44788312
57.31796549	43.43586351
57.28020939	43.40725173
57.32235263	43.43918811
57.31469925	43.43338834
57.28094221	43.40780707
57.32846408	43.4438194
57.31776622	43.4357125
57.29497088	43.41843808
57.31627342	43.43458126
57.33471112	43.44855344
57.2923809	43.41647537
57.30652499	43.42719384
57.34761389	43.45833123
57.33402296	43.44803195
57.3155733	43.4340507
57.33850919	43.45143164
57.33915742	43.45192287
57.30530191	43.42626698
57.3387104	43.45158412
57.34605115	43.45714698
57.31383711	43.432735
57.33788635	43.45095965
57.35629803	43.46491212
57.32286639	43.43957744
57.3430388	43.4548642
57.3498087	43.45999447
57.31452462	43.433256
57.34679832	43.45771318
57.3783681	43.48163694
57.34423219	43.45576856
57.35302306	43.46243033
57.37261076	43.47727399
57.35769952	43.46597418
57.3271381	43.44281457
57.41261247	43.5075875
57.37687167	43.48050293
57.33504236	43.44880445
57.37035467	43.47556432
57.35938674	43.46725276
57.34118411	43.45345871
57.40076173	43.49860695
57.40397142	43.50103927
57.35881741	43.46682132
57.38339683	43.48544773
57.3949714	43.49421901
57.38920152	43.48984656
57.40313868	43.50040822
57.40559509	43.50226969
57.40217983	43.49968159
57.37418613	43.47846782
57.42135216	43.51421049
57.39976007	43.49784789
57.38071515	43.48341555
57.40856607	43.50452112
57.41578873	43.50999449
57.37900094	43.4821165
57.41859542	43.51212142
57.43415936	43.52391585
57.38627982	43.48763248
57.42042656	43.51350906
57.43843415	43.52715531
57.39084259	43.49109017
57.40655848	43.50299975
57.44123855	43.5292805
57.41621265	43.51031574
57.41861998	43.51214002
57.42759638	43.51894239
57.45261294	43.53790008
57.42667673	43.51824547
57.42691715	43.51842767
57.45244208	43.5377706
57.44668164	43.5334053
57.41118103	43.50650275
57.46931336	43.55055574
57.44121861	43.52926539
57.4322658	43.5224809
57.47704628	43.55641579
57.44277799	43.5304471
57.44001009	43.52834957
57.46491773	43.54722471
57.50419808	43.57699157
57.41784745	43.5115546
57.4371793	43.52620438
57.48230469	43.56040064
57.45786094	43.54187704
57.43033171	43.52101524
57.50343044	43.57640985
57.45792239	43.54192361
57.44770198	43.53417852
57.49613925	43.57088455
57.50171735	43.57511166
57.43687975	43.52597738
57.48537863	43.56273009
57.51572063	43.58572343
57.45717833	43.54135975
57.47547443	43.55522464
57.52027314	43.58917334
57.47331462	43.55358792
57.4589958	43.54273704
57.52486589	43.59265375
57.48066768	43.55916011
57.47463792	43.55459073
57.51008152	43.58145008
57.49058584	43.56667614
57.47683486	43.55625558
57.50647806	43.57871935
57.50818053	43.58000949
57.50742323	43.57943561
57.51321349	43.5838235
57.52646486	43.59386546
57.51740905	43.58700292
57.48591059	43.56313321
57.51776852	43.58727533
57.53891965	43.60330376
57.4996149	43.57351841
57.50854126	43.58028286
57.56199001	43.62078661
57.52609811	43.59358754
57.53506155	43.60038008
57.55117392	43.61259012
57.54245702	43.60598441
57.52748172	43.59463604
57.52547905	43.59311841
57.55536047	43.61576271
57.53296607	43.59879211
57.5296965	43.59631442
57.57222495	43.6285427
57.54817196	43.61031521
57.53459952	43.60002995
57.54512833	43.60800874
57.564984	43.62305547
57.53205474	43.5981015
57.56620041	43.62397727
57.56935569	43.62636836
57.56219944	43.62094531
57.57705768	43.63220497
57.58557726	43.63866115
57.55147957	43.61282174
57.56330384	43.62178224
57.58436352	43.63774138
57.5672682	43.62478645
57.55262635	43.61369078
57.58893392	43.64120485
57.59381235	43.64490175
57.5436184	43.6068645
57.57409565	43.62996033
57.6137304	43.65999576
57.56504966	43.62310523
57.5903485	43.64227683
57.6319323	43.67378926
57.58047227	43.63479257
57.58214153	43.63605754
57.60922422	43.65658095
57.59479332	43.64564513
57.58526624	43.63842546
57.62061105	43.66520995
57.62326519	43.66722127
57.59318539	43.64442664
57.60748527	43.65526317
57.62736379	43.67032721
57.59450942	43.64542999
57.61937102	43.66427025
57.65007774	43.68753997
57.61675881	43.6622907
57.62422069	43.66794536
57.64739918	43.68551014
57.60736896	43.65517503
57.62123638	43.66568383
57.64337198	43.6824583
57.66474776	43.69865699
57.60475682	43.65319553
57.64725102	43.68539786
57.65491091	43.69120257
57.62085007	43.66539108
57.64856719	43.68639526
57.65874557	43.69410849
57.65475577	43.691085
57.63115393	43.6731994
57.65206311	43.68904449
57.66659175	43.70005438
57.65201806	43.68901035
57.66659817	43.70005924
57.66949494	43.70225443
57.65501521	43.69128161
57.68159993	43.71142766
57.66277742	43.69716385
57.67017699	43.70277129
57.66179698	43.69642087
57.6748236	43.70629251
57.68876071	43.71685413
57.66136265	43.69609173
57.67187022	43.70405443
57.70981021	43.73280556
57.6769264	43.70788603
57.6682433	43.70130593
57.70856237	43.73185993
57.69206395	43.71935734
57.67467631	43.7061809
57.70204751	43.72692294
57.71383917	43.73585873
57.67303421	43.7049365
57.69033616	43.71804801
57.72682825	43.74570192
57.70889258	43.73211017
57.68186021	43.7116249
57.74562048	43.75994277
57.72405384	43.74359945
57.68479156	43.71384629
57.73731752	43.75365074
57.73029835	43.74833158
57.69817397	43.72398755
57.72291345	43.74273526
57.73520198	43.75204757
57.71552465	43.73713599
57.70713537	43.73077854
57.75017167	43.76339168
57.73231309	43.74985836
57.70112952	43.72622728
57.75273259	43.76533237
57.76781074	43.77675867
57.67632457	43.70742995
57.73949899	43.75530387
57.7883917	43.79235503
57.71215624	43.73458339
57.74549084	43.75984453
57.79935199	43.8006608
57.72573628	43.74487442
57.71554909	43.73715451
57.76859746	43.77735485
57.75515983	43.76717174
57.70681337	43.73053454
57.77928918	43.78545709
57.77302011	43.78070636
57.74372684	43.75850776
57.7737124	43.78123098
57.79495742	43.79733057
57.75080201	43.76386936
57.77685969	43.78361601
57.79959914	43.80084809
57.75891496	43.7700174
57.7668619	43.77603963
57.81720867	43.81419269
57.76441177	43.77418291
57.75047398	43.76362078
57.81925889	43.81574635
57.79838758	43.79992996
57.77097469	43.77915633
57.79328057	43.79605985
57.80908808	43.80803886
57.8097279	43.80852372
57.78785776	43.79195041
57.81381112	43.811618
57.81039561	43.80902971
57.81190341	43.81017233
57.81735818	43.81430598
57.82342852	43.81890612
57.82159839	43.81751924
57.81497219	43.81249787
57.81683623	43.81391045
57.82268747	43.81834455
57.81834152	43.81505117
57.83768483	43.82970963
57.85306321	43.84136345
57.82167455	43.81757696
57.83085939	43.82453727
57.84949391	43.83865862
57.81331585	43.81124268
57.83897406	43.83068662
57.84841626	43.83784197
57.8515603	43.84022454
57.84557095	43.83568577
57.85389342	43.84199259
57.85657081	43.84402153
57.83814124	43.8300555
57.8470448	43.83680267
57.87247765	43.85607581
57.8507559	43.83961496
57.83447999	43.82728099
57.88322994	43.86422396
57.88426656	43.86500952
57.83617074	43.82856225
57.86966617	43.85394527
57.88738557	43.86737312
57.84614396	43.83612
57.85365301	43.84181041
57.88328971	43.86426925
57.85674973	43.84415712
57.86125809	43.84757357
57.90234369	43.87870846
57.85992816	43.84656574
57.85009179	43.83911169
57.8845234	43.86520415
57.88136228	43.86280864
57.85756485	43.84477481
57.89314251	43.87173576
57.90524089	43.88090398
57.84588967	43.8359273
57.90996759	43.8844859
57.93514987	43.90356916
57.86549124	43.85078148
57.89652377	43.8742981
57.91548694	43.88866849
57.87328179	43.8566852
57.87877642	43.86084906
57.93037359	43.89994967
57.90828883	43.88321373
57.87942003	43.86133679
57.92390047	43.89504431
57.92415525	43.89523739
57.90093225	43.87763887
57.8986889	43.87593884
57.9556981	43.91914072
57.92600009	43.89663542
57.88646133	43.86667273
57.9504392	43.9151555
57.95701376	43.92013774
57.88365134	43.8645433
57.92198284	43.89359112
57.990361	43.94540845
57.8989465	43.87613406
57.90535698	43.88099195
57.97520852	43.93392582
57.93730276	43.90520064
57.91011777	43.88459971
57.98015956	43.93767775
57.96950217	43.92960152
57.90006494	43.87698161
57.96674265	43.92751034
57.98498745	43.94133635
57.9082787	43.88320605
57.95008912	43.91489021
58.01782584	43.96622146
57.93793546	43.9056801
57.95106613	43.91563059
58.00745213	43.95836021
57.98519798	43.9414959
57.93557089	43.90388822
57.97778312	43.93587687
58.01281696	43.96242571
57.94575128	43.91160297
57.93718762	43.90511338
58.03653976	43.98040297
57.97476212	43.93358754
57.93235518	43.90145133
58.03468634	43.97899844
58.00939135	43.95982976
57.95734674	43.92039008
58.0179414	43.96630903
58.01665383	43.9653333
57.96738456	43.92799678
57.97805635	43.93608392
58.02602575	43.97243539
58.00191377	43.95416321
57.9839596	43.94055744
58.02269142	43.96990862
58.03550623	43.97961976
57.95998488	43.92238927
58.02549597	43.97203393
58.04618869	43.98771498
57.99910185	43.95203232
58.02639404	43.97271449
58.06151494	43.9993293
58.0171089	43.96567816
57.99468636	43.94868624
58.04617522	43.98770477
58.07084994	44.00640341
57.99832242	43.95144167
58.01862189	43.96682471
58.07130321	44.0067469
58.01058379	43.9607334
58.01216989	43.96193535
58.08586401	44.01778115
58.0403193	43.98326713
57.99546943	43.94927966
58.08463964	44.01685332
58.06644523	44.0030655
58.01802643	43.96637347
58.05017241	43.99073387
58.07459889	44.00924438
58.04470122	43.98658777
58.05571498	43.99493406
58.07751251	44.01145234
58.05730246	43.99613706
58.06055546	43.9986022
58.05838079	43.99695422
58.09586813	44.02536233
58.05800331	43.99666816
58.06446573	44.00156542
58.08089989	44.01401931
58.07792145	44.01176224
58.04042601	43.98334799
58.07512106	44.00964009
58.10101287	44.02926104
58.06673144	44.00328239
58.07378601	44.00862838
58.09900389	44.02773863
58.08344089	44.0159449
58.08295224	44.0155746
58.11700407	44.04137926
58.11403298	44.03912775
58.07217378	44.00740662
58.1120489	44.03762421
58.11767801	44.04188997
58.06689092	44.00340324
58.09699161	44.02621371
58.1349784	44.0550003
58.08461882	44.01683754
58.08908865	44.0202248
58.15049555	44.06675928
58.10895038	44.03527613
58.07481357	44.00940707
58.14684464	44.0639926
58.14996494	44.06635719
58.09815289	44.02709373
58.14561789	44.06306297
58.16522769	44.07792338
58.10813767	44.03466025
58.10504195	44.0323143
58.17577275	44.08591448
58.1353919	44.05531365
58.09953773	44.02814317
58.17728576	44.08706105
58.16136586	44.07499686
58.10958087	44.03575391
58.15093315	44.0670909
58.18208698	44.09069944
58.14295556	44.06104544
58.10592676	44.03298481
58.19330541	44.09920082
58.17229017	44.08327536
58.11419819	44.03925295
58.19827009	44.10296309
58.17571865	44.08587349
58.14076292	44.05938384
58.18589537	44.09358546
58.1906421	44.09718255
58.16032061	44.07420477
58.16050736	44.07434629
58.18988982	44.09661247
58.18266973	44.09114105
58.16856196	44.08045011
58.20080042	44.10488059
58.18882312	44.09580412
58.15277835	44.0684892
58.19794528	44.10271694
58.21626293	44.11659816
58.17522308	44.08549794
58.19135522	44.09772296
58.20760693	44.11003859
58.19579704	44.101089
58.18014907	44.08923088
58.25485787	44.14584561
58.21554956	44.11605756
58.17964689	44.08885032
58.21017528	44.11198491
58.23096926	44.1277427
58.20061638	44.10474112
58.21488685	44.11555535
58.23253262	44.12892742
58.20958717	44.11153924
58.22009018	44.11949847
58.24407056	44.13767093
58.22034559	44.11969202
58.22655964	44.12440106
58.23823894	44.1332517
58.21545116	44.115983
58.22765162	44.12522857
58.23075621	44.12758125
58.24368958	44.13738223
58.25054077	44.14257409
58.2529307	44.14438519
58.24492504	44.13831846
58.24056318	44.13501302
58.2492877	44.14162451
58.23660262	44.13201169
58.25312939	44.14453576
58.23518029	44.13093383
58.21894616	44.11863152
58.27178872	44.1586759
58.25882995	44.14885568
58.23921287	44.13398975
58.26778537	44.15564214
58.27427001	44.16055623
58.23224329	44.12870816
58.25952041	44.14937891
58.27284042	44.15947288
58.26129895	44.1507267
58.26268152	44.15177442
58.29213802	44.17409671
58.27649668	44.16224362
58.25275985	44.14425572
58.27050921	44.15770628
58.29854638	44.178953
58.27746618	44.16297831
58.27892103	44.1640808
58.31775111	44.19350645
58.29209807	44.17406644
58.26171814	44.15104436
58.31174117	44.18895208
58.31029111	44.18785322
58.29253437	44.17439706
58.29047375	44.17283551
58.33810595	44.20893146
58.30009403	44.18012582
58.28140777	44.16596527
58.31792375	44.19363728
58.30916087	44.18699672
58.28384225	44.16781014
58.32635313	44.2000251
58.34236142	44.21215628
58.28799074	44.17095388
58.30181249	44.18142807
58.34307025	44.21269343
58.32128007	44.19618071
58.29903312	44.17932185
58.31224154	44.18933126
58.33672748	44.20788684
58.3285206	44.20166762
58.31779257	44.19353787
58.35416603	44.22110187
58.35935707	44.22503567
58.29515694	44.17638447
58.34784828	44.21631425
58.36813483	44.2316875
58.30950572	44.18725805
58.34818858	44.21657213
58.36743792	44.23115938
58.35246901	44.21981586
58.3420318	44.21190649
58.36613675	44.23017335
58.39260933	44.25023441
58.33134109	44.20380501
58.34491385	44.21409052
58.37602337	44.23766548
58.36032758	44.22577113
58.38141815	44.24175368
58.37790765	44.2390934
58.38059736	44.24113167
58.37198144	44.23460248
58.37499541	44.23688649
58.39369659	44.25105834
58.37432995	44.2363822
58.37119416	44.23400588
58.39595378	44.25276885
58.38559962	44.24492242
58.37614355	44.23775656
58.38439497	44.24400953
58.39204642	44.24980784
58.39541014	44.25235688
58.40042129	44.25615436
58.37627487	44.23785607
58.41757027	44.26914995
58.40785723	44.26178935
58.40885376	44.26254453
58.38583995	44.24510454
58.43728138	44.28408713
58.41501261	44.26721173
58.38681572	44.24584399
58.43104539	44.27936147
58.44538433	44.29022759
58.40315678	44.25822733
58.42930238	44.2780406
58.44493113	44.28988415
58.4126711	44.26543733
58.43069762	44.27909792
58.45954138	44.30095588
58.42096337	44.27172126
58.42551978	44.27517412
58.45122301	44.29465218
58.44380903	44.28903382
58.43139676	44.27962773
58.44181079	44.28751955
58.45825911	44.29998417
58.44075765	44.28672147
58.44246874	44.28801814
58.47182042	44.310261
58.46360523	44.30403549
58.44256792	44.2880933
58.45178411	44.29507738
58.48667591	44.32151857
58.4545949	44.29720741
58.45782653	44.29965636
58.49480453	44.32767849
58.4874282	44.32208866
58.45043473	44.29405481
58.47450781	44.31229752
58.47950078	44.31608122
58.44939967	44.29327044
58.50619464	44.33630997
58.51103701	44.33997955
58.47330833	44.31138855
58.48132066	44.31746034
58.54074029	44.36248886
58.4578639	44.29968468
58.46689393	44.30652768
58.53654079	44.35930645
58.51012664	44.33928967
58.46177206	44.3026463
58.52852897	44.35323504
58.50976045	44.33901216
58.47342092	44.31147387
58.50860382	44.33813566
58.5494264	44.36907124
58.47524149	44.31285351
58.49705349	44.32938276
58.55138917	44.37055863
58.51123845	44.3401322
58.50008463	44.33167978
58.53268713	44.35638613
58.55096647	44.37023831
58.48926467	44.32348035
58.51537001	44.34326312
58.58048107	44.39260463
58.52638002	44.35160656
58.49133806	44.32505157
58.55694539	44.37476916
58.53203775	44.35589402
58.50571968	44.33595005
58.53282482	44.35649047
58.57935708	44.39175286
58.50736497	44.33719685
58.53052776	44.35474974
58.57092755	44.38536492
58.53124538	44.35529356
58.52102451	44.34754813
58.56907454	44.3839607
58.55152071	44.37065831
58.53545089	44.35848052
58.55709662	44.37488377
58.57954977	44.39189889
58.5413179	44.36292657
58.52846065	44.35318328
58.58857616	44.39873914
58.586779	44.39737723
58.54319368	44.36434804
58.56393169	44.38006342
58.61158686	44.41617676
58.54701536	44.36724414
58.55118316	44.37040251
58.59735993	44.40539552
58.56365307	44.37985228
58.55223005	44.37119586
58.59174576	44.40114107
58.58063173	44.3927188
58.5703623	44.38493657
58.58358912	44.39495993
58.60872375	44.41400709
58.58814218	44.39841026
58.60555819	44.41160821
58.59492783	44.40355246
58.60310471	44.40974895
58.59998979	44.40738844
58.59377759	44.4026808
58.62203061	44.4240911
58.61568934	44.41928565
58.61147962	44.4160955
58.61387123	44.41790787
58.6277543	44.42842854
58.62197772	44.42405102
58.61531839	44.41900454
58.64732782	44.44326146
58.60077315	44.40798208
58.6163403	44.41977895
58.63902984	44.4369732
58.61659925	44.41997518
58.62938212	44.42966211
58.65174021	44.44660519
58.65065494	44.44578277
58.62064056	44.42303771
58.63533442	44.43417279
58.63905154	44.43698965
58.62772416	44.4284057
58.63196043	44.43161597
58.67168091	44.46171636
58.64362272	44.44045371
58.640951	44.43842907
58.67195362	44.46192302
58.66160019	44.45407714
58.64675788	44.44282955
58.66640307	44.45771679
58.67160825	44.4616613
58.64046437	44.4380603
58.65659193	44.45028185
58.69114886	44.47646928
58.66901487	44.45969602
58.66338128	44.45542686
58.66747522	44.45852926
58.68932148	44.47508448
58.64952046	44.44492305
58.65305645	44.44760265
58.69702569	44.48092277
58.68462531	44.4715257
58.65826682	44.45155109
58.69516585	44.47951337
58.69714666	44.48101445
58.67140995	44.46151103
58.69385519	44.47852015
58.71779234	44.49665985
58.68683636	44.47320124
58.69005355	44.47563924
58.70224864	44.48488075
58.71882831	44.49744491
58.70260875	44.48515364
58.67615895	44.46510984
58.72674562	44.5034447
58.70666909	44.48823059
58.6782099	44.46666406
58.72212344	44.49994198
58.73485367	44.50958902
58.68791204	44.4740164
58.70099017	44.48392707
58.75258484	44.52302579
58.71701317	44.49606939
58.70331891	44.48569181
58.74326737	44.51596496
58.73113161	44.50676842
58.70680867	44.48833637
58.74039797	44.51379052
58.74529458	44.5175012
58.70776968	44.48906463
58.7314783	44.50703115
58.74262454	44.51547783
58.74027444	44.51369691
58.71824812	44.49700525
58.76335613	44.53118834
58.73594983	44.5104197
58.7466673	44.51854145
58.75579278	44.52545679
58.74134649	44.51450931
58.75323472	44.52351828
58.75307777	44.52339934
58.75746661	44.52672523
58.7533845	44.52363178
58.75679475	44.52621609
58.75642581	44.52593651
58.76848877	44.53507788
58.74461675	44.51698753
58.75663292	44.52609345
58.77266518	44.53824278
58.76460818	44.53213715
58.77820453	44.54244053
58.76796794	44.53468319
58.78888945	44.55053762
58.78615002	44.54846167
58.76397913	44.53166045
58.77463292	44.53973395
58.7749005	44.53993672
58.79148819	44.55250697
58.7713449	44.53724227
58.80854084	44.56542955
58.79636545	44.55620298
58.7807487	44.54436852
58.8111974	44.56744271
58.79625581	44.5561199
58.80257252	44.56090673
58.81756514	44.57226821
58.79619623	44.55607474
58.8260966	44.5787334
58.80514636	44.5628572
58.81430742	44.5697995
58.8075559	44.56468316
58.8139826	44.56955335
58.84466589	44.59280532
58.81670215	44.57161424
58.80157829	44.5601533
58.8561085	44.60147659
58.81529777	44.57054999
58.81342219	44.56912867
58.85145402	44.59794939
58.82875025	44.58074436
58.80573464	44.563303
58.83702647	44.58701612
58.85045464	44.59719206
58.82811614	44.58026382
58.83276433	44.58378625
58.85026915	44.59705149
58.84590669	44.5937456
58.81169871	44.5678226
58.85053584	44.59725359
58.86007849	44.60448506
58.83651087	44.58662539
58.83311213	44.58404981
58.85479299	44.60047969
58.86485703	44.60810627
58.83341223	44.58427723
58.85764951	44.60264437
58.87399062	44.61502775
58.85379053	44.59972001
58.86199754	44.60593933
58.87316469	44.61440186
58.88689122	44.6248039
58.85680842	44.60200699
58.88642948	44.62445399
58.886329	44.62437785
58.8755833	44.61623469
58.85163697	44.59808804
58.8960009	44.63170726
58.90272003	44.63679906
58.85477653	44.60046721
58.88538715	44.62366411
58.91098354	44.64306118
58.86587051	44.60887428
58.87620928	44.61670906
58.9040087	44.63777562
58.89076206	44.62773724
58.87141687	44.61307735
58.91533077	44.64635554
58.89861434	44.63368774
58.8766917	44.61707464
58.90160695	44.63595556
58.92278849	44.65200704
58.88838656	44.62593707
58.9163462	44.64712504
58.94628937	44.66981613
58.89392726	44.63013584
58.90643081	44.6396111
58.9285832	44.6563983
58.92751562	44.65558929
58.900091	44.63480676
58.94472606	44.66863145
58.9429015	44.66724879
58.93899846	44.66429104
58.90031365	44.63497548
58.94791105	44.67104505
58.93646865	44.66237394
58.92119478	44.65079932
58.9669701	44.6854881
58.94702558	44.67037404
58.92122162	44.65081966
58.95172794	44.67393751
58.96460107	44.68369284
58.95204112	44.67417484
58.94066515	44.66555407
58.97361456	44.69052331
58.9554688	44.67677236
58.94781451	44.67097189
58.94365486	44.66781969
58.97456626	44.69124451
58.97012306	44.68787743
58.95756332	44.67835959
58.99076331	44.70351873
58.98413925	44.69849898
58.97730221	44.69331783
58.96353633	44.68288597
58.99028749	44.70315815
58.98684893	44.70055239
58.96990422	44.68771159
58.99159115	44.70414607
58.99306877	44.70526581
58.96145122	44.68130586
58.99706467	44.70829393
58.98160013	44.69657482
58.97625145	44.69252156
59.00926481	44.71753927
59.00330085	44.71301974
58.9904132	44.70325341
59.02627474	44.73042948
59.00505129	44.71434624
59.0202051	44.72582987
58.99852725	44.70940228
58.99488281	44.7066405
59.0143684	44.72140679
59.01644374	44.7229795
59.02355269	44.7283667
59.01561676	44.72235281
59.02331079	44.72818338
59.00919559	44.71748681
59.01152376	44.71925111
59.04870587	44.74742791
59.03213099	44.73486737
59.01085959	44.71874779
59.04498244	44.74460628
59.02789608	44.73165814
59.02552695	44.7298628
59.02891855	44.73243297
59.0546928	44.75196484
59.02299883	44.72794697
59.02370036	44.7284786
59.05059079	44.74885631
59.06887686	44.7627136
59.02910028	44.73257069
59.05258753	44.75036945
59.07368363	44.76635619
59.05069413	44.74893462
59.03400882	44.7362904
59.08352197	44.77381174
59.06415806	44.75913766
59.03951201	44.74046075
59.07325704	44.76603292
59.09292486	44.7809373
59.05571448	44.75273907
59.06028899	44.75620566
59.1018445	44.78769665
59.07465393	44.76709149
59.04143901	44.74192104
59.1003726	44.78658124
59.08537868	44.77521876
59.06193588	44.75745368
59.08721018	44.77660668
59.10362102	44.78904291
59.084029	44.77419597
59.08473446	44.77473057
59.10500942	44.79009505
59.12559017	44.80569125
59.08855227	44.77762373
59.10021214	44.78645964
59.11307251	44.79620529
59.10130026	44.78728422
59.08897052	44.77794068
59.12171193	44.80275229
59.11771678	44.79972475
59.09934911	44.78580563
59.12360783	44.80418902
59.11494152	44.79762164
59.1193627	44.80097204
59.11735371	44.79944962
59.12740896	44.80706953
59.15150235	44.82532764
59.10102564	44.78707612
59.13641133	44.81389158
59.14401429	44.81965315
59.13100553	44.80979503
59.13523441	44.8129997
59.13393998	44.81201878
59.16202529	44.83330198
59.11920678	44.80085388
59.12109992	44.80228851
59.15791306	44.83018571
59.13770798	44.81487419
59.12614559	44.80611214
59.17807943	44.84546789
59.16512701	44.83565248
59.0953346	44.78276341
59.17592488	44.84383517
59.17558023	44.84357398
59.11215776	44.7955121
59.14396908	44.81961889
59.18895711	44.85371106
59.13787256	44.81499891
59.1436632	44.81938709
59.17653735	44.84429929
59.17477221	44.84296166
59.12866555	44.80802179
59.16660513	44.8367726
59.16769287	44.8375969
59.16918849	44.83873029
59.16878402	44.83842378
59.17734949	44.84491474
59.17530976	44.84336902
59.17014259	44.83945331
59.19294131	44.8567303
59.20671766	44.8671701
59.17069488	44.83987184
59.19060428	44.85495929
59.20669619	44.86715383
59.20356281	44.86477933
59.20764946	44.86787622
59.17820177	44.8455606
59.18984945	44.85438728
59.20711773	44.86747327
59.19860125	44.86101944
59.20668476	44.86714517
59.20254271	44.8640063
59.20772652	44.86793461
59.2026391	44.86407934
59.19769292	44.8603311
59.24796656	44.89842873
59.21281773	44.87179276
59.20078267	44.86267253
59.2620313	44.90908707
59.22048582	44.87760368
59.21767416	44.87547299
59.25289808	44.90216587
59.24694156	44.89765198
59.21085756	44.87030734
59.24393108	44.89537063
59.25639914	44.90481899
59.23003985	44.88484378
59.20912083	44.86899123
59.27797374	44.92116834
59.24610431	44.89701751
59.25330778	44.90247634
59.2500787	44.90002933
59.25673543	44.90507383
59.24983355	44.89984355
59.24847612	44.89881489
59.25174298	44.90129053
59.25832825	44.90628088
59.25558835	44.90420457
59.25192168	44.90142594
59.28562911	44.92696962
59.26851451	44.91400008
59.24274469	44.89447157
59.26197755	44.90904634
59.28580862	44.92710565
59.26583212	44.91196735
59.27882652	44.92181458
59.29253888	44.93220588
59.2660476	44.91213064
59.26047882	44.9079106
59.29136918	44.93131948
59.28622225	44.9274191
59.2719321	44.91658995
59.30097744	44.93860067
59.31729419	44.95096559
59.29959797	44.9375553
59.28737462	44.92829238
59.29713091	44.93568574
59.31914906	44.95237122
59.27210523	44.91672115
59.29307088	44.93260903
59.32449215	44.95642024
59.2998485	44.93774515
59.28048633	44.92307239
59.34398097	44.97118897
59.33399716	44.96362319
59.28779813	44.92861331
59.31668333	44.95050267
59.33546451	44.96473515
59.30454859	44.9413069
59.32124861	44.95396227
59.34410812	44.97128533
59.32047943	44.95337938
59.31865245	44.95199488
59.33192947	44.96205628
59.34635578	44.97298862
59.31868923	44.95202276
59.31510132	44.94930382
59.36645539	44.98822021
59.32564102	44.95729086
59.3240657	44.95609707
59.3277417	44.95888276
59.34895675	44.97495965
59.34684284	44.97335771
59.35259321	44.97771538
59.38013632	44.9985877
59.33224444	44.96229496
59.35464914	44.97927337
59.38299954	45.00075746
59.37107838	44.99172354
59.35349702	44.97840029
59.36625246	44.98806643
59.37801009	44.99697643
59.3554892	44.97990998
59.35264892	44.9777576
59.38675018	45.00359972
59.38102397	44.99926036
59.36581679	44.98773628
59.36219776	44.98499376
59.41181399	45.0225932
59.38022134	44.99865213
59.3369115	44.96583169
59.4118205	45.02259814
59.41751269	45.0269117
59.34605739	44.9727625
59.38475711	45.00208935
59.4375476	45.04209427
59.38194739	44.99996013
59.36185899	44.98473703
59.43312693	45.03874427
59.41158472	45.02241946
59.38763086	45.0042671
59.40966318	45.0209633
59.43119718	45.03728189
59.39580864	45.01046426
59.38914513	45.00541462
59.43149976	45.03751118
59.40812903	45.01980072
59.38624357	45.0032158
59.42900061	45.03561732
59.44462252	45.04745568
59.42006941	45.0288492
59.40741262	45.01925782
59.44994702	45.05149062
59.43106112	45.03717878
59.40037608	45.01392549
59.43913981	45.04330085
59.46405104	45.06217872
59.40520092	45.01758178
59.43017625	45.03650822
59.4675661	45.06484245
59.40872143	45.02024964
59.41144813	45.02231595
59.4732878	45.06917839
59.45107695	45.05234689
59.41404308	45.02428242
59.44575204	45.04831164
59.46890777	45.06585918
59.41853097	45.02768337
59.44732459	45.04950333
59.46930325	45.06615887
59.44887032	45.05067469
59.45185363	45.05293546
59.46686087	45.06430802
59.47115988	45.06756584
59.46428539	45.06235631
59.50080886	45.09003399
59.48557729	45.07849143
59.47090806	45.06737501
59.44076699	45.04453394
59.48453848	45.07770422
59.49055455	45.08226322
59.4673883	45.06470771
59.47613606	45.07133681
59.49649645	45.08676603
59.46286532	45.06128018
59.4599984	45.0591076
59.50539633	45.0935104
59.4951614	45.08575432
59.46959758	45.06638192
59.50654261	45.09437906
59.50144256	45.09051422
59.492211	45.08351849
59.4786854	45.07326872
59.4868789	45.07947779
59.51203604	45.09854201
59.47257454	45.06863788
59.49300244	45.08411825
59.51867029	45.10356948
59.48597985	45.07879649
59.48634726	45.07907491
59.53686977	45.11736115
59.51024154	45.09718213
59.48003172	45.07428896
59.53174993	45.11348131
59.51683288	45.10217708
59.50339058	45.09199044
59.52224262	45.10627662
59.53956906	45.11940668
59.52271691	45.10663603
59.53722674	45.11763166
59.52426882	45.10781208
59.51360596	45.09973171
59.54561318	45.12398695
59.54945434	45.1268978
59.52351991	45.10724455
59.5440988	45.12283934
59.54804169	45.12582729
59.53006111	45.11220151
59.55693182	45.13256428
59.56354686	45.13757719
59.53622629	45.11687351
59.55594181	45.13181404
59.56630925	45.13967054
59.54947244	45.12691152
59.54633923	45.12453715
59.5757511	45.14682563
59.59196223	45.15911051
59.54615091	45.12439444
59.57034099	45.14272582
59.59688238	45.16283903
59.55894424	45.1340893
59.5625064	45.13678873
59.57367288	45.14525075
59.57911227	45.14937274
59.57984273	45.14992629
59.59369302	45.16042211
59.59803942	45.16371584
59.56810171	45.14102888
59.58193678	45.15151317
59.61762881	45.17856079
59.60250701	45.1671014
59.55385636	45.13023368
59.60999266	45.17277407
59.60627309	45.16995536
59.58083094	45.15067516
59.59483045	45.16128406
59.62677745	45.18549367
59.59201842	45.1591531
59.57966603	45.14979238
59.60571013	45.16952875
59.60531278	45.16922763
59.58620775	45.15474974
59.60570514	45.16952497
59.62190297	45.18179977
59.59033495	45.15787735
59.59455238	45.16107334
59.61681934	45.17794737
59.63707808	45.19329955
59.60193199	45.16666565
59.63990925	45.19544502
59.63794824	45.19395896
59.60438233	45.16852253
59.64008762	45.19558019
59.64117057	45.19640086
59.60997446	45.17276028
59.64374123	45.19834892
59.64982464	45.20295896
59.65085269	45.20373802
59.62912996	45.18727642
59.65105277	45.20388964
59.66349396	45.21331764
59.61045813	45.1731268
59.63075807	45.18851021
59.6710429	45.21903827
59.64701132	45.20082701
59.66980872	45.218103
59.68151146	45.2269714
59.67934878	45.22533251
59.6349583	45.19169316
59.65414743	45.20623479
59.67655062	45.22321205
59.67351811	45.220914
59.64594478	45.20001878
59.67739182	45.22384951
59.6780724	45.22436526
59.63046373	45.18828716
59.67772087	45.22409887
59.71109963	45.24939348
59.66521593	45.21462256
59.66726696	45.21617684
59.70972275	45.24835007
59.70612178	45.24562123
59.65378891	45.20596311
59.70334168	45.24351446
59.71717393	45.25399662
59.67811358	45.22439647
59.67965688	45.22556599
59.7244494	45.25951
59.69002864	45.23342577
59.68565402	45.23011066
59.72221526	45.25781696
59.73251538	45.26562245
59.71905817	45.2554245
59.70983753	45.24843705
59.72214901	45.25776676
59.72315774	45.25853118
59.68415615	45.22897556
59.72403534	45.25919623
59.72429067	45.25938972
59.70319905	45.24340638
59.71104042	45.24934861
59.73402511	45.26676652
59.7196069	45.25584033
59.73710798	45.26910274
59.77398194	45.29704603
59.72266288	45.25815617
59.71427961	45.25180328
59.76560227	45.29069587
59.75170418	45.28016382
59.72425643	45.25936377
59.74648115	45.27620578
59.75617234	45.28354982
59.73786075	45.2696732
59.73499414	45.26750086
59.76976176	45.29384796
59.76621853	45.29116287
59.75889014	45.28560938
59.73331752	45.26623031
59.77292923	45.29624828
59.75119263	45.27977617
59.75022653	45.27904405
59.76313867	45.28882894
59.77997155	45.30158499
59.76814402	45.29262202
59.75076434	45.27945161
59.78699927	45.30691063
59.76553132	45.2906421
59.76896516	45.29324429
59.79778539	45.31508441
59.76136856	45.28748754
59.77602763	45.29859626
59.78680499	45.3067634
59.78051778	45.30199892
59.79139203	45.31023949
59.79900077	45.31600543
59.78083731	45.30224107
59.79688881	45.31440498
59.79695266	45.31445336
59.7999715	45.31674106
59.80467352	45.32030428
59.78579051	45.30599463
59.80444383	45.32013021
59.83661003	45.34450593
59.80921944	45.3237492
59.80200853	45.31828473
59.82592178	45.33640632
59.8260495	45.33650311
59.80674144	45.32187136
59.83139595	45.34055468
59.83070046	45.34002763
59.8265108	45.33685268
59.82351624	45.33458339
59.83240227	45.34131727
59.84445709	45.35045248
59.82783998	45.33785995
59.82113305	45.33277739
59.83758638	45.34524582
59.85858957	45.36116215
59.8186497	45.3308955
59.82481446	45.33556719
59.86783426	45.36816782
59.86292931	45.36445083
59.83703198	45.34482569
59.85520606	45.3585981
59.86708533	45.36760028
59.85073855	45.3552126
59.87349171	45.37245507
59.85928255	45.36168729
59.86965804	45.36954989
59.87736399	45.3753895
59.88008151	45.37744886
59.87210765	45.37140622
59.87408944	45.37290804
59.86878387	45.36888744
59.89864838	45.39151893
59.8844416	45.38075296
59.87471788	45.37338426
59.90128551	45.39351736
59.89448341	45.38836269
59.84997308	45.35463253
59.88606304	45.38198169
59.92463451	45.41121136
59.8805029	45.37776818
59.87134995	45.37083203
59.92791891	45.41370029
59.89691232	45.39020333
59.85497628	45.35842398
59.91023001	45.40029555
59.91765121	45.40591938
59.88820111	45.38360193
59.89727971	45.39048174
59.91599788	45.40466648
59.91701139	45.40543452
59.87968075	45.37714516
59.92447517	45.41109061
59.92399403	45.410726
59.8979158	45.39096377
59.89193135	45.38642873
59.93649766	45.42020132
59.92942093	45.41483854
59.88638494	45.38222563
59.93484589	45.4189496
59.94736839	45.42843922
59.91322746	45.40256704
59.92830864	45.41399564
59.96460253	45.44149934
59.9151906	45.40405471
59.91367022	45.40290256
59.95645958	45.43532857
59.95821313	45.43665742
59.92250206	45.40959537
59.93994389	45.42281289
59.9599887	45.43800296
59.95461798	45.43393299
59.93415244	45.4184241
59.97241844	45.44742228
59.96129679	45.43899424
59.92118564	45.40859779
59.96225732	45.43972213
59.98885413	45.45987733
59.94495194	45.42660802
59.93987157	45.42275808
59.9998376	45.46820067
59.98128019	45.45413776
59.95452529	45.43386275
60.00108376	45.46914502
60.00523178	45.47228841
59.94784234	45.42879838
59.97075214	45.44615955
60.00148985	45.46945275
59.97803001	45.45167476
59.97511553	45.44946615
59.98920281	45.46014156
59.98301145	45.45544972
59.96492598	45.44174445
59.98575912	45.45753192
60.03427179	45.49429508
59.98295907	45.45541003
59.9699482	45.44555032
60.02632967	45.4882765
60.00442629	45.471678
59.94938218	45.42996528
60.0309314	45.49176372
60.01307439	45.47823158
59.99368557	45.46353863
60.00139894	45.46938386
60.02012224	45.48357247
60.01637884	45.48073571
59.9935133	45.46340808
60.01196222	45.47738877
60.01610372	45.48052722
60.01409609	45.47900583
60.02211583	45.48508323
60.01550765	45.48007552
60.02625266	45.48821814
60.01029665	45.47612659
60.02843291	45.48987035
60.03411516	45.49417639
60.0310006	45.49181615
60.04153525	45.49979937
60.04360837	45.5013704
60.05476484	45.50982483
60.02461488	45.48697703
60.05522315	45.51017214
60.07137897	45.5224151
60.05326591	45.50868893
60.04241106	45.50046307
60.04806469	45.50474741
60.05712143	45.51161066
60.04495867	45.50239366
60.07751336	45.52706377
60.08916316	45.53589206
60.0671258	45.51919203
60.05985833	45.5136847
60.07840349	45.52773832
60.08298659	45.53121142
60.05919806	45.51318435
60.07522447	45.52532924
60.08328384	45.53143668
60.07142331	45.52244871
60.07344164	45.5239782
60.08914452	45.53587793
60.0723444	45.52314671
60.06637953	45.5186265
60.10670664	45.5491866
60.0970283	45.5418523
60.07668272	45.52643431
60.08185507	45.53035395
60.11586625	45.5561278
60.10030086	45.54433227
60.08125724	45.52990091
60.09475551	45.54012997
60.1145345	45.5551186
60.09738653	45.54212377
60.1060997	45.54872666
60.12080935	45.55987371
60.13815319	45.57301697
60.10881754	45.55078625
60.0984581	45.54293581
60.13739229	45.57244036
60.12072238	45.5598078
60.09907148	45.54340064
60.13848769	45.57327045
60.13509059	45.57069612
60.1154915	45.55584381
60.10960389	45.55138215
60.12656421	45.56423477
60.14154115	45.57558438
60.14140112	45.57547827
60.12738326	45.56485545
60.15369678	45.58479598
60.13993176	45.57436478
60.13407791	45.56992869
60.14575825	45.57878012
60.13098655	45.56758605
60.14977585	45.58182468
60.1414699	45.57553039
60.16025792	45.58976805
60.15041248	45.58230713
60.17497368	45.60091973
60.16993868	45.59710418
60.1524346	45.5838395
60.13263713	45.56883687
60.18324905	45.60719085
60.16173596	45.59088812
60.12904219	45.5661126
60.1585535	45.58847643
60.18044822	45.60506837
60.15331303	45.58450518
60.14977752	45.58182595
60.17571156	45.6014789
60.19337408	45.61486365
60.14718161	45.57985875
60.17751021	45.60284193
60.19708054	45.61767243
60.17811454	45.60329989
60.15404079	45.58505667
60.20942498	45.62702712
60.19044827	45.61264646
60.14365999	45.57719005
60.16925017	45.59658243
60.24232628	45.6519599
60.20893533	45.62665605
60.13666796	45.57189146
60.1855914	45.6089659
60.2483625	45.65653417
60.17936417	45.60424687
60.16288352	45.59175775
60.25808555	45.66390236
60.21850889	45.63391095
60.16335226	45.59211296
60.21220014	45.62913014
60.25005899	45.65781979
60.19158503	45.6135079
60.18603373	45.6093011
60.24535048	45.65425165
60.24403515	45.65325489
60.17682096	45.60231961
60.23145726	45.64372329
60.2695232	45.67256987
60.20683253	45.62506254
60.19219945	45.61397351
60.26075832	45.6659278
60.24761652	45.65596887
60.20439956	45.62321882
60.23172226	45.64392411
60.2647838	45.66897833
60.22139741	45.63609989
60.21548582	45.63162005
60.27288839	45.67512003
60.25809584	45.66391015
60.20538501	45.6239656
60.28035951	45.68078169
60.30028738	45.69588313
60.23277686	45.6447233
60.21911799	45.63437253
60.26773903	45.67121781
60.26529901	45.66936875
60.20266715	45.62190599
60.29323572	45.69053934
60.28088283	45.68117825
60.22556573	45.63925866
60.26315684	45.66774541
60.29695787	45.69336001
60.25985153	45.66524062
60.25176743	45.65911445
60.31971029	45.71060192
60.27333707	45.67546004
60.25929343	45.6648177
60.29687822	45.69329965
60.30143889	45.69675576
60.27795908	45.67896262
60.27828599	45.67921036
60.30359048	45.69838624
60.31143773	45.70433292
60.28090463	45.68119478
60.30946261	45.70283617
60.34274093	45.72805466
60.27753696	45.67864274
60.29626319	45.69283358
60.31864365	45.70979361
60.29733313	45.69364439
60.30503172	45.69947841
60.32261406	45.71280241
60.30925373	45.70267788
60.29238553	45.68989507
60.32023388	45.71099869
60.3192677	45.71026652
60.30023445	45.69584302
60.33344975	45.72101376
60.35020793	45.73371319
60.31055407	45.70366328
60.31836549	45.70958282
60.35272125	45.7356178
60.33942867	45.72554461
60.33381318	45.72128916
60.35362544	45.736303
60.35860549	45.74007691
60.32756416	45.71655362
60.35305961	45.73587421
60.36965216	45.74844814
60.36147485	45.74225132
60.32210206	45.71241441
60.37707299	45.75407168
60.36036403	45.74140954
60.32812132	45.71697584
60.35546225	45.73769495
60.37829654	45.7549989
60.36086106	45.74178619
60.35067409	45.73406645
60.37310348	45.75106356
60.35900561	45.74038013
60.36186669	45.74254827
60.37099963	45.74946926
60.38169242	45.75757231
60.35668271	45.73861982
60.3782222	45.75494256
60.37568047	45.75301642
60.36050981	45.74152002
60.39141868	45.76494293
60.39658065	45.76885469
60.3684202	45.74751455
60.37775362	45.75458747
60.37471579	45.75228538
60.39700147	45.76917359
60.40659136	45.77644086
60.39629941	45.76864156
60.38586143	45.7607316
60.405383	45.77552516
60.4021926	45.77310746
60.38013164	45.75638955
60.42001784	45.78661552
60.41770044	45.78485939
60.40839586	45.77780832
60.39034257	45.76412744
60.43520837	45.79812699
60.41288498	45.7812102
60.40615397	45.7761094
60.4297523	45.79399235
60.39712508	45.76926726
60.42396327	45.78960539
60.42404598	45.78966807
60.41740703	45.78463703
60.41613637	45.78367412
60.41439724	45.7823562
60.42572604	45.79094122
60.45371101	45.81214838
60.43435199	45.79747802
60.4271769	45.79204069
60.44075823	45.8023327
60.43081871	45.79480048
60.44090829	45.80244642
60.44543555	45.8058772
60.45882949	45.8160272
60.46112787	45.81776892
60.43903704	45.80102837
60.42527705	45.79060098
60.45319227	45.81175528
60.46497377	45.82068337
60.44615399	45.80642164
60.44055791	45.8021809
60.45998029	45.81689928
60.46496987	45.82068041
60.48941743	45.83920691
60.46795543	45.82294288
60.4598517	45.81680183
60.46606843	45.8215129
60.4899675	45.83962375
60.46616665	45.82158734
60.48576949	45.83644248
60.48422446	45.83527165
60.49586622	45.84409383
60.45755758	45.81506334
60.49351403	45.84231133
60.48109298	45.83289859
60.48583796	45.83649436
60.49540525	45.8437445
60.48859356	45.83858257
60.48488272	45.83577048
60.50865331	45.85378396
60.47919079	45.8314571
60.49798294	45.84569789
60.5381259	45.87611844
60.49659552	45.8446465
60.48887869	45.83879864
60.53806861	45.87607503
60.49571521	45.84397939
60.48249875	45.83396389
60.52013228	45.86248278
60.52990117	45.8698857
60.51379372	45.85767939
60.49074641	45.84021401
60.54855559	45.88402212
60.52810647	45.86852567
60.48951493	45.83928079
60.52785058	45.86833175
60.5552507	45.88909571
60.51280035	45.85692661
60.49779589	45.84555614
60.55491931	45.88884458
60.54451248	45.88095823
60.50982769	45.85467391
60.53274583	45.8720414
60.5743542	45.90357245
60.52469359	45.86593937
60.49541027	45.84374831
60.58147811	45.90897099
60.56556837	45.8969145
60.50875308	45.85385957
60.54940988	45.88466951
60.55888162	45.89184724
60.56014722	45.89280632
60.53737847	45.87555204
60.55635253	45.88993068
60.57605206	45.90485909
60.54450733	45.88095433
60.54843197	45.88392844
60.57952218	45.90748877
60.55320196	45.88754316
60.53246751	45.87183049
60.5775974	45.90603016
60.58872155	45.9144601
60.56250328	45.89459176
60.54476583	45.88115022
60.60082581	45.92363277
60.5910798	45.9162472
60.56050677	45.89307879
60.59642815	45.9203002
60.61822737	45.93681977
60.55956424	45.89236453
60.58822387	45.91408296
60.59740636	45.9210415
60.56898716	45.89950527
60.60748268	45.92867739
60.60000076	45.92300755
60.60684282	45.9281925
60.59720488	45.92088882
60.59370017	45.91823293
60.61076758	45.9311667
60.61801873	45.93666166
60.59364602	45.91819189
60.6024425	45.92485791
60.64936632	45.96041704
60.59157845	45.91662508
60.60229069	45.92474287
60.62763059	45.94394558
60.62419643	45.94134316
60.60378581	45.92587588
60.60896522	45.92980086
60.60925262	45.93001866
60.60141072	45.92407602
60.62122881	45.93909428
60.64416531	45.95647568
60.65189801	45.96233556
60.60922604	45.92999851
60.63476559	45.94935252
60.65995705	45.96844275
60.6295656	45.94541195
60.63879179	45.9524036
60.65748764	45.96657141
60.65133655	45.96191009
60.63877761	45.95239286
60.65265158	45.96290662
60.69347499	45.99384282
60.64605017	45.95790404
60.63816522	45.95192878
60.6757742	45.98042907
60.67480724	45.97969631
60.65765582	45.96669886
60.67056484	45.97648139
60.67700498	45.98136176
60.66092527	45.96917647
60.66927676	45.97550527
60.64865612	45.95987884
60.6847845	45.98725712
60.68426573	45.986864
60.6485308	45.95978388
60.69510565	45.99507854
60.67423983	45.97926631
60.68173581	45.98494681
60.67972758	45.98342496
60.6956038	45.99545605
60.69745235	45.99685689
60.6772749	45.98156631
60.67857478	45.98255137
60.70660162	46.00379026
60.70670853	46.00387127
60.69462071	45.99471106
60.69619527	45.99590427
60.72340691	46.0165254
60.73252348	46.02343398
60.68781207	45.98955143
60.68234785	45.98541062
60.74578759	46.03348559
60.70628677	46.00355166
60.69109189	45.99203689
60.72139776	46.01500285
60.74042375	46.02942084
60.71539041	46.01045045
60.71508541	46.01021931
60.74133782	46.03011354
60.7498262	46.03654608
60.70247754	46.000665
60.70833524	46.005104
60.73872667	46.02813479
60.73872292	46.02813195
60.71371681	46.00918218
60.74789559	46.03508304
60.76171101	46.04555244
60.72178878	46.01529917
60.75020894	46.03683612
60.76594445	46.04876057
60.72395403	46.01694
60.74179854	46.03046267
60.75942063	46.04381679
60.77773998	46.05769929
60.74071108	46.02963859
60.75594068	46.04117966
60.77809513	46.05796842
60.75066765	46.03718373
60.75708774	46.04204891
60.76789406	46.05023799
60.77398848	46.05485638
60.74807092	46.03521591
60.7470261	46.03442414
60.76976627	46.05165676
60.77793154	46.05784445
60.75681281	46.04184056
60.77025732	46.05202889
60.78458853	46.06288915
60.79990732	46.07449782
60.77081974	46.05245509
60.79156614	46.06817682
60.78235579	46.06119717
60.75946067	46.04384713
60.8071185	46.07996249
60.79960319	46.07426735
60.7900829	46.06705282
60.78833245	46.06572632
60.79479793	46.0706259
60.80302218	46.07685828
60.80433291	46.07785156
60.82822103	46.0959541
60.8261818	46.09440876
60.80354565	46.07725497
60.80175442	46.07589756
60.81742255	46.08777095
60.81386217	46.08507288
60.80561725	46.07882483
60.8216839	46.09100022
60.82500577	46.09351755
60.81552686	46.08633439
60.82212235	46.09133249
60.8484235	46.11126364
60.81449242	46.08555049
60.84136218	46.10591253
60.84305425	46.10719479
60.8320148	46.09882904
60.83223801	46.09899819
60.83302868	46.09959736
60.83030608	46.09753416
60.8406365	46.10536261
60.86741314	46.12565409
60.84692813	46.11013044
60.82937784	46.09683074
60.87361195	46.13035158
60.86075363	46.12060748
60.84132366	46.10588335
60.84190466	46.10632363
60.8548425	46.116128
60.87320842	46.13004579
60.85443087	46.11581606
60.85236756	46.11425247
60.88027445	46.13540046
60.87460926	46.13110735
60.84332593	46.10740067
60.87561389	46.13186866
60.88061283	46.13565689
60.85632451	46.11725107
60.8540459	46.11552433
60.89019718	46.14291996
60.85646313	46.11735611
60.85351285	46.11512037
60.90947763	46.15753079
60.87196407	46.12910281
60.88257587	46.13714449
60.88545303	46.13932482
60.88406054	46.13826959
60.88702116	46.14051316
60.90328734	46.15283975
60.91314349	46.1603088
60.89772285	46.14862295
60.87119685	46.1285214
60.90914151	46.15727608
60.92808617	46.17163244
60.89832652	46.14908042
60.90342169	46.15294157
60.92541993	46.16961195
60.9095836	46.15761109
60.89638335	46.14760787
60.91462413	46.16143084
60.92005502	46.16554639
60.90515186	46.1542527
60.92505797	46.16933766
60.91164962	46.15917673
60.91184613	46.15932565
60.92572176	46.16984068
60.93945039	46.18024431
60.91859235	46.16443798
60.90874463	46.15697532
60.9315433	46.17425227
60.9260636	46.17009972
60.94663825	46.1856913
60.917064	46.16327978
60.93487269	46.1767753
60.95159494	46.18944752
60.94954417	46.18789343
60.91313827	46.16030485
60.96306432	46.19813907
60.9527462	46.19031995
60.92579416	46.16989554
60.9699499	46.203357
60.98192263	46.21243
60.9412455	46.18160465
60.96007315	46.19587235
60.99600558	46.22310214
60.95537334	46.1923108
60.95093735	46.18894919
60.98402972	46.21402677
60.98648704	46.21588894
60.94673265	46.18576284
60.97345133	46.20601041
60.99051095	46.21893828
60.98515255	46.21487765
60.9802712	46.21117854
60.98600932	46.21552692
60.98170336	46.21226384
60.96890492	46.20256511
60.98890506	46.21772133
61.01182935	46.23509347
60.98656453	46.21594766
60.96625199	46.20055471
61.01222303	46.23539181
60.99570029	46.22287079
60.99335969	46.22109707
61.0041694	46.22928872
61.00502997	46.22994087
61.01474942	46.23730632
61.00865317	46.23268655
60.99368017	46.22133993
61.01623693	46.23843356
61.02432055	46.24455938
60.98926308	46.21799263
61.01597056	46.2382317
61.0397539	46.25625485
60.99994377	46.22608652
60.98453948	46.21441306
61.04239711	46.25825789
61.0378151	46.25478562
60.98537824	46.21504868
61.02558184	46.24551519
61.0732159	46.28161253
61.03750411	46.25454994
60.98800584	46.21703989
61.05093286	46.26472633
61.07348561	46.28181692
61.02634056	46.24609015
61.02668907	46.24635425
61.07286144	46.28134392
61.06667091	46.2766527
61.01360078	46.23643587
61.04076736	46.25702285
61.06938545	46.2787098
61.04867585	46.26301595
61.01709897	46.23908682
61.10851843	46.30836498
61.07409936	46.28228202
61.03351624	46.25152792
61.05191658	46.2654718
61.08801424	46.29282679
61.07505834	46.28300875
61.04258731	46.25840202
61.07067152	46.27968439
61.11283542	46.31163642
61.08587067	46.29120239
61.03560223	46.25310869
61.10757694	46.30765152
61.12412892	46.3201947
61.05626172	46.26876457
61.0782014	46.28539057
61.12870915	46.32366562
61.0923748	46.29613125
61.04926666	46.26346367
61.11778324	46.31538591
61.12124812	46.31801161
61.08906631	46.29362406
61.11848619	46.3159186
61.10881034	46.30858619
61.11233261	46.31125539
61.11257497	46.31143905
61.07926726	46.28619829
61.11278862	46.31160095
61.14837246	46.33856658
61.07845995	46.2855865
61.09850495	46.30077672
61.13489767	46.32835531
61.11319856	46.31191161
61.10848849	46.30834229
61.11266611	46.31150812
61.14784055	46.3381635
61.11665723	46.31453261
61.12958771	46.3243314
61.12457038	46.32052924
61.1429015	46.33442066
61.14685168	46.33741413
61.1362181	46.32935594
61.13919907	46.33161494
61.14121224	46.33314053
61.14766014	46.33802678
61.14645356	46.33711243
61.16258643	46.34933801
61.14947062	46.33939877
61.13918973	46.33160786
61.15414359	46.34293997
61.14441586	46.33556825
61.14841297	46.33859728
61.16250254	46.34927443
61.13724648	46.33013525
61.15656095	46.34477186
61.18454664	46.36597957
61.15909318	46.3466908
61.14292157	46.33443587
61.17122372	46.35588339
61.18767022	46.36834663
61.16085803	46.34802822
61.15144295	46.34089341
61.19448709	46.3735125
61.18154184	46.36370252
61.15117586	46.34069101
61.18799461	46.36859246
61.17975147	46.36234577
61.18506633	46.36637339
61.14481479	46.33587056
61.20064878	46.37818186
61.21049821	46.38564581
61.17138585	46.35600625
61.15244716	46.34165441
61.20452885	46.3811222
61.20665002	46.38272963
61.16037939	46.34766549
61.20801841	46.38376661
61.21125923	46.38622252
61.19556845	46.37433196
61.1906185	46.37058086
61.21720242	46.39072629
61.20489838	46.38140223
61.20050856	46.3780756
61.19950335	46.37731384
61.20813215	46.3838528
61.23626594	46.40517274
61.18975724	46.36992819
61.22252475	46.39475959
61.23977789	46.40783411
61.20834786	46.38401626
61.2124221	46.38710375
61.23400242	46.40345743
61.21671359	46.39035586
61.22456957	46.39630916
61.24215987	46.40963918
61.21441503	46.388614
61.25634768	46.42039078
61.23315938	46.40281856
61.23103905	46.40121177
61.22252362	46.39475873
61.26862758	46.42969656
61.23978836	46.40784204
61.23277391	46.40252646
61.26857909	46.42965982
61.26165708	46.42441428
61.23872884	46.40703913
61.26653531	46.42811103
61.26048785	46.42352823
61.24509068	46.41186017
61.28360978	46.44105015
61.27266558	46.43275657
61.2555222	46.41976524
61.2655158	46.42733844
61.28839606	46.44467722
61.24974115	46.41538432
61.26238302	46.42496439
61.28330126	46.44081635
61.29195861	46.44737694
61.25881757	46.42226248
61.27655311	46.43570257
61.29575554	46.45025428
61.28662522	46.44333527
61.25937097	46.42268185
61.2764647	46.43563557
61.32688956	46.4738478
61.26393497	46.42614047
61.25892901	46.42234693
61.31079687	46.46165267
61.30665382	46.45851305
61.27477539	46.4343554
61.30847837	46.4598957
61.30359618	46.45619595
61.29295978	46.44813564
61.29690203	46.45112309
61.30010179	46.45354788
61.30307518	46.45580114
61.32012175	46.46871912
61.28429652	46.44157057
61.32020875	46.46878505
61.32186674	46.47004148
61.30275416	46.45555786
61.30778899	46.45937329
61.32415903	46.47177859
61.30588788	46.45793261
61.30941463	46.4606052
61.33497154	46.47997237
61.31369615	46.46384977
61.33003065	46.47622814
61.32121855	46.46955028
61.3320071	46.4777259
61.35391477	46.49432765
61.33436956	46.47951619
61.31726804	46.46655657
61.33379255	46.47907893
61.34961251	46.49106738
61.33060174	46.47666091
61.33338709	46.47877167
61.36694945	46.50420541
61.35680623	46.49651881
61.33537175	46.48027565
61.36860063	46.50545668
61.37366757	46.50929643
61.35755981	46.49708988
61.35893775	46.49813409
61.36215261	46.50057033
61.36196375	46.50042722
61.35820113	46.49757588
61.32354081	46.4713101
61.37153084	46.50767721
61.37367819	46.50930448
61.35360718	46.49409456
61.36474765	46.50253687
61.38265786	46.51610932
61.36660636	46.50394541
61.34045916	46.48413092
61.38825789	46.52035305
61.38474776	46.51769306
61.38362155	46.51683961
61.38106409	46.51490155
61.39600309	46.52622241
61.3921617	46.52331138
61.38946151	46.52126516
61.37293433	46.50874078
61.39198267	46.52317571
61.43348218	46.55462427
61.35149631	46.49249493
61.36353635	46.50161894
61.41947787	46.54401172
61.40098114	46.5299948
61.35873226	46.49797837
61.41197841	46.53832859
61.40373701	46.53208321
61.39924517	46.52867928
61.40970016	46.53660212
61.4144928	46.54023401
61.429058	46.5512716
61.38992209	46.5216142
61.40775603	46.53512885
61.43394119	46.5549721
61.41331174	46.539339
61.38295517	46.51633462
61.44771479	46.56540981
61.4399439	46.55952099
61.39661894	46.5266891
61.42595005	46.54891638
61.47834911	46.58862467
61.42588966	46.54887061
61.40698817	46.53454696
61.44673858	46.56467004
61.46585595	46.57915728
61.43532681	46.55602213
61.4077972	46.53516005
61.46257427	46.57667041
61.46548288	46.57887457
61.39700626	46.52698262
61.4411295	46.56041945
61.48736685	46.59545836
61.44748219	46.56523355
61.42163794	46.54564863
61.46299178	46.5769868
61.5107698	46.61319324
61.43093416	46.55269336
61.42917713	46.55136188
61.51190351	46.61405237
61.47041937	46.58261547
61.43244992	46.55384201
61.46689219	46.57994255
61.51796147	46.61864313
61.44681904	46.56473101
61.44117572	46.56045447
61.50472826	46.60861493
61.49231268	46.59920634
61.45580258	46.57153878
61.4548641	46.5708276
61.5049835	46.60880835
61.46988224	46.58220843
61.46153984	46.57588651
61.50338287	46.60759538
61.50028093	46.60524472
61.48249412	46.59176577
61.48137768	46.59091974
61.52920206	46.6271613
61.52325413	46.62265393
61.4764298	46.5871702
61.47021723	46.58246228
61.53066015	46.62826626
61.52678225	46.62532756
61.46064916	46.57521155
61.51223483	46.61430345
61.52812444	46.62634468
61.51106828	46.61341943
61.47860025	46.58881499
61.51482152	46.61626365
61.53826892	46.63403222
61.51779244	46.61851503
61.50002561	46.60505124
61.54992339	46.64286404
61.52025899	46.6203842
61.4928243	46.59959405
61.51838218	46.61896195
61.53424734	46.63098465
61.52410682	46.6233001
61.53197001	46.62925887
61.51182516	46.613993
61.55444651	46.64629168
61.53849552	46.63420394
61.54252813	46.63725988
61.54244384	46.637196
61.52638435	46.62502603
61.54559847	46.6395866
61.54837198	46.64168837
61.55803504	46.6490111
61.57663748	46.66310813
61.55960339	46.6501996
61.55255741	46.64486012
61.56882553	46.65718819
61.54579823	46.63973797
61.55308942	46.64526328
61.56919031	46.65746462
61.56434751	46.65379472
61.55719547	46.64837487
61.55474688	46.64651931
61.58043902	46.66598895
61.57798432	46.66412876
61.55659665	46.64792107
61.58441135	46.6689992
61.59707716	46.67859742
61.56625008	46.65523649
61.57555092	46.66228472
61.61590322	46.69286391
61.60028757	46.68103029
61.55675558	46.64804151
61.59837605	46.67958173
61.61568995	46.6927023
61.58268655	46.66769214
61.58613152	46.67030276
61.60733074	46.68636764
61.6106218	46.68886163
61.58131296	46.66665123
61.59358555	46.67595146
61.61689665	46.69361674
61.61697874	46.69367895
61.58211322	46.66725767
61.61017522	46.6885232
61.63915139	46.7104815
61.60229445	46.68255111
61.61151172	46.68953601
61.65720052	46.72415923
61.63929198	46.71058804
61.58937136	46.67275793
61.62944565	46.70312644
61.65323845	46.72115675
61.63054897	46.70396254
61.61842569	46.69477545
61.63829645	46.70983362
61.63872527	46.71015858
61.62820278	46.70218458
61.62671367	46.70105613
61.67479838	46.73749498
61.63877559	46.71019672
61.62020486	46.69612372
61.63693979	46.70880554
61.67457101	46.73732268
61.65902759	46.72554379
61.64836224	46.71746153
61.68702293	46.74675881
61.66560595	46.73052891
61.64802085	46.71720282
61.65171483	46.72000215
61.67505595	46.73769017
61.68352398	46.74410729
61.65882954	46.72539371
61.66301727	46.7285672
61.69241531	46.75084519
61.65839546	46.72506476
61.68205486	46.74299398
61.68824066	46.74768162
61.67441418	46.73720383
61.66303874	46.72858346
61.70038699	46.75688617
61.67514897	46.73776066
61.66607074	46.73088113
61.68668655	46.7465039
61.71408583	46.76726723
61.68900969	46.74826439
61.65892735	46.72546783
61.70194992	46.75807057
61.71821929	46.77039959
61.6657985	46.73067483
61.71094415	46.76488644
61.71481468	46.76781955
61.69790547	46.75500566
61.70386751	46.75952373
61.71030246	46.76440016
61.71141645	46.76524436
61.69671186	46.75410114
61.69478864	46.75264371
61.73547533	46.7834763
61.73618231	46.78401205
61.69334677	46.75155105
61.72858426	46.77825421
61.74279064	46.78901989
61.69559273	46.75325305
61.71097125	46.76490698
61.76454861	46.80550819
61.7349849	46.78310466
61.71373756	46.76700331
61.74933207	46.79397702
61.73927248	46.7863538
61.74192195	46.78836159
61.7271194	46.77714413
61.74330961	46.78941316
61.76099516	46.80281537
61.73361836	46.78206908
61.7375566	46.7850535
61.7653066	46.8060826
61.75855291	46.80096462
61.74640765	46.79176087
61.76353008	46.80473634
61.78471389	46.82078955
61.74052962	46.78730647
61.73218663	46.78098411
61.78340622	46.81979859
61.75825425	46.8007383
61.7353742	46.78339966
61.77574953	46.81399631
61.78826865	46.82348336
61.77536602	46.81370568
61.75450603	46.79789787
61.77447251	46.81302858
61.80677175	46.83750512
61.75330045	46.79698427
61.74590533	46.79138021
61.80694197	46.83763411
61.78548376	46.82137296
61.74089054	46.78757998
61.78522775	46.82117895
61.83143193	46.85619273
61.77468323	46.81318827
61.77326383	46.81211263
61.81148968	46.84108039
61.81650912	46.84488414
61.79479886	46.82843199
61.79219837	46.82646133
61.81280877	46.84208
61.80582574	46.83678823
61.80210028	46.83396505
61.82042369	46.84785063
61.82803845	46.85362113
61.79754996	46.83051679
61.80935534	46.83946297
61.81745582	46.84560156
61.79973069	46.83216936
61.80077058	46.83295739
61.85026491	46.87046447
61.82234135	46.84930384
61.82375167	46.85037259
61.83714829	46.86052462
61.85327016	46.87274186
61.81317807	46.84235986
61.82237733	46.84933111
61.83810322	46.86124827
61.82050537	46.84791253
61.82578037	46.85190995
61.84124746	46.863631
61.85633165	46.87506188
61.8447402	46.86627781
61.8680693	46.88395673
61.83068384	46.85562583
61.85181006	46.87163539
61.85529888	46.87427924
61.8383582	46.8614415
61.86182023	46.87922115
61.83631634	46.85989416
61.86464725	46.88136348
61.85463684	46.87377754
61.85694992	46.8755304
61.84396198	46.86568807
61.86834872	46.88416848
61.86186584	46.87925572
61.84343688	46.86529015
61.8534763	46.87289808
61.87699734	46.89072244
61.86647853	46.88275123
61.87685226	46.8906125
61.84658597	46.86767655
61.88517447	46.89691912
61.89754685	46.90629497
61.84372999	46.86551227
61.86785566	46.88379483
61.90550429	46.91232516
61.90070984	46.9086919
61.83114887	46.85597823
61.90461076	46.91164805
61.92268997	46.92534856
61.87589157	46.88988449
61.86568861	46.88215263
61.91881577	46.92241268
61.90400459	46.91118868
61.88733614	46.89855724
61.89344807	46.9031889
61.91812064	46.9218859
61.93375738	46.93373551
61.89550271	46.90474592
61.89270825	46.90262826
61.91905675	46.92259529
61.91927751	46.92276258
61.91031063	46.91596744
61.90071927	46.90869905
61.90002522	46.9081731
61.92337822	46.92587012
61.90960137	46.91542996
61.91664506	46.9207677
61.94088612	46.93913771
61.92173345	46.92462371
61.91855048	46.92221164
61.92817793	46.92950737
61.91356763	46.91843561
61.91596512	46.92025244
61.93921218	46.93786919
61.94067876	46.93898057
61.92607862	46.9279165
61.91988686	46.92322435
61.96215333	46.95525411
61.95168394	46.94732036
61.91342438	46.91832705
61.9433629	46.94101462
61.9782159	46.96742642
61.95605485	46.95063265
61.93693028	46.93613995
61.95779557	46.95195178
61.97020732	46.96135747
61.95726335	46.95154846
61.94443534	46.94182733
61.98675635	46.97389841
61.96985451	46.96109011
61.9459286	46.94295893
61.96653235	46.95857256
61.98489768	46.9724899
61.9461472	46.94312458
61.97174671	46.96252403
61.98211555	46.97038159
61.97950458	46.96840298
61.96735542	46.95919629
61.96558026	46.95785106
61.99548579	46.98051364
61.9906456	46.97684571
61.96071823	46.95416659
61.99069053	46.97687976
62.01261559	46.99349469
61.98148766	46.96990577
61.97161492	46.96242416
62.01301322	46.99379602
62.00552627	46.98812236
61.99262751	46.97834762
61.99010889	46.97643899
62.01510521	46.99538133
62.01039693	46.99181338
61.9943317	46.97963906
62.00670484	46.98901549
62.02350637	47.00174778
62.00871115	46.99053588
62.00270387	46.98598354
62.03725947	47.01216995
62.01932165	46.99857658
62.0234733	47.00172272
62.03372084	47.00948836
62.04930722	47.0212998
62.00972412	46.99130351
62.01115731	46.99238959
62.04290539	47.01644846
62.05234293	47.02360028
62.0239428	47.00207851
62.02409727	47.00219557
62.03747808	47.01233562
62.06980744	47.03683498
62.01647523	46.99641955
62.05662107	47.02684228
62.04701662	47.01956397
62.05097364	47.02256262
62.02891075	47.00584325
62.05766747	47.02763525
62.07041141	47.03729268
62.06186843	47.03081876
62.03486185	47.01035302
62.06960546	47.03668192
62.09389605	47.05508946
62.05566323	47.02611642
62.05192295	47.02328201
62.09689223	47.05735998
62.07189218	47.03841481
62.04984839	47.0217099
62.09217593	47.05378595
62.10767053	47.06552783
62.08051943	47.04495258
62.04463291	47.01775759
62.09759137	47.05788979
62.1101253	47.06738807
62.04446435	47.01762985
62.06573419	47.03374825
62.12493564	47.07861143
62.118265	47.07355638
62.04793946	47.02026331
62.07856772	47.04347357
62.13484935	47.08612409
62.09935384	47.0592254
62.03530738	47.01069065
62.09165864	47.05339394
62.15871225	47.10420752
62.08832906	47.05087077
62.06440426	47.03274042
62.14787696	47.09599648
62.13525469	47.08643126
62.07835615	47.04331324
62.09750116	47.05782143
62.14614694	47.09468547
62.12550941	47.07904623
62.09206763	47.05370387
62.09937684	47.05924283
62.14396214	47.09302981
62.1396331	47.08974924
62.11992326	47.07481302
62.12052222	47.07526691
62.14678901	47.09517203
62.15073964	47.09816584
62.12144317	47.07596481
62.1408814	47.09069521
62.17260182	47.11473312
62.13511174	47.08632293
62.11239548	47.06910843
62.16424647	47.10840139
62.18807827	47.12646125
62.13225226	47.084156
62.13513861	47.0863433
62.17408598	47.11585782
62.16106567	47.10599096
62.1320966	47.08403804
62.15163436	47.09884386
62.17957783	47.12001957
62.16145749	47.10628789
62.13310247	47.08480029
62.16237596	47.1069839
62.19717471	47.13335458
62.15343898	47.10021142
62.15591389	47.10208692
62.17541109	47.11686199
62.20290629	47.13769801
62.14699266	47.09532636
62.16011752	47.10527244
62.19015902	47.12803806
62.18615958	47.12500726
62.14922785	47.09702019
62.17617213	47.11743872
62.2234379	47.15325697
62.16676645	47.11031104
62.18673644	47.12544441
62.21557779	47.14730054
62.20972036	47.14286175
62.1905021	47.12829805
62.17698954	47.11805815
62.21539232	47.14715999
62.21603899	47.14765004
62.17135059	47.11378493
62.20943371	47.14264452
62.20958701	47.1427607
62.17591069	47.1172406
62.18319288	47.12275907
62.22980043	47.15807853
62.22319876	47.15307575
62.18500638	47.12413336
62.21990762	47.15058171
62.22747332	47.15631503
62.20537236	47.13956681
62.21464381	47.14659277
62.22404347	47.15371587
62.24066333	47.16631049
62.21778231	47.14897114
62.22513121	47.15454017
62.2273406	47.15621446
62.24586147	47.17024967
62.20454384	47.13893895
62.22402402	47.15370114
62.26309083	47.18330617
62.24489537	47.16951756
62.21264943	47.14508141
62.26494412	47.18471061
62.24867523	47.17238196
62.22939745	47.15777315
62.24102771	47.16658662
62.2508828	47.17405487
62.27917039	47.19549135
62.24595707	47.17032212
62.2573656	47.17896757
62.25730451	47.17892127
62.27557814	47.19276912
62.24510097	47.16967336
62.26930541	47.18801562
62.2705483	47.18895749
62.26998076	47.1885274
62.26646494	47.18586309
62.29212924	47.20531164
62.26212472	47.18257406
62.27749191	47.19421939
62.28264588	47.1981251
62.27454563	47.19198668
62.27079561	47.1891449
62.27855956	47.19502846
62.29970086	47.21104946
62.3071231	47.21667407
62.2897781	47.20352994
62.28932428	47.20318602
62.28300667	47.1983985
62.27871246	47.19514433
62.29031499	47.2039368
62.31056669	47.21928364
62.29864611	47.21025016
62.29790435	47.20968805
62.31014275	47.21896237
62.31794095	47.22487189
62.28666942	47.20117416
62.3012773	47.21224409
62.34999939	47.24916595
62.30583609	47.21569876
62.29855763	47.21018311
62.34094509	47.24230455
62.33100653	47.23477306
62.29560403	47.20794485
62.34215677	47.24322277
62.3295268	47.23365172
62.30235943	47.21306414
62.33216545	47.2356513
62.34164119	47.24283206
62.33832776	47.24032113
62.33003815	47.23403922
62.34461883	47.24508853
62.32823882	47.23267568
62.33371774	47.23682763
62.34377845	47.24445169
62.34367124	47.24437045
62.35438545	47.25248973
62.34804757	47.24768685
62.34591756	47.24607272
62.37804284	47.27041743
62.35705983	47.25451639
62.33819441	47.24022007
62.37214779	47.26595013
62.36714322	47.26215764
62.33586143	47.23845213
62.37277396	47.26642464
62.40818447	47.29325892
62.35639127	47.25400975
62.34441216	47.24493192
62.41680521	47.29979176
62.38487659	47.27559608
62.37235559	47.2661076
62.35707931	47.25453115
62.4072089	47.29251963
62.38744195	47.27754013
62.35514992	47.25306905
62.38020766	47.27205794
62.41073778	47.29519383
62.38844301	47.27829874
62.36855465	47.26322723
62.39992147	47.28699717
62.42972465	47.30958219
62.34323751	47.24404176
62.379532	47.27154592
62.42269895	47.30425807
62.41082435	47.29525943
62.38379247	47.27477453
62.40914869	47.29398961
62.42408235	47.30530642
62.42230406	47.30395882
62.38329587	47.2743982
62.41664484	47.29967023
62.45086311	47.32560102
62.40577283	47.29143137
62.37710484	47.2697066
62.4255745	47.30643717
62.44314687	47.31975361
62.41075293	47.29520531
62.42208677	47.30379416
62.43272441	47.31185542
62.44330537	47.31987373
62.41424246	47.2978497
62.4224243	47.30404994
62.43781192	47.31571076
62.44627946	47.32212751
62.41510881	47.29850622
62.42243563	47.30405852
62.45166804	47.32621101
62.45370583	47.32775526
62.42016407	47.30233713
62.44373211	47.32019711
62.45795844	47.3309779
62.45122933	47.32587855
62.44305503	47.31968402
62.45432838	47.32822702
62.46071627	47.3330678
62.44584482	47.32179814
62.44027458	47.31757698
62.46132195	47.33352679
62.4594974	47.33214413
62.47438649	47.34342717
62.45069817	47.32547603
62.47107499	47.34091769
62.48897196	47.35448011
62.45769124	47.33077542
62.47543976	47.34422534
62.48629717	47.35245315
62.47447464	47.34349397
62.4776852	47.34592694
62.50347318	47.36546922
62.46946153	47.33969501
62.48436857	47.35099164
62.50317841	47.36524584
62.4957181	47.35959237
62.48132352	47.34868408
62.50738267	47.36843185
62.49175315	47.35658771
62.50317753	47.36524517
62.50181963	47.36421615
62.5044181	47.36618528
62.5082209	47.36906706
62.51427788	47.37365708
62.48873944	47.35430391
62.51946188	47.37758554
62.53061403	47.3860367
62.49440342	47.35859611
62.50148087	47.36395943
62.51578744	47.37480103
62.51358633	47.37313301
62.50558118	47.36706667
62.52501315	47.38179232
62.52511924	47.38187272
62.53591517	47.39005393
62.51552045	47.3745987
62.4982558	47.36151546
62.54294763	47.39538317
62.53893433	47.39234187
62.53023931	47.38575274
62.53381573	47.38846297
62.55554436	47.40492904
62.54205851	47.39470939
62.52444289	47.38136018
62.5404582	47.39349666
62.55485972	47.40441022
62.55332332	47.40324592
62.5342825	47.38881669
62.53758701	47.39132086
62.57732684	47.42143592
62.56256191	47.41024698
62.5181508	47.37659199
62.56711015	47.41369365
62.60383559	47.4415244
62.53131974	47.38657149
62.54121218	47.39406804
62.60822634	47.44485173
62.57289211	47.41807525
62.53581792	47.38998024
62.55729356	47.40625459
62.61238046	47.44799974
62.58646102	47.42835785
62.54634033	47.39795417
62.56872169	47.41491489
62.61350665	47.44885318
62.53964494	47.39288037
62.56293993	47.41053344
62.61978012	47.45360724
62.62091908	47.45447036
62.58570839	47.4277875
62.57036617	47.41616109
62.61729776	47.4517261
62.59114227	47.43190533
62.56939173	47.41542265
62.59420074	47.43422305
62.61847435	47.45261772
62.61995625	47.45374072
62.59490377	47.43475581
62.60275938	47.44070883
62.64633255	47.47372882
62.61399674	47.44922457
62.58364236	47.42622186
62.62364222	47.45653397
62.64116565	47.46981331
62.59410723	47.43415219
62.63008855	47.46141902
62.64488634	47.47263288
62.6220243	47.4553079
62.60182891	47.44000372
62.61407634	47.44928489
62.67073402	47.49222038
62.63699675	47.4666541
62.59763696	47.43682704
62.63414854	47.46449571
62.65928131	47.48354146
62.61168211	47.44747053
62.61012454	47.44629019
62.67011008	47.49174756
62.66898586	47.49089562
62.61737913	47.45178776
62.63484718	47.46502515
62.69854103	47.51329268
62.6563738	47.48133813
62.61854096	47.4526682
62.64663926	47.47396124
62.68658842	47.50423494
62.66429422	47.48734027
62.62217351	47.45542096
62.66253628	47.48600809
62.70618651	47.51908647
62.6557271	47.48084806
62.6558556	47.48094544
62.7034249	47.51699371
62.69131627	47.50781772
62.65311654	47.47886976
62.67322618	47.49410895
62.69651223	47.51175525
62.7124819	47.52385715
62.65080722	47.47711975
62.66636769	47.48891156
62.72249099	47.5314421
62.6830155	47.50152736
62.65318	47.47891785
62.6888343	47.50593687
62.74151168	47.54585608
62.67546943	47.49580891
62.6772863	47.49718574
62.72860691	47.53607677
62.72503533	47.53337021
62.67475186	47.49526513
62.68384832	47.50215847
62.72418346	47.53272466
62.72190402	47.53099729
62.68415342	47.50238968
62.70638384	47.51923601
62.74232085	47.54646927
62.70765382	47.52019841
62.6977319	47.51267952
62.71068286	47.52249383
62.73864923	47.5436869
62.71989907	47.52947792
62.69180707	47.50818966
62.72556953	47.53377503
62.74940163	47.55183512
62.70724793	47.51989082
62.71646918	47.52687874
62.74368339	47.54750181
62.74889026	47.5514476
62.69732672	47.51237248
62.72031763	47.52979511
62.75116391	47.55317059
62.74244957	47.54656681
62.72463877	47.53306969
62.7514966	47.5534227
62.74859845	47.55122647
62.74099836	47.54546708
62.72776593	47.53543948
62.77452519	47.57087389
62.76708288	47.56523407
62.72365946	47.53232757
62.75665793	47.55733399
62.7808366	47.57565671
62.76672466	47.56496261
62.7372578	47.54263247
62.73904094	47.54398373
62.76995931	47.56741384
62.78480779	47.5786661
62.75243519	47.55413397
62.75654524	47.55724859
62.78242641	47.57686148
62.78179614	47.57638386
62.73201896	47.53866244
62.75944092	47.55944295
62.8104484	47.5980967
62.76925222	47.56687801
62.75684259	47.55747393
62.76248109	47.56174681
62.8042088	47.59336829
62.77737877	47.57303635
62.77597736	47.57197436
62.78687876	47.5802355
62.80159848	47.59139018
62.7835332	47.57770022
62.78902795	47.58186416
62.79471599	47.58617459
62.81100319	47.59851712
62.78770284	47.58085999
62.79909848	47.58949567
62.83612799	47.61755683
62.81343452	47.60035959
62.78787623	47.58099138
62.81098662	47.59850456
62.82933421	47.61240847
62.83156922	47.61410217
62.79118219	47.58349666
62.82610994	47.6099651
62.85875933	47.63470698
62.81726981	47.60326599
62.8003799	47.59046673
62.84737963	47.62608338
62.84927363	47.62751867
62.80148065	47.59130089
62.83832028	47.61921815
62.83750128	47.61859751
62.82525322	47.60931587
62.82264289	47.60733774
62.81817179	47.60394953
62.83765114	47.61871108
62.85177489	47.62941413
62.82801343	47.61140757
62.83894062	47.61968825
62.85944632	47.63522758
62.85782563	47.63399942
62.85325655	47.63053695
62.85731115	47.63360954
62.86431971	47.63892067
62.84719654	47.62594464
62.84650215	47.62541842
62.87031719	47.64346559
62.86348737	47.63828991
62.85846337	47.6344827
62.87432841	47.64650531
62.88619754	47.65549981
62.86840737	47.64201832
62.87117717	47.64411728
62.85362928	47.6308194
62.86538368	47.63972695
62.88772428	47.65665678
62.86689859	47.64087496
62.88979533	47.65822623
62.87342891	47.64582366
62.87830727	47.64952051
62.88018615	47.65094434
62.88960672	47.65808329
62.88562992	47.65506966
62.88495416	47.65455756
62.89143897	47.65947179
62.88702119	47.65612397
62.89857654	47.66488068
62.88874578	47.65743088
62.88754666	47.65652218
62.90067798	47.66647315
62.89076799	47.65896332
62.91026963	47.67374176
62.88799591	47.65686262
62.89624089	47.66311071
62.91196816	47.67502892
62.88761419	47.65657335
62.89450476	47.66179506
62.90648475	47.67087356
62.9084909	47.67239383
62.89289474	47.66057498
62.90867828	47.67253583
62.92803294	47.6872029
62.9363602	47.69351334
62.92435076	47.68441252
62.91334272	47.67607056
62.90605188	47.67054553
62.91245016	47.67539418
62.94868911	47.70285625
62.94911775	47.70318108
62.9261106	47.68574614
62.92536955	47.68518456
62.93781419	47.69461518
62.93604	47.69327069
62.93205897	47.69025385
62.92944806	47.68827528
62.95300454	47.70612651
62.96481499	47.71507653
62.92689904	47.68634362
62.94009452	47.69634323
62.98239754	47.72840068
62.94847038	47.7026905
62.93172577	47.69000135
62.97189093	47.72043872
62.96559158	47.71566504
62.95719843	47.70930466
62.92749614	47.6867961
62.95432701	47.70712869
62.98360633	47.72931671
62.9693522	47.71851485
62.93545729	47.69282911
62.98437924	47.72990243
62.98895359	47.7333689
62.96588858	47.7158901
62.94866235	47.70283597
63.00044547	47.7420775
62.98418062	47.72975191
62.95269638	47.70589298
62.93869466	47.69528241
63.00705889	47.74708919
63.00432391	47.7450166
62.95800635	47.7099169
62.95731151	47.70939035
63.00645729	47.74663329
63.01677483	47.75445197
62.9601292	47.71152562
62.98837971	47.732934
63.0074338	47.74737329
62.98711157	47.731973
62.96000818	47.7114339
63.00228945	47.74347488
63.01232875	47.75108272
63.00021418	47.74190223
62.97069134	47.71952966
62.99306824	47.736487
63.01249557	47.75120913
63.01053622	47.74972433
63.00514292	47.74563725
63.0316964	47.76575963
63.02797661	47.76294075
62.98879602	47.73324948
63.02164787	47.7581448
63.0325266	47.76638875
63.00988303	47.74922933
63.02520046	47.76083696
63.05376061	47.78248
63.02864556	47.76344768
63.02011242	47.75698122
63.04239463	47.7738668
63.03450229	47.76788594
63.04503145	47.775865
63.05107047	47.7804414
63.02666128	47.76194398
63.0344812	47.76786996
63.02977114	47.76430065
63.04558601	47.77628524
63.0552269	47.78359116
63.04979215	47.77947268
63.04798991	47.77810693
63.05416351	47.78278532
63.05945519	47.78679539
63.02582368	47.76130925
63.06630796	47.79198845
63.06565472	47.79149342
63.05143866	47.78072042
63.05149961	47.7807666
63.06652825	47.79215539
63.07525088	47.79876544
63.07416425	47.79794199
63.06704789	47.79254917
63.06842819	47.79359518
63.08093838	47.80307546
63.07494449	47.79853326
63.05233354	47.78139856
63.10478672	47.82114786
63.09845454	47.8163493
63.05708777	47.78500134
63.09269138	47.81198195
63.10697804	47.82280846
63.09556207	47.81415738
63.05826325	47.78589213
63.07568331	47.79909314
63.1391404	47.84718127
63.10122801	47.81845105
63.07975892	47.80218166
63.08199026	47.80387258
63.13865641	47.8468145
63.11768179	47.83091981
63.06699832	47.79251161
63.11194623	47.82657338
63.16392046	47.86595973
63.11012325	47.82519191
63.06247283	47.78908217
63.12470997	47.83624581
63.16168523	47.86426586
63.10461951	47.82102115
63.09644157	47.81482386
63.13337418	47.84281159
63.16014827	47.86310114
63.10531865	47.82155096
63.10955886	47.82476422
63.15297604	47.85766599
63.14563797	47.85210516
63.10850169	47.82396309
63.12478845	47.83630528
63.16501358	47.8667881
63.14565595	47.85211878
63.11078106	47.82569041
63.10540806	47.82161872
63.17118206	47.87146261
63.14529626	47.85184621
63.11101704	47.82586923
63.1318163	47.84163103
63.15288262	47.8575952
63.15312584	47.85777951
63.1329905	47.84252084
63.16875358	47.86962229
63.17498962	47.874348
63.1354022	47.84434844
63.13368435	47.84304664
63.17557125	47.87478876
63.19104374	47.8865139
63.15073694	47.85596919
63.15255995	47.85735067
63.18874492	47.88477184
63.18828074	47.88442008
63.16793865	47.86900474
63.15850612	47.86185671
63.18141216	47.87921503
63.18153084	47.87930497
63.17101839	47.87133858
63.18121752	47.87906753
63.20027516	47.89350952
63.17000357	47.87056954
63.17464935	47.87409014
63.19036813	47.88600192
63.20731633	47.89884536
63.19577004	47.89009552
63.18970221	47.88549728
63.22656853	47.91343478
63.18971532	47.88550721
63.20472257	47.89687979
63.19204268	47.8872709
63.19901651	47.89255571
63.18203574	47.87968759
63.20168568	47.89457842
63.22858507	47.91496292
63.22299117	47.91072383
63.18442089	47.88149507
63.19956047	47.89296792
63.22802965	47.91454202
63.20925348	47.90031334
63.20488171	47.89700039
63.21107132	47.90169091
63.23580192	47.92043189
63.23593719	47.9205344
63.20201717	47.89482962
63.21373994	47.9037132
63.22962334	47.91574973
63.23473555	47.91962379
63.20958122	47.9005617
63.21871769	47.90748537
63.24354531	47.92629987
63.25676018	47.93631417
63.21009046	47.90094761
63.23981892	47.923476
63.25643463	47.93606747
63.23554187	47.92023482
63.23957768	47.92329318
63.2423226	47.92537329
63.28169187	47.95520754
63.24533844	47.92765871
63.21949889	47.90807736
63.25652228	47.93613389
63.28471965	47.95750201
63.24397075	47.92662227
63.24789508	47.92959615
63.26643771	47.94364785
63.29939413	47.96862241
63.26950914	47.94597541
63.26532528	47.94280485
63.30314069	47.97146157
63.28287151	47.95610148
63.27109821	47.94717961
63.25542736	47.93530416
63.29638788	47.96634426
63.29927828	47.96853462
63.27166299	47.9476076
63.26374496	47.94160727
63.30930578	47.97613351
63.32243739	47.98608472
63.26491899	47.94249696
63.2734113	47.94893248
63.30756787	47.97481651
63.3104473	47.97699856
63.26419501	47.94194833
63.30438503	47.97240454
63.32603765	47.98881301
63.32587939	47.98869308
63.27782681	47.95227858
63.30986001	47.97655351
63.33192517	47.9932746
63.31113616	47.97752058
63.30803127	47.97516768
63.32023562	47.9844162
63.32305247	47.98655083
63.31803486	47.98274846
63.29808432	47.96762983
63.30983755	47.97653649
63.34131727	48.00039199
63.31510441	47.98052775
63.30772679	47.97493694
63.33734903	47.99738483
63.33088281	47.9924847
63.33135946	47.99284591
63.30829637	47.97536857
63.32818578	47.99044088
63.35959225	48.01424087
63.32913774	47.99116228
63.32047801	47.98459989
63.35541234	48.01107331
63.34870505	48.00599049
63.31048935	47.97703043
63.33977491	47.99922318
63.35391285	48.00993699
63.35003305	48.00699686
63.35198932	48.00847933
63.33542439	47.99592634
63.35492387	48.01070314
63.35886671	48.01369105
63.3563421	48.01177789
63.37742327	48.02775331
63.35776715	48.0128578
63.37654898	48.02709077
63.36553471	48.0187441
63.37027534	48.02233657
63.37709825	48.02750701
63.37241814	48.0239604
63.36928719	48.02158774
63.38379228	48.03257978
63.40006917	48.0449145
63.37819951	48.02834155
63.37661003	48.02713703
63.3798815	48.02961617
63.40162437	48.04609303
63.40343094	48.04746207
63.36694492	48.01981276
63.37156424	48.02331331
63.37834151	48.02844916
63.39480266	48.04092351
63.3761359	48.02677774
63.40383215	48.04776611
63.39801372	48.04335686
63.40777235	48.05075201
63.38261928	48.03169087
63.39491782	48.04101078
63.42104284	48.06080846
63.39897218	48.04408319
63.39244567	48.03913736
63.41792745	48.0584476
63.41949478	48.05963533
63.41187371	48.05386004
63.40696798	48.05014246
63.44406021	48.07825114
63.40173084	48.04617372
63.37798568	48.02817951
63.41338653	48.05500646
63.43698014	48.07288583
63.42530117	48.06403544
63.40377381	48.04772189
63.43975529	48.07498885
63.44138783	48.076226
63.4263219	48.06480896
63.42069899	48.06054789
63.44981194	48.08260983
63.43471203	48.07116705
63.43221187	48.06927241
63.43786696	48.07355786
63.43295043	48.06983209
63.446116	48.07980903
63.42880675	48.06669199
63.43870273	48.07419122
63.459448	48.0899121
63.43555421	48.07180525
63.44901597	48.08200665
63.45134037	48.08376809
63.46759663	48.09608717
63.43801436	48.07366957
63.44624596	48.07990752
63.46555359	48.09453894
63.45159824	48.08396351
63.46482955	48.09399026
63.46715638	48.09575354
63.48857783	48.11198684
63.47588408	48.10236744
63.47762451	48.10368635
63.46409513	48.09343372
63.47834213	48.10423017
63.47956851	48.10515952
63.48206635	48.10705241
63.48578763	48.10987241
63.47513331	48.10179851
63.46915619	48.09726901
63.48439286	48.10881544
63.50757399	48.12638223
63.48614453	48.11014287
63.48589978	48.1099574
63.49790912	48.11905814
63.51883117	48.13491298
63.49993063	48.12059005
63.48544897	48.10961577
63.49996576	48.12061667
63.51870083	48.13481421
63.50238272	48.12244826
63.50012509	48.12073741
63.49870678	48.11966261
63.51241765	48.13005278
63.51527489	48.13221802
63.49017125	48.11319434
63.52441745	48.1391463
63.52890561	48.14254745
63.52425267	48.13902142
63.50188709	48.12207267
63.52876333	48.14243963
63.52857951	48.14230033
63.54649527	48.15587698
63.50320067	48.12306811
63.52914502	48.14272887
63.55414737	48.16167579
63.53187034	48.14479413
63.50680801	48.12580176
63.53381403	48.14626707
63.56314989	48.16849794
63.55050146	48.1589129
63.52948857	48.14298921
63.55762201	48.16430889
63.56165103	48.1673621
63.54487875	48.15465198
63.54609117	48.15557076
63.56604942	48.17069522
63.56470472	48.16967621
63.56274714	48.16819274
63.54626189	48.15570013
63.55902437	48.16537161
63.59040112	48.18914907
63.55725945	48.16403414
63.54980453	48.15838476
63.60880813	48.20309801
63.5757623	48.1780557
63.54016842	48.15108247
63.56908848	48.17299824
63.60933186	48.2034949
63.57710457	48.17907288
63.56141091	48.16718013
63.57928117	48.18072232
63.59981493	48.19628291
63.57010457	48.17376824
63.54842719	48.15734101
63.59591195	48.19332521
63.60465731	48.19995249
63.57677846	48.17882575
63.56890084	48.17285605
63.60934761	48.20350683
63.6226945	48.21362117
63.5644428	48.16947772
63.56699796	48.17141404
63.61647488	48.20890791
63.612132	48.20561686
63.58993306	48.18879438
63.57440344	48.17702595
63.60658971	48.20141687
63.63575987	48.22352218
63.59666973	48.19389946
63.58986989	48.18874651
63.60416021	48.19957579
63.60734274	48.20198752
63.6170398	48.20933601
63.61274785	48.20608355
63.63195952	48.22064226
63.64228239	48.22846498
63.61146434	48.2051109
63.58399577	48.18429506
63.62626565	48.21632741
63.64609861	48.23135693
63.61680152	48.20915544
63.62104061	48.21236785
63.6531844	48.23672659
63.64220417	48.22840571
63.59289876	48.1910418
63.63487637	48.22285266
63.67316769	48.25187003
63.63168543	48.22043455
63.63049001	48.21952865
63.63893124	48.22592546
63.65714642	48.23972902
63.65106999	48.23512427
63.64383339	48.22964034
63.65269129	48.2363529
63.66274067	48.24396837
63.65454755	48.23775959
63.63882155	48.22584234
63.66032414	48.24213712
63.66549215	48.24605346
63.65738579	48.23991042
63.67317475	48.25187538
63.63629945	48.22393108
63.67789179	48.25544998
63.67485633	48.25314969
63.66346777	48.24451938
63.66482422	48.2455473
63.68786298	48.2630062
63.7020822	48.2737816
63.66485223	48.24556853
63.6705644	48.24989724
63.68312957	48.2594192
63.68287494	48.25922623
63.67496282	48.25323039
63.70115003	48.2730752
63.69575255	48.26898496
63.6977506	48.27049909
63.6899143	48.2645607
63.71724448	48.28527166
63.71097469	48.28052038
63.68731049	48.26258752
63.68531008	48.2610716
63.70763092	48.27798645
63.70396043	48.27520493
63.69866748	48.27119391
63.71039908	48.28008418
63.73533848	48.29898339
63.71396481	48.2827863
63.71006269	48.27982926
63.7217196	48.28866293
63.71807312	48.2858996
63.72472308	48.29093898
63.71673008	48.28488184
63.7279327	48.29337125
63.73024328	48.29512222
63.723467	48.28998712
63.71326184	48.28225359
63.71722801	48.28525917
63.73398508	48.29795778
63.71919531	48.28675001
63.72920845	48.29433802
63.74814406	48.30868753
63.74727213	48.30802677
63.73118896	48.29583886
63.72929373	48.29440265
63.74333315	48.3050418
63.74054761	48.30293089
63.72504776	48.29118503
63.76183796	48.31906484
63.77365848	48.32802249
63.75006434	48.31014272
63.72521352	48.29131064
63.7547676	48.31370688
63.75511199	48.31396786
63.74229066	48.30425179
63.74236546	48.30430847
63.78022136	48.33299588
63.74977374	48.30992251
63.76106298	48.31847755
63.76326395	48.32014546
63.75925155	48.31710484
63.76047224	48.31802989
63.76421602	48.32086695
63.77960563	48.33252927
63.78951867	48.34004143
63.75801269	48.31616602
63.75458941	48.31357185
63.77959436	48.33252073
63.79682546	48.34557855
63.76058272	48.31811361
63.74945102	48.30967795
63.79162476	48.34163743
63.80700524	48.35329285
63.78595216	48.33733871
63.76494764	48.32142137
63.79753214	48.34611408
63.80489126	48.35169086
63.7754976	48.32941619
63.78494138	48.33657274
63.81303943	48.35786559
63.80488992	48.35168984
63.80486287	48.35166935
63.79889651	48.34714801
63.82581552	48.36754738
63.80996695	48.35553724
63.80857846	48.35448504
63.78294377	48.33505894
63.82038651	48.36343325
63.82190938	48.36458729
63.81002644	48.35558233
63.79559494	48.34464606
63.83453654	48.37415621
63.82620273	48.3678408
63.80376954	48.35084081
63.8224088	48.36496575
63.83919049	48.377683
63.83402924	48.37377178
63.82792358	48.36914488
63.84051734	48.3786885
63.83493318	48.37445679
63.8492688	48.3853204
63.81378615	48.35843146
63.83876529	48.37736078
63.85123947	48.38681378
63.82636412	48.36796311
63.85134349	48.38689261
63.86172432	48.39475926
63.83583569	48.37514071
63.83584138	48.37514503
63.86714261	48.39886527
63.85326048	48.38834532
63.85178103	48.38722418
63.84245983	48.38016053
63.86829951	48.39974198
63.84831571	48.38459815
63.85327193	48.38835399
63.84075085	48.37886545
63.89796648	48.42222376
63.88629867	48.41338183
63.83306681	48.37304244
63.8632059	48.39588201
63.90076269	48.42434275
63.87355148	48.40372194
63.87556911	48.40525092
63.87976772	48.40843265
63.90429299	48.42701802
63.89174432	48.41750857
63.87302601	48.40332374
63.88585826	48.41304809
63.90353459	48.42644331
63.88484284	48.4122786
63.88391252	48.4115736
63.89490228	48.4199017
63.91525399	48.43532433
63.91519973	48.43528321
63.90968336	48.43110288
63.89579942	48.42058156
63.89962027	48.42347702
63.93849949	48.4529399
63.90397569	48.42677758
63.89603394	48.42075928
63.91716785	48.43677467
63.92870991	48.4455213
63.90962114	48.43105573
63.93710871	48.45188596
63.91430099	48.43460214
63.91272912	48.43341097
63.9160299	48.43591232
63.92461059	48.44241482
63.94153237	48.45523823
63.94301621	48.45636269
63.9026207	48.42575076
63.93405112	48.4495689
63.95712899	48.46705743
63.94014999	48.45419066
63.91771636	48.43719033
63.93479646	48.45013372
63.95304222	48.46396046
63.94250026	48.4559717
63.93750073	48.45218304
63.93913041	48.45341802
63.95788024	48.46762673
63.95116765	48.4625399
63.94052499	48.45447483
63.9308308	48.44712852
63.97794395	48.48283112
63.96414007	48.47237047
63.93819411	48.45270848
63.96544514	48.47335946
63.9821065	48.48598553
63.9607595	48.46980865
63.95893128	48.46842322
63.95866831	48.46822394
63.99469477	48.49552499
63.96965537	48.47654999
63.96282957	48.47137736
63.9795759	48.48406783
63.98538581	48.48847061
63.98116521	48.48527221
63.96291774	48.47144418
63.97232655	48.47857423
63.98857601	48.49088816
63.97294987	48.47904658
63.9816859	48.4856668
64.01287803	48.50930436
63.99077973	48.49255815
63.98438044	48.48770873
63.9990743	48.49884382
63.98594313	48.48889295
64.01242585	48.50896169
63.9868149	48.48955357
63.99480039	48.49560503
64.02839251	48.52106131
64.00895275	48.50632976
63.98319535	48.48681066
64.01897915	48.51392782
64.01564536	48.51140145
64.00719909	48.50500083
63.99384691	48.49488247
64.0259008	48.51917309
64.03071975	48.52282491
64.0130864	48.50946226
64.0112577	48.50807646
64.02911448	48.52160842
64.0197996	48.51454956
64.00566829	48.50384078
64.02095457	48.5154248
64.03584849	48.5267115
64.03143702	48.52336846
64.04834312	48.53617999
64.02218505	48.51635727
64.05578962	48.54182299
64.04739136	48.53545875
64.03366207	48.52505461
64.02812367	48.52085759
64.05670082	48.54251351
64.05566336	48.54172731
64.03610972	48.52690946
64.04023888	48.53003856
64.07126344	48.55354914
64.0548404	48.54110367
64.02571939	48.51903561
64.05917066	48.54438516
64.08788564	48.56614553
64.05698819	48.54273128
64.01694165	48.51238379
64.06432039	48.54828766
64.07220813	48.55426503
64.05636421	48.54225842
64.03204007	48.52382545
64.09212795	48.56936038
64.07779802	48.55850107
64.06402876	48.54806666
64.06327195	48.54749314
64.07581285	48.5569967
64.09060637	48.56820731
64.06205048	48.54656751
64.0462014	48.53455699
64.11148565	48.58402975
64.10385621	48.57824811
64.05524826	48.54141275
64.07293341	48.55481465
64.09432639	48.57102636
64.10054353	48.57573774
64.06468693	48.54856542
64.08484223	48.56383922
64.10668531	48.58039202
64.11889136	48.58964183
64.08822719	48.56640435
64.07332813	48.55511377
64.12831921	48.59678631
64.12833006	48.59679453
64.08063674	48.56065227
64.0945301	48.57118074
64.1345209	48.60148598
64.11943125	48.59005096
64.10901994	48.58216122
64.12533328	48.59452355
64.10896854	48.58212227
64.13506299	48.60189678
64.11569533	48.58721986
64.12188079	48.59190724
64.13749424	48.60373919
64.13362415	48.60080642
64.13362128	48.60080425
64.12712473	48.59588112
64.13663902	48.6030911
64.13084789	48.59870255
64.12715316	48.59590267
64.14918849	48.61260116
64.14683959	48.61082115
64.1560471	48.61779865
64.15132155	48.6142176
64.12138445	48.59153111
64.15704399	48.6185541
64.17872962	48.63498759
64.11804368	48.58899946
64.16633559	48.62559532
64.18279709	48.63806994
64.17079314	48.62897328
64.14884342	48.61233967
64.15126781	48.61417688
64.16834432	48.62711755
64.18978368	48.64336441
64.15712921	48.61861868
64.15819006	48.6194226
64.18775211	48.64182488
64.1965481	48.64849053
64.16566814	48.62508953
64.17736533	48.63395372
64.22448326	48.66965994
64.16747368	48.62645777
64.15141387	48.61428757
64.2124248	48.66052197
64.18667366	48.64100763
64.18047492	48.63631019
64.19188458	48.64495649
64.1727516	48.63045741
64.18546238	48.64008971
64.18912899	48.64286829
64.19445094	48.64690128
64.1997824	48.6509415
64.22150471	48.66740278
64.19400008	48.64655963
64.19048487	48.64389578
64.22311129	48.66862025
64.19907214	48.65040326
64.20210476	48.65270139
64.21986731	48.66616195
64.23545428	48.67797384
64.20164574	48.65235355
64.2029691	48.6533564
64.23110577	48.67467852
64.23109999	48.67467413
64.20790737	48.65709864
64.23455911	48.67729548
64.22578454	48.67064606
64.23442584	48.67719448
64.22600047	48.67080969
64.20018516	48.65124671
64.23542398	48.67795088
64.25452331	48.69242446
64.2334768	48.6764753
64.22092299	48.66696195
64.22590885	48.67074026
64.23626968	48.67859175
64.26043436	48.69690388
64.24797873	48.68746494
64.26247079	48.6984471
64.25908244	48.69587939
64.25519898	48.69293648
64.22804323	48.67235771
64.23617298	48.67851848
64.27065011	48.70464543
64.23987922	48.68132708
64.23805915	48.67994783
64.26343596	48.69917851
64.2560204	48.69355896
64.26390374	48.69953299
64.25536155	48.69305968
64.26220477	48.6982455
64.2560653	48.69359298
64.28249961	48.71362505
64.28631378	48.71651545
64.26299995	48.69884809
64.28199732	48.71324441
64.29062852	48.71978517
64.27486706	48.70784106
64.26176578	48.69791284
64.28308843	48.71407125
64.29919106	48.72627392
64.29025833	48.71950464
64.2700491	48.70418998
64.30989743	48.73438726
64.30348996	48.72953164
64.27517798	48.70807668
64.28064528	48.71221983
64.29675168	48.72442534
64.31345443	48.73708278
64.32997596	48.74960288
64.28797778	48.71777644
64.30884546	48.73359008
64.31484652	48.73813771
64.28727762	48.71724585
64.28651289	48.71666633
64.30476132	48.73049509
64.3439025	48.76015649
64.31958399	48.74172779
64.30084909	48.72753038
64.32060867	48.7425043
64.34097976	48.75794162
64.33786165	48.7555787
64.30477751	48.73050736
64.31901136	48.74129385
64.35233273	48.76654496
64.32284853	48.74420168
64.30422906	48.73009174
64.34793319	48.76321097
64.36595268	48.77686623
64.33523874	48.75359105
64.29707685	48.72467176
64.34894832	48.76398023
64.37381898	48.78282736
64.33650447	48.75455022
64.321591	48.74324872
64.35005391	48.76481806
64.36950845	48.77956082
64.34524935	48.76117714
64.34773608	48.7630616
64.34738683	48.76279693
64.36239342	48.77416901
64.35638339	48.76961457
64.34763702	48.76298653
64.3655684	48.77657502
64.37178931	48.78128926
64.36755448	48.77808008
64.36104416	48.77314653
64.36607991	48.77696264
64.38330389	48.79001507
64.36231976	48.77411319
64.36917931	48.77931139
64.35162267	48.76600687
64.41332547	48.81276559
64.37385419	48.78285404
64.35093824	48.76548821
64.37046795	48.78028793
64.42278976	48.81993768
64.39941286	48.80222253
64.3664915	48.77727455
64.38752388	48.79321301
64.43306174	48.82772184
64.38136848	48.78854841
64.35278838	48.76689026
64.38562708	48.7917756
64.42353142	48.82049971
64.41035272	48.81051282
64.34691518	48.76243951
64.41373081	48.81307276
64.44346449	48.8356051
64.38032722	48.78775934
64.36658756	48.77734735
64.42204135	48.81937053
64.45748872	48.84623274
64.3888345	48.7942062
64.38521222	48.79146122
64.42309518	48.82016913
64.45781773	48.84648206
64.40292894	48.80488704
64.37075458	48.78050514
64.4456694	48.837276
64.46785106	48.85408538
64.39941592	48.80222486
64.36965476	48.77967169
64.47085364	48.85636075
64.47513173	48.85960271
64.40806075	48.80877595
64.40749991	48.80835095
64.47599785	48.86025906
64.47559648	48.8599549
64.43217996	48.82705362
64.40679975	48.80782036
64.47585611	48.86015164
64.48839083	48.86965052
64.41138436	48.8112946
64.42373139	48.82065125
64.49146741	48.87198198
64.46470217	48.85169913
64.42696604	48.82310248
64.45663376	48.84558485
64.48306872	48.8656174
64.46231616	48.849891
64.444531	48.83641331
64.44223002	48.83466961
64.48570861	48.86761792
64.49526575	48.87486037
64.44377937	48.83584372
64.43770439	48.83124006
64.4965344	48.87582176
64.46910932	48.85503889
64.44917994	48.8399363
64.45691667	48.84579923
64.51148132	48.88714862
64.48062124	48.86376268
64.43319305	48.82782134
64.49403759	48.87392967
64.49554349	48.87507085
64.4668251	48.8533079
64.46769153	48.85396448
64.47194571	48.85718832
64.52393689	48.89658752
64.4748052	48.85935526
64.45681945	48.84572556
64.5100434	48.88605895
64.50567072	48.88274532
64.46065103	48.84862915
64.50024788	48.87863586
64.52969537	48.90095132
64.52799949	48.89966618
64.48836212	48.86962877
64.50303675	48.88074928
64.51403257	48.88908197
64.52565715	48.89789114
64.48028165	48.86350534
64.49839085	48.87722859
64.52571405	48.89793426
64.52654813	48.89856633
64.52003935	48.89363394
64.50536207	48.88251142
64.53416889	48.90434139
64.54470646	48.91232681
64.5006984	48.87897727
64.5179001	48.89201281
64.52920101	48.9005767
64.54650023	48.91368614
64.53841018	48.90755546
64.5360151	48.90574045
64.55523842	48.92030799
64.54531188	48.9127856
64.52135219	48.89462882
64.54335677	48.91130401
64.53840753	48.90755344
64.53556608	48.90540018
64.56719337	48.92936751
64.55736696	48.92192101
64.54069193	48.90928458
64.56322223	48.92635816
64.55399245	48.91936378
64.5522371	48.91803357
64.58901535	48.94590433
64.54356058	48.91145846
64.56159477	48.92512486
64.5845034	48.94248515
64.56885349	48.93062556
64.54895657	48.91554757
64.56778749	48.92981774
64.57913333	48.93841568
64.56906572	48.93078639
64.57881121	48.93817157
64.57326928	48.93397187
64.57748786	48.93716873
64.57734938	48.93706379
64.58351114	48.94173321
64.58410782	48.94218537
64.57747086	48.93715585
64.62584754	48.97381596
64.5705739	48.93192929
64.56830587	48.93021057
64.58390556	48.9420321
64.60280238	48.95635221
64.57979562	48.93891757
64.59806397	48.95276142
64.60913263	48.96114931
64.60342046	48.95682059
64.59658271	48.95163891
64.61231806	48.96356325
64.62739773	48.9749907
64.60452094	48.95765455
64.60975957	48.96162441
64.62690232	48.97461528
64.59804525	48.95274724
64.63496098	48.98072217
64.60584549	48.9586583
64.60811107	48.96037517
64.63399194	48.97998783
64.63717188	48.9823976
64.60701792	48.95954677
64.60996977	48.9617837
64.64435	48.98783722
64.63524339	48.98093619
64.62681382	48.97454821
64.60880857	48.96090374
64.65425017	48.99533963
64.62081547	48.97000263
64.60124754	48.95517394
64.61438502	48.9651296
64.65873346	48.99873709
64.6494945	48.99173575
64.63225241	48.9786696
64.63082796	48.97759015
64.65348573	48.99476033
64.65344478	48.9947293
64.65987978	48.99960578
64.6469735	48.98982533
64.6647403	49.0032891
64.64148156	48.98566351
64.64749409	48.99021983
64.67213407	49.00889214
64.66304769	49.00200643
64.65012869	48.99221635
64.64851046	48.99099005
64.68226969	49.01657297
64.68043656	49.01518381
64.65948396	48.99930582
64.65434457	48.99541116
64.69083507	49.02306386
64.68631279	49.01963685
64.65244993	48.99397539
64.67685624	49.01247063
64.70877294	49.03665727
64.69153166	49.02359174
64.6566513	48.99715922
64.67793622	49.01328904
64.70003507	49.03003567
64.68668498	49.0199189
64.66012249	48.9997897
64.6893597	49.02194581
64.71321145	49.0400208
64.71450604	49.04100185
64.67153346	49.008437
64.68822281	49.02108428
64.71431773	49.04085915
64.71233318	49.03935525
64.69537792	49.02650645
64.69543742	49.02655154
64.71208922	49.03917037
64.71553611	49.04178244
64.6993299	49.02950129
64.69036319	49.02270626
64.73692796	49.0579933
64.7038005	49.03288913
64.6868075	49.02001175
64.71858095	49.04408984
64.73170576	49.05403589
64.73676299	49.05786828
64.69121693	49.02335324
64.70523593	49.03397691
64.74869927	49.06691366
64.73757251	49.05848175
64.71026948	49.03779136
64.72869932	49.05175759
64.74467541	49.06386436
64.74312027	49.06268586
64.71696319	49.04286389
64.72225679	49.04687541
64.75595392	49.07241128
64.73067124	49.05325193
64.71614529	49.04224408
64.7262248	49.04988239
64.76230979	49.07722779
64.73584629	49.05717361
64.7423783	49.0621236
64.74962894	49.06761817
64.75130638	49.06888934
64.76405771	49.07855237
64.75338975	49.07046813
64.77373811	49.08588823
64.7443904	49.06364838
64.75604884	49.07248321
64.76550868	49.07965193
64.77062534	49.08352936
64.76375012	49.07831928
64.7640792	49.07856866
64.78228932	49.09236838
64.78635711	49.09545098
64.76052914	49.0758784
64.75547141	49.07204562
64.80072078	49.10633584
64.77845067	49.08945943
64.77964083	49.09036134
64.78073702	49.09119204
64.78036108	49.09090716
64.81348939	49.11601196
64.78562903	49.09489924
64.76776763	49.08136377
64.79805751	49.10431761
64.8129867	49.11563102
64.7828663	49.09280562
64.79101346	49.09897958
64.81115009	49.11423923
64.79782905	49.10414448
64.79314554	49.10059529
64.79884913	49.1049175
64.80239969	49.10760813
64.7973814	49.10380524
64.81164784	49.11461643
64.80684744	49.11097866
64.80737429	49.11137791
64.82695697	49.12621777
64.81884607	49.12007129
64.81398526	49.11638774
64.84374752	49.13894174
64.82068721	49.12146652
64.79226418	49.09992738
64.84013439	49.13620369
64.82349972	49.12359785
64.81388776	49.11631386
64.82636891	49.12577214
64.83915269	49.13545975
64.83826698	49.13478856
64.83325581	49.13099107
64.81210041	49.11495939
64.85078458	49.14427446
64.85533912	49.14772592
64.82828927	49.1272274
64.82330564	49.12345077
64.85574466	49.14803324
64.84007017	49.13615503
64.81954097	49.12059788
64.84565746	49.1403891
64.85309406	49.1460246
64.8539548	49.14667687
64.84838065	49.14245275
64.86440871	49.1545989
64.87486132	49.16251995
64.86121079	49.1521755
64.85269744	49.14572403
64.84563108	49.14036911
64.88230672	49.16816211
64.86530571	49.15527866
64.8575301	49.14938625
64.87405602	49.16190968
64.86223848	49.15295429
64.868547	49.15773492
64.88636104	49.17123449
64.84288215	49.13828596
64.8697152	49.15862019
64.88808146	49.17253824
64.87517983	49.16276131
64.87294657	49.16106893
64.87845762	49.16524524
64.86639296	49.15610258
64.87663805	49.16386636
64.89416325	49.17714705
64.8838553	49.16933563
64.86950516	49.15846102
64.88554749	49.17061799
64.88191975	49.16786886
64.87447024	49.16222358
64.91471817	49.19272368
64.90643274	49.18644494
64.89235567	49.17577725
64.8751427	49.16273318
64.93320888	49.20673604
64.91235637	49.1909339
64.86363972	49.15401616
64.91356175	49.19184734
64.94888754	49.21861741
64.90141199	49.18264019
64.89818637	49.18019579
64.91600427	49.1936983
64.95137817	49.22050483
64.91174446	49.19047019
64.88241335	49.16824291
64.93625604	49.2090452
64.9499841	49.2194484
64.91527321	49.19314429
64.90766028	49.18737517
64.95622651	49.22417893
64.96238921	49.22884905
64.92210294	49.1983199
64.90853137	49.18803529
64.95261493	49.22144205
64.96657862	49.23202381
64.92171861	49.19802865
64.91285884	49.19131467
64.95227658	49.22118565
64.96167957	49.22831128
64.97133554	49.23562863
64.93851601	49.21075782
64.93595676	49.2088184
64.95572902	49.22380193
64.9780525	49.24071878
64.9344601	49.20768422
64.95401775	49.22250512
64.99093876	49.25048405
64.97192114	49.2360724
64.94586054	49.21632354
64.96284589	49.22919513
64.99915032	49.25670682
64.97054998	49.23503333
64.93897149	49.21110298
64.96549196	49.23120034
65.00918744	49.26431301
64.97193093	49.23607982
64.95225757	49.22117124
64.99191195	49.25122155
64.99470571	49.25333867
65.00830472	49.26364407
64.95300591	49.22173834
64.96926285	49.23405793
65.02094857	49.27322565
65.01516579	49.26884343
64.94498934	49.21566334
64.98640526	49.24704854
65.05741663	49.30086135
64.98711928	49.24758964
64.96720608	49.2324993
64.98254178	49.24412078
65.03844228	49.28648248
65.01869409	49.27151719
65.00126297	49.25830779
64.98724437	49.24768443
65.02535492	49.27656481
65.00802979	49.26343573
65.00740547	49.26296261
65.0036465	49.26011405
65.03700989	49.28539701
65.02358381	49.27522265
65.01703896	49.27026293
65.03136778	49.28112138
65.01831676	49.27123125
65.03437912	49.28340339
65.04247528	49.28953871
65.01605569	49.2695178
65.02019662	49.27265582
65.03365163	49.2828521
65.01753242	49.27063687
65.0360932	49.28470233
65.02956413	49.27975457
65.04063976	49.28814774
65.04774132	49.29352934
65.03703115	49.28541311
65.03789501	49.28606776
65.04106827	49.28847247
65.06101517	49.30358834
65.06096931	49.30355358
65.02749511	49.27818665
65.06114551	49.30368711
65.07204426	49.31194624
65.04384533	49.29057694
65.0632283	49.30526546
65.05673784	49.30034695
65.05456277	49.29869868
65.0758937	49.31486337
65.03833581	49.2864018
65.06031354	49.30305664
65.08940254	49.32510044
65.07247465	49.3122724
65.02818968	49.278713
65.06377284	49.30567812
65.09443159	49.32891148
65.07173626	49.31171283
65.06987846	49.31030499
65.08006331	49.31802312
65.0766238	49.31541664
65.08920351	49.32494961
65.0873421	49.32353903
65.07954777	49.31763244
65.12027012	49.34849206
65.11563165	49.344977
65.09328683	49.32804397
65.08707507	49.32333667
65.11018544	49.34084983
65.11019502	49.3408571
65.08688697	49.32319413
65.10753881	49.3388442
65.1093853	49.34024349
65.10185387	49.33453613
65.11750161	49.34639407
65.09049438	49.32592784
65.11709736	49.34608772
65.11478084	49.34433225
65.1149529	49.34446264
65.12007598	49.34834493
65.13200363	49.35738378
65.11201485	49.34223617
65.11623424	49.34543365
65.12304994	49.35059862
65.12818568	49.35449051
65.1218487	49.34968831
65.14357736	49.36615441
65.12887108	49.35500991
65.13049686	49.35624194
65.14576229	49.36781017
65.14901634	49.3702761
65.1398377	49.36332048
65.12910708	49.35518876
65.1518438	49.37241876
65.15742233	49.37664621
65.12558069	49.35251644
65.1414925	49.36457449
65.1544334	49.37438117
65.15609788	49.37564253
65.1579535	49.37704873
65.13555622	49.36007594
65.16193825	49.38006839
65.17071175	49.386717
65.14715521	49.36886572
65.16124934	49.37954633
65.15257766	49.37297488
65.17307618	49.38850878
65.16308765	49.38093941
65.16108713	49.37942341
65.18249433	49.3956459
65.17221378	49.38785524
65.15897215	49.37782067
65.1865585	49.39872575
65.18816741	49.39994499
65.18167185	49.39502262
65.17322834	49.38862409
65.18681456	49.39891979
65.20595564	49.41342501
65.184023	49.39680433
65.17472396	49.38975747
65.18395427	49.39675225
65.19381811	49.40422712
65.18037288	49.39403825
65.1791512	49.39311246
65.19338268	49.40389715
65.19432648	49.40461237
65.19596113	49.40585111
65.17802314	49.39225761
65.2089243	49.41567468
65.2096537	49.41622742
65.20705688	49.41425954
65.18891133	49.40050874
65.217653	49.42228933
65.20396144	49.41191379
65.20915202	49.41584724
65.20031652	49.40915165
65.20951003	49.41611854
65.23065291	49.43214073
65.21210248	49.41808311
65.17427307	49.38941579
65.20478472	49.41253768
65.23390948	49.43460858
65.22578075	49.42844859
65.21053446	49.41689486
65.22783683	49.43000669
65.23261647	49.43362873
65.23135469	49.43267254
65.24345227	49.44184016
65.2277563	49.42994567
65.24042747	49.43954794
65.24296949	49.4414743
65.24098468	49.4399702
65.24081924	49.43984483
65.22482637	49.42772535
65.24907952	49.44610451
65.24201105	49.44074799
65.25878491	49.45345931
65.24524558	49.44319913
65.24336641	49.44177509
65.23564471	49.43592355
65.26576486	49.45874876
65.2394324	49.43879387
65.25573197	49.45114578
65.23414663	49.4347883
65.25883759	49.45349924
65.27867355	49.46853104
65.26300923	49.45666053
65.24597291	49.44375031
65.27666531	49.46700918
65.26716235	49.45980778
65.28115482	49.47041136
65.26647787	49.45928908
65.25460162	49.45028919
65.29377909	49.47997809
65.26451344	49.45780043
65.24897386	49.44602445
65.27958545	49.46922208
65.27599958	49.46650468
65.28889964	49.47628041
65.28353062	49.47221175
65.27242861	49.46379858
65.2863701	49.47436352
65.30421871	49.48788929
65.27832656	49.46826808
65.25766806	49.45261296
65.29159571	49.47832352
65.30466638	49.48822854
65.29497977	49.48088797
65.28957956	49.47679566
65.30502725	49.48850201
65.31194459	49.493744
65.30022379	49.48486192
65.30783259	49.49062791
65.28959365	49.47680634
65.30396144	49.48769433
65.31667492	49.49732867
65.32146199	49.50095635
65.31676201	49.49739467
65.32961134	49.50713196
65.33757106	49.51316389
65.31805546	49.49837486
65.33217803	49.50907701
65.31189415	49.49370578
65.32124633	49.50079291
65.33802379	49.51350696
65.32633775	49.50465122
65.33918718	49.51438858
65.32754336	49.50556484
65.33692486	49.51267419
65.34910985	49.52190804
65.34946127	49.52217435
65.31703413	49.49760089
65.32952359	49.50706547
65.34502771	49.51881457
65.3572223	49.5280557
65.35531911	49.52661345
65.34189953	49.51644402
65.36895636	49.53694783
65.3496624	49.52232677
65.35145178	49.52368277
65.34305697	49.51732113
65.34280399	49.51712943
65.38915039	49.55225097
65.3588885	49.52931836
65.34760541	49.52076797
65.36860793	49.53668379
65.37315222	49.54012748
65.36855362	49.53664264
65.36774616	49.53603073
65.3675241	49.53586246
65.39227007	49.55461509
65.36486379	49.53384646
65.36293978	49.53238843
65.37589912	49.5422091
65.40135766	49.56150171
65.38173159	49.54662897
65.3599792	49.53014489
65.39893378	49.55966488
65.40922055	49.56746025
65.37075649	49.53831198
65.38014667	49.54542791
65.40666397	49.56552287
65.39080389	49.55350401
65.38564579	49.54959517
65.39578938	49.55728204
65.38668353	49.55038158
65.3899988	49.55289391
65.40585572	49.56491036
65.39512736	49.55678036
65.39475215	49.55649602
65.40693222	49.56572615
65.39197106	49.5543885
65.41993923	49.57558293
65.41189896	49.56948997
65.37457429	49.54120513
65.40338516	49.56303816
65.43141045	49.58427588
65.41745377	49.57369943
65.40307727	49.56280484
65.41476397	49.57166109
65.44195086	49.59226346
65.42855494	49.58211195
65.41914578	49.57498165
65.39668894	49.55796373
65.43904023	49.59005777
65.42838845	49.58198579
65.41470591	49.57161709
65.43052544	49.58360521
65.44831419	49.59708563
65.44567109	49.59508267
65.43796512	49.58924304
65.45369255	49.60116137
65.45723627	49.60384683
65.42739409	49.58123226
65.45379533	49.60123926
65.46714783	49.61135786
65.43504422	49.58702957
65.44828618	49.5970644
65.46261502	49.60792287
65.47935785	49.62061068
65.46420175	49.6091253
65.46062127	49.60641199
65.46896094	49.61273184
65.46467913	49.60948706
65.47571112	49.61784717
65.46157756	49.60713668
65.44550226	49.59495473
65.4714008	49.61458078
65.48193128	49.62256084
65.46663164	49.61096669
65.45983922	49.60581936
65.49850997	49.63512425
65.47913568	49.62044231
65.47840974	49.6198922
65.46105585	49.60674133
65.47114398	49.61438616
65.50038772	49.63654723
65.47500345	49.61731089
65.47771378	49.6193648
65.49678857	49.63381977
65.48612246	49.62573694
65.47691209	49.61875727
65.48535175	49.62515289
65.51038037	49.64411971
65.50327352	49.6387341
65.50623118	49.64097543
65.50777366	49.64214433
65.50869023	49.64283891
65.51608128	49.64843989
65.50948166	49.64343866
65.54297272	49.66881837
65.49716801	49.63410731
65.50913799	49.64317823
65.50553632	49.64044886
65.51859372	49.65034383
65.51647441	49.64873781
65.50683026	49.64142942
65.51740526	49.64944321
65.53638763	49.66382816
65.53671304	49.66407475
65.51309429	49.64617633
65.51535599	49.64789026
65.54039891	49.66686792
65.53550987	49.66316298
65.52998132	49.65897341
65.53600199	49.66353591
65.53833587	49.66530454
65.55295222	49.67638089
65.5234097	49.65399341
65.53933344	49.66606051
65.54628664	49.67132968
65.54660705	49.67157249
65.55037606	49.67442866
65.54904185	49.67341759
65.53035429	49.65925605
65.54188538	49.66799438
65.55284077	49.67629643
65.53893745	49.66576042
65.55137068	49.67518239
65.55609233	49.67876048
65.56633116	49.68651952
65.53322497	49.66143147
65.54987996	49.67405271
65.58632379	49.70167004
65.55616944	49.67881892
65.56528861	49.68572947
65.57587164	49.69374935
65.58847214	49.70329808
65.57253506	49.69122087
65.53345154	49.66160316
65.55356514	49.67684537
65.59099386	49.70520905
65.57404292	49.69236354
65.57036578	49.68957698
65.57177044	49.69064144
65.60798965	49.71808855
65.58221715	49.69855801
65.57592692	49.69379124
65.60184768	49.71343413
65.59148138	49.7055785
65.58797256	49.70291949
65.59044867	49.7047959
65.58534079	49.70092512
65.59154278	49.70562502
65.58386136	49.699804
65.58683662	49.70205867
65.60726101	49.71753638
65.59892401	49.71121856
65.5902334	49.70463276
65.58887333	49.7036021
65.61483643	49.72327708
65.61603622	49.72418629
65.59860666	49.71097807
65.5782291	49.69553585
65.61728275	49.72513091
65.64167863	49.74361824
65.62603959	49.73176689
65.58898201	49.70368446
65.61950774	49.72681702
65.6342606	49.73799682
65.60765934	49.71783824
65.62023572	49.72736869
65.62285392	49.72935277
65.64605402	49.74693394
65.63947506	49.74194837
65.63832087	49.74107371
65.62163377	49.72842813
65.64327978	49.7448316
65.63659617	49.73976673
65.63965933	49.742088
65.63041633	49.73508361
65.64256773	49.74429201
65.63845602	49.74117613
65.64298202	49.74460595
65.63546365	49.73890849
65.64719275	49.74779687
65.6592104	49.75690391
65.65993059	49.75744968
65.63615061	49.73942908
65.6378502	49.74071703
65.67355897	49.76777733
65.66617917	49.76218488
65.62773377	49.73305075
65.65075649	49.75049749
65.67967023	49.77240848
65.65087059	49.75058395
65.64001425	49.74235696
65.65822648	49.75615829
65.67591579	49.76956334
65.69842074	49.78661771
65.66705737	49.76285039
65.64902622	49.74918629
65.69032672	49.78048402
65.69386092	49.78316226
65.66996243	49.76505186
65.65623658	49.75465033
65.7019857	49.78931926
65.69914051	49.78716317
65.68206932	49.77422652
65.70441926	49.79116343
65.70384291	49.79072667
65.69930287	49.7872862
65.6894021	49.77978334
65.7040808	49.79090694
65.70863722	49.79435982
65.72153079	49.80413064
65.69243999	49.78208548
65.70786193	49.7937723
65.71591381	49.79987406
65.6879129	49.77865482
65.71236861	49.79718749
65.70792187	49.79381773
65.71035395	49.79566077
65.7161551	49.80005691
65.70244665	49.78966857
65.71264763	49.79739893
65.7258455	49.80740035
65.72317913	49.80537976
65.72359783	49.80569705
65.71857284	49.80188909
65.75453086	49.82913827
65.72824629	49.80921968
65.7222899	49.8047059
65.73155685	49.81172844
65.75116257	49.82658576
65.74693097	49.82337903
65.72586126	49.80741229
65.70969725	49.79516312
65.74914143	49.82505413
65.75746411	49.8313611
65.72173121	49.80428252
65.74317474	49.82053254
65.75427734	49.82894615
65.74925973	49.82514378
65.76001222	49.83329208
65.74634766	49.822937
65.73856788	49.81704143
65.77652137	49.8458028
65.749172	49.82507729
65.72899652	49.80978821
65.78176796	49.84977869
65.75508761	49.82956018
65.75996582	49.83325691
65.76694671	49.83854706
65.7602693	49.83348689
65.76304879	49.8355932
65.79855061	49.86249667
65.77090241	49.84154472
65.76407774	49.83637294
65.79041281	49.8563298
65.78794496	49.85445966
65.76893264	49.84005202
65.75988518	49.8331958
65.78032906	49.84868828
65.80110406	49.86443169
65.80545602	49.86772963
65.77493413	49.84459998
65.77997352	49.84841885
65.80069499	49.86412169
65.79925912	49.86303358
65.7781782	49.84705835
65.78750937	49.85412956
65.80308734	49.86593463
65.79069075	49.85654043
65.79776166	49.86189881
65.81094242	49.87188726
65.80804501	49.86969158
65.81734914	49.8767423
65.81940415	49.8782996
65.79848268	49.86244519
65.80173904	49.86491288
65.81542151	49.87528153
65.81042231	49.87149311
65.82271176	49.88080613
65.83152387	49.88748399
65.82310061	49.8811008
65.8217376	49.8800679
65.8313562	49.88735693
65.81920883	49.87815159
65.81447278	49.87456258
65.84561617	49.89816321
65.83534794	49.89038189
65.82099791	49.87950736
65.8396609	49.89365027
65.85681348	49.90664859
65.82338503	49.88131633
65.83367001	49.88911034
65.85223827	49.90318147
65.8636502	49.91182949
65.84765578	49.89970883
65.85301371	49.9037691
65.83442513	49.88968258
65.85817978	49.90768398
65.85468431	49.90503509
65.86319898	49.91148755
65.86665429	49.91410601
65.8640847	49.91215876
65.87000157	49.9166426
65.84886211	49.900623
65.87089655	49.91732082
65.85608085	49.9060934
65.86987897	49.91654969
65.88799731	49.93027986
65.87434391	49.91993325
65.87868925	49.92322617
65.89922827	49.93879075
65.88465299	49.92774552
65.8947198	49.9353742
65.87689247	49.92186456
65.8818324	49.92560806
65.89309918	49.93414609
65.89534281	49.93584632
65.87201902	49.91817143
65.86648143	49.91397502
65.90741289	49.94499309
65.913859	49.94987799
65.87596984	49.92116538
65.88441663	49.9275664
65.90280546	49.94150156
65.90904178	49.94622748
65.89480316	49.93543737
65.87617402	49.92132011
65.91093541	49.94766248
65.91957915	49.95421276
65.89196421	49.933286
65.89134514	49.93281687
65.9033199	49.94189141
65.91779531	49.95286095
65.90622272	49.94409118
65.89686326	49.93699853
65.91765296	49.95275308
65.92422234	49.95773139
65.90310852	49.94173122
65.88827498	49.93049028
65.92280102	49.9566543
65.93853025	49.968574
65.93461884	49.96560991
65.88877466	49.93086894
65.93141742	49.96318386
65.92858173	49.96103496
65.9006386	49.9398595
65.91351744	49.94961916
65.95198787	49.97877226
65.93253543	49.9640311
65.9414561	49.97079123
65.92848723	49.96096334
65.9456519	49.97397082
65.96387858	49.9877831
65.92347407	49.95716435
65.92654014	49.95948783
65.99352457	50.01024899
65.96054971	49.98526046
65.92425803	49.95775843
65.92742002	49.96015461
65.97375471	49.99526728
65.9784094	49.99879463
65.93690815	49.96734476
65.93701038	49.96742223
65.97398214	49.99543964
65.97669534	49.99749571
65.96488848	49.98854841
65.94973295	49.97706346
65.96409385	49.98794623
65.98325094	50.00246358
65.95456671	49.98072652
65.94365618	49.97245846
65.9991043	50.01447734
65.98847499	50.00642239
65.96783317	49.99077991
65.97396755	49.99542858
65.98037432	50.00028366
65.99782546	50.01350823
65.9895467	50.00723454
65.97546375	49.99656241
66.00166471	50.01641763
66.00337897	50.01771671
65.97499119	49.9962043
65.95126428	49.97822391
66.00414053	50.01829382
66.02538347	50.03439184
65.97452205	49.99584878
65.96715808	49.99026832
66.00451445	50.01857718
66.02569123	50.03462506
65.99972178	50.01494527
65.99170713	50.00887173
65.99394819	50.01057001
66.02662554	50.03533309
66.00982785	50.02260371
66.00597548	50.01968436
66.02217022	50.03195682
66.01923629	50.02973347
66.00934042	50.02223433
66.01640602	50.02758868
66.00450498	50.01857001
66.03342229	50.0404837
66.00218314	50.0168105
66.02076634	50.03089295
66.03531907	50.04192109
66.04020166	50.04562114
66.03878296	50.04454604
66.02142808	50.03139442
66.02382703	50.03321236
66.02672546	50.03540881
66.02452356	50.03374019
66.03643418	50.04276613
66.06375372	50.06346902
66.02586665	50.03475799
66.01865972	50.02929654
66.04819958	50.05168201
66.04395149	50.04846279
66.03609487	50.042509
66.05250288	50.05494307
66.04808576	50.05159576
66.040286	50.04568505
66.07711298	50.07359274
66.03956726	50.04514039
66.04338406	50.04803278
66.08029902	50.07600714
66.06750639	50.06631282
66.04792425	50.05147336
66.04590888	50.0499461
66.07445541	50.07157882
66.06359427	50.06334819
66.07380342	50.07108474
66.06077824	50.06121419
66.06883525	50.06731983
66.09424875	50.08657832
66.09546193	50.08749768
66.05855957	50.05953287
66.08834696	50.08210591
66.09260636	50.08533371
66.08376924	50.07863689
66.10567425	50.09523663
66.06950719	50.06782903
66.05250831	50.05494719
66.11752433	50.10421668
66.11169492	50.09979912
66.08053539	50.07618626
66.09572641	50.0876981
66.11706277	50.10386691
66.0759793	50.07273363
66.1113912	50.09956896
66.11355096	50.10120563
66.1006849	50.09145567
66.12700935	50.11140448
66.12072952	50.10664559
66.11039107	50.09881106
66.10094651	50.09165392
66.12230684	50.10784089
66.09153016	50.08451816
66.10226394	50.09265228
66.12260096	50.10806378
66.12105715	50.10689387
66.11522976	50.10247784
66.1326525	50.11568089
66.11565506	50.10280014
66.12765747	50.11189562
66.15576099	50.13319262
66.11970428	50.10586866
66.11055248	50.09893337
66.15067407	50.12933773
66.15168629	50.1301048
66.12614585	50.11075011
66.11248566	50.10039834
66.1452216	50.12520582
66.14409036	50.12434856
66.14480324	50.12488879
66.12717704	50.11153155
66.1414712	50.12236374
66.16412006	50.13952718
66.16865494	50.14296373
66.13186753	50.11508604
66.14275426	50.12333606
66.15578604	50.13321161
66.14490301	50.12496439
66.14546035	50.12538674
66.13545472	50.11780443
66.15526247	50.13281485
66.19492705	50.16287288
66.15483944	50.13249427
66.15217679	50.1304765
66.15974467	50.13621148
66.18532708	50.15559797
66.15765091	50.13462482
66.14708127	50.12661509
66.17655159	50.14894786
66.18975017	50.15894981
66.16607275	50.14100693
66.14338307	50.12381257
66.16065856	50.13690403
66.19792419	50.16514412
66.18144609	50.15265694
66.15072445	50.12937591
66.18020593	50.15171714
66.21596722	50.17881723
66.15652269	50.13376985
66.17303775	50.14628505
66.19157813	50.16033505
66.2023031	50.16846249
66.18853184	50.15802656
66.20839511	50.17307905
66.17318817	50.14639903
66.18619253	50.15625382
66.21757472	50.1800354
66.19528294	50.16314258
66.1843655	50.15486928
66.22070976	50.18241116
66.19956201	50.16638527
66.21817694	50.18049177
66.2032805	50.16920317
66.1990469	50.16599492
66.21794077	50.1803128
66.2251522	50.18577766
66.21197513	50.17579201
66.21943394	50.18144433
66.24362915	50.19977959
66.2076536	50.17251713
66.21660306	50.17929908
66.23782083	50.19537802
66.21822555	50.18052861
66.23982297	50.19689525
66.21998195	50.18185961
66.22942998	50.18901938
66.22645033	50.18676139
66.26094329	50.21290034
66.23828847	50.1957324
66.24012181	50.19712171
66.25710998	50.20999543
66.24628661	50.20179343
66.25392888	50.20758478
66.25732198	50.21015609
66.25061916	50.20507666
66.25597161	50.20913277
66.25367652	50.20739354
66.25126411	50.20556541
66.24668546	50.20209568
66.26455717	50.21563896
66.27412398	50.22288874
66.24843479	50.20342133
66.27855462	50.2262463
66.28695323	50.23261081
66.26391688	50.21515375
66.25259937	50.20657727
66.25628308	50.20936881
66.27073546	50.2203209
66.30649973	50.24742326
66.26274809	50.21426803
66.24101038	50.19779507
66.29285452	50.23708285
66.29869944	50.24151215
66.28026985	50.22754611
66.25128626	50.20558219
66.27908014	50.22664454
66.30228349	50.24422817
66.27890382	50.22651092
66.27531422	50.22379071
66.27997646	50.22732378
66.29709136	50.24029354
66.2958515	50.23935397
66.27275809	50.22185366
66.28003334	50.22736688
66.31272515	50.25214092
66.2789995	50.22658343
66.28884014	50.23404073
66.2976607	50.24072499
66.28877472	50.23399115
66.30900298	50.24932024
66.30090166	50.24318101
66.29146167	50.23602733
66.28997866	50.2349035
66.31634442	50.25488362
66.28872559	50.23395392
66.30116002	50.24337679
66.32223253	50.25934565
66.30224201	50.24419673
66.30534291	50.24654661
66.32103337	50.25843693
66.29076751	50.2355013
66.31158277	50.25127521
66.3272142	50.26312079
66.32514334	50.26155149
66.28138113	50.22838824
66.30971226	50.24985773
66.33063569	50.26571362
66.32224591	50.25935579
66.3186804	50.25665384
66.32553349	50.26184715
66.33663756	50.27026187
66.34331297	50.27532053
66.32739848	50.26326044
66.33312892	50.267603
66.36174783	50.28929057
66.33732478	50.27078265
66.3295317	50.26487701
66.35145516	50.28149073
66.34562124	50.27706974
66.35262883	50.28238013
66.36470622	50.29153245
66.34843026	50.27919844
66.34472836	50.27639312
66.35840962	50.28676085
66.35089929	50.28106948
66.35247299	50.28226204
66.35665031	50.28542764
66.38543113	50.3072379
66.35947788	50.28757039
66.37174713	50.29686809
66.39742216	50.31632476
66.38301624	50.30540788
66.37245621	50.29740544
66.37499238	50.29932736
66.36133573	50.28897827
66.39766231	50.31650675
66.40435345	50.32157733
66.35356498	50.28308956
66.38700677	50.30843193
66.40440864	50.32161916
66.40150212	50.31941658
66.38535859	50.30718292
66.38019069	50.30326666
66.40347953	50.32091508
66.41676193	50.33098054
66.41269551	50.32789899
66.36746495	50.29362303
66.38507606	50.30696882
66.44657977	50.35357667
66.39498195	50.31447556
66.37348582	50.29818567
66.41019079	50.3260009
66.4274551	50.33908389
66.41631221	50.33063975
66.40268541	50.32031329
66.42024615	50.33362091
66.4337389	50.34384579
66.39722555	50.31617577
66.40918783	50.32524086
66.40699479	50.32357895
66.45149614	50.35730232
66.41533984	50.32990288
66.39812673	50.31685869
66.443212	50.35102455
66.44561538	50.35284585
66.44106529	50.34939777
66.42381845	50.33632802
66.41955334	50.33309589
66.44562528	50.35285335
66.4656481	50.36802675
66.44023187	50.3487662
66.4290946	50.34032631
66.43868097	50.34759091
66.46161341	50.36496924
66.45458593	50.35964378
66.4232699	50.33591232
66.44080213	50.34919834
66.47477382	50.37494227
66.44662514	50.35361105
66.44040738	50.3488992
66.44587144	50.35303989
66.47696953	50.37660619
66.46079212	50.36434686
66.42366757	50.33621368
66.46622968	50.36846747
66.47930684	50.37837742
66.43903832	50.34786172
66.45617012	50.36084428
66.47301174	50.37360696
66.47217856	50.37297557
66.46497818	50.36751908
66.48070021	50.37943332
66.45825473	50.36242401
66.47357607	50.37403461
66.49575789	50.39084411
66.46061119	50.36420975
66.46543598	50.36786601
66.49877485	50.39313038
66.48206125	50.38046473
66.50676985	50.39918904
66.4933256	50.38900091
66.46925345	50.37075891
66.49797091	50.39252115
66.53020086	50.41694518
66.48084225	50.37954096
66.47828288	50.37760146
66.51177177	50.40297952
66.52849627	50.41565343
66.49742549	50.39210783
66.48175915	50.38023579
66.52861702	50.41574494
66.51878626	50.40829513
66.50692101	50.39930359
66.49588329	50.39093914
66.50290733	50.396262
66.51203972	50.40318257
66.5135651	50.40433852
66.49372855	50.38930626
66.50683841	50.39924099
66.52819823	50.41542758
66.53085849	50.41744353
66.52260701	50.41119052
66.53587035	50.42124155
66.52044824	50.4095546
66.5227751	50.4113179
66.52617558	50.4138948
66.54296449	50.42661753
66.53591258	50.42127355
66.54002237	50.42438797
66.52769349	50.41504508
66.55068939	50.4324715
66.5554965	50.43611435
66.52739976	50.4148225
66.53585836	50.42123246
66.5344696	50.42018006
66.55798108	50.43799718
66.56572283	50.44386392
66.54616952	50.42904631
66.54826363	50.43063325
66.55407778	50.43503924
66.55858478	50.43845467
66.54577924	50.42875056
66.54230479	50.42611761
66.58766284	50.46049018
66.57666637	50.45215699
66.54737714	50.42996146
66.57023026	50.44727968
66.54894197	50.4311473
66.55839625	50.4383118
66.59778138	50.46815806
66.58615045	50.45934408
66.53268539	50.41882797
66.55914758	50.43888116
66.6124638	50.47928448
66.5559336	50.43644559
66.57848552	50.45353555
66.57198088	50.44860631
66.60802752	50.47592264
66.57809668	50.45324089
66.56440033	50.44286172
66.57617712	50.45178624
66.60611571	50.47447386
66.59530978	50.46628507
66.58881562	50.46136376
66.58083934	50.4553193
66.59941617	50.46939691
66.6107405	50.47797855
66.59185817	50.46366942
66.5720214	50.44863701
66.58680114	50.45983718
66.63731805	50.49811917
66.62288047	50.48717829
66.5829417	50.45691247
66.60880207	50.4765096
66.64644227	50.50503355
66.62318861	50.4874118
66.58218376	50.4563381
66.61384377	50.48033023
66.63817209	50.49876636
66.62769861	50.4908295
66.6325504	50.49450622
66.61347779	50.48005289
66.62667671	50.4900551
66.65861419	50.5142575
66.6175133	50.48311102
66.60992495	50.47736053
66.6440234	50.50320052
66.64995475	50.50769532
66.62589056	50.48945935
66.62662734	50.49001769
66.65010123	50.50780633
66.64784259	50.50609472
66.62449654	50.48840296
66.62755146	50.49071799
66.64246826	50.50202203
66.66239339	50.51712139
66.64998792	50.50772046
66.62458583	50.48847062
66.66639427	50.52015328
66.66983162	50.52275813
66.65200831	50.50925152
66.63859202	50.49908459
66.641586	50.50135344
66.67594749	50.52739276
66.66765608	50.52110949
66.64964422	50.50746001
66.65835592	50.51406177
66.68036189	50.53073802
66.66870056	50.521901
66.66981512	50.52274562
66.67408761	50.52598334
66.69181712	50.53941886
66.68035416	50.53073216
66.66983168	50.52275817
66.67769873	50.52871986
66.69260586	50.54001657
66.67941527	50.53002067
66.69111247	50.53888486
66.67879598	50.52955136
66.67741519	50.52850499
66.72035492	50.56104495
66.67997769	50.53044687
66.6923386	50.53981403
66.70133162	50.54662899
66.69613659	50.54269217
66.7034974	50.54827024
66.68365163	50.533231
66.68218892	50.53212255
66.71853599	50.55966656
66.71866485	50.55976421
66.69848425	50.54447124
66.70251632	50.54752676
66.7105392	50.55360655
66.72551251	50.5649534
66.70754661	50.55133875
66.70223181	50.54731116
66.71432356	50.55647436
66.72490695	50.5644945
66.69778387	50.54394049
66.70292643	50.54783755
66.73166268	50.56961403
66.73788341	50.57432814
66.72237724	50.56257748
66.68910331	50.53736232
66.75787504	50.58947791
66.75604586	50.58809174
66.71315883	50.55559171
66.72809622	50.56691135
66.74009616	50.57600497
66.75936751	50.5906089
66.73039487	50.56865328
66.71634755	50.55800815
66.73988132	50.57584217
66.7641639	50.59424364
66.74908411	50.58281609
66.71162324	50.55442804
66.72790626	50.5667674
66.79732459	50.61937298
66.74856433	50.5824222
66.72444112	50.5641415
66.72876822	50.5674206
66.76417143	50.59424934
66.77453873	50.60210574
66.75312776	50.58588039
66.72527589	50.56477409
66.78459348	50.60972528
66.78769869	50.61207842
66.76570725	50.59541319
66.73210355	50.56994813
66.78054677	50.60665866
66.80058972	50.62184732
66.7769781	50.60395431
66.76383284	50.59399275
66.76242427	50.59292533
66.78553796	50.61044101
66.79029348	50.61404477
66.77536813	50.60273426
66.75818642	50.58971387
66.79365871	50.61659496
66.82277213	50.63865727
66.76414971	50.59423288
66.78257223	50.60819357
66.81161607	50.63020315
66.8007506	50.62196923
66.78940007	50.61336774
66.79143283	50.61490817
66.78305053	50.60855602
66.82109615	50.6373872
66.8179197	50.63498007
66.78138332	50.60729261
66.78796849	50.61228288
66.80542533	50.62551177
66.81225714	50.63068895
66.79888233	50.62055345
66.81508333	50.63283065
66.81934397	50.63605939
66.8170939	50.63435427
66.78857236	50.6127405
66.81799251	50.63503524
66.84747224	50.65737515
66.84568286	50.65601914
66.8159326	50.63347424
66.81055583	50.62939969
66.83641951	50.64899933
66.83096589	50.64486655
66.82085503	50.63720448
66.83033356	50.64438736
66.85159321	50.66049804
66.82600802	50.64110944
66.85037189	50.65957252
66.84367237	50.65449559
66.82733727	50.64211675
66.83294743	50.64636816
66.86987018	50.67434842
66.85196375	50.66077884
66.82008382	50.63662005
66.84169065	50.65299383
66.86443423	50.67022903
66.87293081	50.67666779
66.84942049	50.65885154
66.83068993	50.64465742
66.8590324	50.6661355
66.8754476	50.67857503
66.85155588	50.66046975
66.8493417	50.65879183
66.86344677	50.66948073
66.88783974	50.68796586
66.86908318	50.67375203
66.86084615	50.66750996
66.86038955	50.66716395
66.87317103	50.67684982
66.88121552	50.68294599
66.84756069	50.65744218
66.85131574	50.66028777
66.90331879	50.69969596
66.90429683	50.70043712
66.85493565	50.66303096
66.86797873	50.67291507
66.90474592	50.70077745
66.89591395	50.69408453
66.87765938	50.68025113
66.88420425	50.68521086
66.8869073	50.68725925
66.89247107	50.6914755
66.91086154	50.7054119
66.87379561	50.67732314
66.87264669	50.67645248
66.91486535	50.708446
66.90441783	50.70052882
66.89953629	50.69682956
66.89168773	50.69088188
66.91266378	50.70677765
66.93149032	50.7210445
66.94394244	50.73048078
66.88868031	50.68860284
66.91863764	50.71130467
66.93539715	50.72400511
66.92549956	50.71650467
66.90738763	50.70277935
66.9109083	50.70544733
66.91705033	50.71010179
66.93309305	50.72225905
66.92024731	50.71252448
66.91590753	50.70923578
66.91844055	50.71115531
66.93943266	50.72706324
66.9485875	50.73400083
66.92869346	50.71892502
66.92678072	50.71747554
66.92648419	50.71725082
66.94643729	50.73237139
66.94321596	50.72993025
66.93207009	50.72148385
66.93335849	50.72246021
66.95723294	50.7405524
66.94874445	50.73411977
66.92535569	50.71639565
66.93688044	50.72512916
66.94989219	50.73498954
66.97098414	50.75097313
66.94381704	50.73038575
66.95051979	50.73546513
66.95926349	50.74209116
66.96171392	50.74394811
66.96283473	50.74479746
66.94675801	50.73261444
66.94607131	50.73209405
66.97355511	50.75292143
66.95604048	50.73964874
66.9547719	50.7386874
66.95154683	50.73624343
66.95136738	50.73610745
66.96984175	50.75010742
66.97282632	50.75236914
66.94875168	50.73412525
66.97309791	50.75257496
66.99832354	50.77169107
66.96368968	50.74544535
66.97059255	50.75067638
66.99003185	50.76540758
66.96997503	50.75020842
66.97510197	50.75409364
66.98283825	50.75995624
66.98144113	50.75889749
66.97881652	50.75690854
67.01226961	50.78225948
66.99827052	50.7716509
66.97594956	50.75473595
66.99557677	50.76960956
67.03296983	50.79794622
66.99248577	50.76726718
66.99437801	50.76870113
66.99534902	50.76943697
67.01925548	50.78755341
67.02417701	50.79128297
66.99523395	50.76934977
66.9746191	50.75372772
67.01863699	50.78708472
67.01784957	50.786488
67.00282631	50.7751033
67.00021366	50.77312342
67.02378523	50.79098608
67.02557953	50.79234581
67.02245252	50.78997614
67.00939285	50.78007945
67.00517479	50.77688299
67.02419569	50.79129713
67.04664722	50.80831102
67.0247013	50.79168028
66.99438624	50.76870737
67.05813582	50.81701714
67.04592131	50.80776092
67.01734393	50.78610483
67.01026008	50.78073665
67.05864631	50.81740399
67.04848469	50.80970347
67.04084493	50.80391401
67.02118142	50.7890129
67.03618544	50.80038303
67.06254565	50.82035894
67.05805577	50.81695648
67.01269995	50.7825856
67.04369713	50.80607543
67.06785652	50.82438354
67.05291297	50.81305924
67.03509755	50.79955861
67.03888984	50.80243243
67.06748627	50.82410296
67.08883257	50.8402793
67.04537706	50.80734849
67.03387123	50.79862931
67.07046386	50.8263594
67.08312639	50.83595513
67.05026675	50.81105392
67.06193156	50.81989358
67.07878569	50.83266573
67.08006145	50.83363251
67.05351231	50.81351342
67.06522362	50.82238831
67.0710413	50.82679698
67.07466011	50.82953934
67.08095487	50.83430954
67.06806669	50.82454281
67.09796321	50.84719855
67.08409281	50.83668749
67.07560853	50.83025806
67.10814942	50.85491772
67.11605711	50.86091021
67.1007974	50.84934632
67.07126907	50.82696959
67.10457265	50.85220722
67.095686	50.84547287
67.10342473	50.85133733
67.10261979	50.85072734
67.08964467	50.84089472
67.09591387	50.84564555
67.11777665	50.86221328
67.09114139	50.84202894
67.10085359	50.84938889
67.13730192	50.87700964
67.12541554	50.86800208
67.0972505	50.84665846
67.12925289	50.87091004
67.12741085	50.86951413
67.14552296	50.88323959
67.12633373	50.86869789
67.11268143	50.8583521
67.12796459	50.86993376
67.14108263	50.87987468
67.14192847	50.88051566
67.12633861	50.86870158
67.12989296	50.87139509
67.15773705	50.89249549
67.1500743	50.88668862
67.1264156	50.86875993
67.12106708	50.86470679
67.13566413	50.87576851
67.15990087	50.89413524
67.15726566	50.89213827
67.12793776	50.86991343
67.13589051	50.87594007
67.15141975	50.88770821
67.15139346	50.88768828
67.15235426	50.88841638
67.14691088	50.88429136
67.13977377	50.87888282
67.14978517	50.88646952
67.16551375	50.89838871
67.13639277	50.87632068
67.14526749	50.88304599
67.17288765	50.90397669
67.16273003	50.8962792
67.17174338	50.90310957
67.14928002	50.88608671
67.16273151	50.89628032
67.17771321	50.90763353
67.17648746	50.90670466
67.16758237	50.89995633
67.16312219	50.89657638
67.1799358	50.90931783
67.18581537	50.91377339
67.1372208	50.87694817
67.18686904	50.91457187
67.17942677	50.90893208
67.18215275	50.91099784
67.18599288	50.91390791
67.18251087	50.91126923
67.1698952	50.901709
67.21350662	50.93475797
67.20316638	50.92692208
67.1552691	50.89062527
67.17373623	50.90461976
67.21825966	50.93835985
67.21560115	50.93634522
67.19309595	50.91929066
67.16950807	50.90141564
67.19389505	50.91989622
67.21088648	50.93277241
67.22547465	50.94382741
67.19138131	50.91799129
67.19574108	50.92129515
67.23713988	50.95266738
67.21340672	50.93468227
67.204411	50.92786526
67.20503584	50.92833877
67.22048664	50.94004747
67.22493394	50.94341766
67.22023096	50.93985371
67.20226281	50.92623735
67.19641944	50.92180922
67.25786069	50.96836973
67.24153154	50.95599541
67.18629779	50.91413897
67.23370021	50.95006079
67.21719843	50.93755564
67.23342525	50.94985241
67.22790636	50.94567017
67.22143197	50.94076384
67.23252421	50.94916961
67.25287914	50.96459468
67.23228842	50.94899092
67.22158019	50.94087617
67.24145796	50.95593965
67.27705225	50.9829132
67.24343824	50.95744032
67.22904953	50.94653647
67.26278007	50.97209766
67.26143083	50.9710752
67.25716611	50.96784337
67.24926848	50.9618585
67.24402303	50.95788347
67.25418484	50.96558415
67.27860716	50.98409151
67.27057419	50.97800408
67.22974884	50.94706641
67.27604209	50.98214769
67.28574013	50.98949692
67.26919305	50.97695745
67.26334177	50.97252332
67.23234167	50.94903127
67.30991854	51.00781944
67.30027657	51.00051271
67.27205647	50.97912737
67.26079327	50.97059205
67.27213214	50.97918471
67.32035555	51.01572867
67.28066086	50.98564782
67.25789799	50.96839799
67.27642037	50.98243435
67.29603883	50.99730133
67.33163297	51.02427475
67.26822955	50.97622731
67.26109731	50.97082245
67.31352825	51.0105549
67.33782145	51.02896442
67.2973818	50.99831904
67.25304456	50.96472004
67.31822526	51.01411432
67.34549816	51.03478187
67.29998902	51.0002948
67.27328183	50.98005595
67.28512674	50.98903209
67.35330262	51.04069613
67.34141405	51.03168691
67.2686543	50.97654919
67.2905779	50.99316301
67.37046355	51.05370078
67.34130902	51.03160732
67.30832358	51.00661078
67.28377156	50.98800512
67.33503463	51.02685255
67.36329046	51.04826498
67.31373756	51.01071352
67.30309256	51.00264668
67.3423948	51.03243013
67.35196574	51.03968304
67.34290985	51.03282044
67.32797875	51.02150557
67.32071293	51.0159995
67.33610991	51.02766741
67.34586586	51.03506052
67.33698907	51.02833364
67.33978251	51.03045053
67.33833718	51.02935524
67.36331654	51.04828474
67.33499006	51.02681878
67.33108967	51.02386304
67.37888256	51.06008075
67.36272098	51.04783342
67.35766241	51.04400001
67.36199592	51.04728396
67.36016129	51.04589367
67.35317523	51.04059959
67.37954761	51.06058473
67.38778973	51.06683065
67.36272419	51.04783585
67.37852917	51.05981295
67.36315624	51.04816326
67.36141359	51.04684267
67.38381763	51.06382058
67.38246068	51.06279227
67.37464895	51.0568725
67.38165137	51.06217897
67.35998461	51.04575979
67.37919093	51.06031444
67.39399711	51.07153464
67.38318877	51.06334402
67.37238305	51.05515539
67.40574863	51.08044001
67.40487108	51.07977499
67.35458031	51.04166438
67.41004057	51.08369246
67.4111725	51.08455024
67.38949778	51.06812502
67.37778696	51.0592505
67.40457329	51.07954932
67.37703048	51.05867724
67.41860562	51.0901831
67.41342019	51.08625355
67.36667923	51.05083301
67.39057645	51.06894245
67.42353463	51.09391833
67.40731491	51.08162694
67.38462334	51.06443115
67.3967444	51.07361655
67.40042868	51.07640852
67.42746586	51.09689744
67.4406723	51.10690535
67.40949747	51.0832809
67.39097127	51.06924164
67.41458123	51.0871334
67.43246055	51.10068244
67.43636898	51.10364427
67.42117188	51.09212783
67.41422415	51.0868628
67.43956466	51.10606598
67.44678813	51.11153996
67.42666892	51.09629352
67.40487613	51.07977882
67.42710772	51.09662604
67.44916175	51.1133387
67.46014457	51.12166154
67.4482215	51.11262617
67.43408496	51.10191343
67.4367548	51.10393665
67.47042763	51.1294541
67.4507041	51.1145075
67.42991893	51.09875639
67.44754596	51.11211425
67.47159712	51.13034034
67.46656646	51.12652809
67.44632703	51.11119054
67.44463938	51.10991162
67.45972915	51.12134673
67.48456504	51.1401675
67.45052617	51.11437267
67.42810121	51.09737891
67.471732	51.13044256
67.491103	51.14512201
67.46502946	51.12536334
67.45847812	51.12039869
67.47279824	51.13125056
67.49700218	51.14959244
67.50022492	51.15203465
67.46582728	51.12596793
67.47480126	51.13276846
67.48930208	51.14375726
67.51618038	51.16412578
67.47931557	51.13618943
67.47573593	51.13347676
67.50559389	51.15610328
67.51670022	51.16451972
67.503033	51.15416262
67.4811546	51.13758306
67.48176994	51.13804936
67.51188591	51.16087141
67.50757632	51.15760558
67.48721323	51.14217432
67.52016699	51.16714685
67.5252699	51.17101387
67.51254164	51.16136832
67.49236278	51.14607667
67.49803308	51.15037366
67.51254553	51.16137127
67.49934982	51.15137149
67.4884503	51.14311178
67.51828548	51.16572103
67.51943459	51.16659184
67.51544397	51.16356773
67.48839979	51.1430735
67.50384466	51.1547777
67.52260541	51.1689947
67.51767246	51.16525649
67.52525862	51.17100532
67.52539068	51.17110539
67.51775931	51.1653223
67.50631207	51.15664753
67.53161304	51.17582074
67.54268038	51.18420762
67.53430912	51.17786384
67.54220111	51.18384443
67.52991362	51.1745329
67.53935937	51.18169095
67.5343562	51.17789951
67.53711531	51.17999038
67.52455074	51.17046889
67.52338878	51.16958835
67.54832156	51.18848254
67.56649942	51.20225782
67.55694838	51.19501999
67.52888582	51.17375403
67.54746485	51.18783332
67.56985265	51.20479891
67.5704936	51.20528463
67.54668402	51.1872416
67.53601328	51.17915526
67.55455845	51.19320889
67.58373905	51.2153221
67.54669019	51.18724628
67.53899009	51.1814111
67.56428957	51.20058318
67.57730898	51.21044936
67.58947812	51.2196712
67.56001638	51.19734494
67.55217175	51.19140023
67.5811347	51.21334851
67.59614205	51.22472117
67.55646475	51.19465349
67.54722652	51.18765272
67.56769001	51.20316006
67.59654209	51.22502432
67.58894518	51.21926734
67.56350151	51.19998599
67.56887272	51.20405632
67.58276428	51.21458342
67.61221185	51.23689895
67.57071473	51.20545221
67.5675018	51.20301743
67.60248556	51.22952831
67.62141318	51.24387176
67.60050548	51.2280278
67.57939707	51.21203173
67.60202214	51.22917713
67.62459949	51.24628637
67.61951028	51.24242974
67.59280451	51.22219196
67.59238818	51.22187646
67.61799319	51.24128008
67.61216429	51.23686291
67.62008751	51.24286716
67.59778498	51.22596619
67.58200699	51.21400954
67.62251911	51.24470985
67.64093001	51.25866172
67.62040557	51.24310819
67.57631889	51.20969906
67.62057827	51.24323907
67.64522336	51.26191524
67.63881088	51.25705584
67.59735533	51.22564059
67.58690768	51.21772331
67.64220087	51.25962479
67.66774836	51.27898481
67.61236312	51.23701358
67.59042931	51.22039202
67.65649437	51.27045648
67.67690527	51.28592397
67.6422308	51.25964747
67.60506274	51.23148132
67.63725476	51.2558766
67.66319092	51.27553116
67.67715856	51.28611591
67.62734783	51.24836908
67.59730329	51.22560116
67.67416364	51.28384635
67.69534523	51.29989787
67.64496723	51.26172115
67.62154703	51.2439732
67.66053844	51.2735211
67.67909829	51.28758585
67.66905623	51.27997593
67.62730116	51.2483337
67.64200112	51.25947342
67.68706759	51.29362503
67.69265369	51.29785821
67.64314422	51.26033966
67.6493268	51.26502486
67.6742041	51.28387701
67.67159508	51.28189988
67.67238721	51.28250016
67.65929667	51.27258008
67.67742482	51.28631769
67.68277054	51.2903687
67.68926691	51.29529169
67.66939684	51.28023404
67.64827309	51.26422635
67.70365421	51.30619446
67.70990168	51.31092883
67.68282589	51.29041065
67.66445109	51.27648613
67.69411153	51.29896297
67.71327915	51.31348829
67.6826523	51.2902791
67.66506955	51.2769548
67.711079	51.311821
67.71827758	51.31727613
67.70095789	51.30415117
67.68100449	51.28903038
67.69078434	51.2964416
67.7146641	51.31453782
67.73859256	51.33267093
67.71503542	51.3148192
67.69743646	51.30148262
67.70253695	51.3053478
67.73689612	51.33138536
67.72031965	51.31882362
67.69820226	51.30206295
67.71812203	51.31715825
67.74733499	51.33929599
67.74210505	51.33533272
67.71611738	51.31563912
67.71997084	51.31855929
67.74595309	51.33824878
67.74967763	51.34107126
67.71246598	51.31287207
67.716125	51.31564489
67.70883711	51.31012209
67.74874587	51.34036517
67.74246936	51.33560879
67.70777587	51.30931788
67.71788433	51.31697812
67.74054734	51.33415227
67.75639275	51.34616001
67.74273253	51.33580822
67.72557118	51.32280326
67.74260539	51.33571188
67.75470037	51.34487752
67.74724527	51.339228
67.74341516	51.33632552
67.75025937	51.3415121
67.77714606	51.36188698
67.7380613	51.33226834
67.74508138	51.33758819
67.77081422	51.35708868
67.74280449	51.33586275
67.7736661	51.35924985
67.7529635	51.3435613
67.74384775	51.33665334
67.77109812	51.35730382
67.78660477	51.36905484
67.76922211	51.35588217
67.77178994	51.35782808
67.776513	51.36140724
67.7652205	51.35284973
67.78356406	51.36675057
67.77891384	51.36322661
67.76279025	51.35100807
67.78654033	51.36900601
67.80085494	51.3798537
67.79101629	51.37239792
67.78287825	51.36623087
67.78191477	51.36550074
67.79810486	51.37776967
67.79568353	51.37593478
67.78309998	51.36639889
67.79892771	51.37839323
67.78965605	51.37136712
67.81803	51.39286905
67.7817451	51.36537216
67.80054496	51.3796188
67.82499731	51.39814891
67.80645127	51.38409463
67.79883922	51.37832618
67.79770739	51.37746846
67.81692559	51.39203212
67.80921624	51.38618994
67.80358583	51.38192318
67.81009069	51.3868526
67.81147733	51.3879034
67.82364004	51.39712037
67.83533826	51.40598534
67.80468543	51.38275647
67.7996683	51.37895446
67.84152351	51.41067256
67.85477277	51.42071292
67.81579225	51.39117328
67.8210167	51.39513239
67.8466798	51.41458003
67.84356941	51.41222295
67.83582088	51.40635108
67.83662033	51.4069569
67.83940153	51.40906452
67.85882323	51.42378238
67.83328846	51.404432
67.82013954	51.39446767
67.84515971	51.41342809
67.85351853	51.41976245
67.8455049	51.41368968
67.86170228	51.42596414
67.86006605	51.42472419
67.83986569	51.40941626
67.86145028	51.42577317
67.86385497	51.42759546
67.84945243	51.41668114
67.84516733	51.41343386
67.87535841	51.43631283
67.85817095	51.42328808
67.85339005	51.41966509
67.85840028	51.42346186
67.85826301	51.42335784
67.85928171	51.42412982
67.88163536	51.44106954
67.86938917	51.43178931
67.87187048	51.43366965
67.87635934	51.43707134
67.87929718	51.43929765
67.88914524	51.44676056
67.88561595	51.44408605
67.86059553	51.42512544
67.86850585	51.43111992
67.90668268	51.46005053
67.87896879	51.43904879
67.87703466	51.4375831
67.90874005	51.46160961
67.88358499	51.44254698
67.89007514	51.44746525
67.92286884	51.47231649
67.87721548	51.43772013
67.88191057	51.44127809
67.91322159	51.46500575
67.91645439	51.46745558
67.89454594	51.45085324
67.88997578	51.44738995
67.92018541	51.47028297
67.9018926	51.45642058
67.90907627	51.4618644
67.91389404	51.46551534
67.90164223	51.45623085
67.91598832	51.46710239
67.9261729	51.47482033
67.89786488	51.45336835
67.91112894	51.46341993
67.93188421	51.47914839
67.89937534	51.45451299
67.93094937	51.47843996
67.93266694	51.47974154
67.92579155	51.47453134
67.91648537	51.46747906
67.94039622	51.48559883
67.94192356	51.48675626
67.92794485	51.47616312
67.93762414	51.48349814
67.91809224	51.46869676
67.9374188	51.48334253
67.95570866	51.49720268
67.93280388	51.47984532
67.94921644	51.49228284
67.93716924	51.48315341
67.93650187	51.48264767
67.94628157	51.49005879
67.95621879	51.49758926
67.95741654	51.49849693
67.93939536	51.48484038
67.96073276	51.50100997
67.98215051	51.51724046
67.95308792	51.49521667
67.94088689	51.48597066
67.97951422	51.51524266
67.95435919	51.49618005
67.96938102	51.50756367
67.97792506	51.51403839
67.94036282	51.48557352
67.95383839	51.49578538
67.96812643	51.50661293
67.97291284	51.51024011
67.99248131	51.5250692
67.98573369	51.51995582
67.97171548	51.50933274
67.96348708	51.50309721
67.97491612	51.5117582
68.00360851	51.53350145
67.98036575	51.51588796
67.97491739	51.51175916
67.98787728	51.52158024
67.99119714	51.52409604
67.9810743	51.51642491
67.97689993	51.51326154
67.9792265	51.51502463
68.00130336	51.53175459
67.99528292	51.52719227
67.98782313	51.5215392
68.00445713	51.53414454
68.00413688	51.53390185
67.99541209	51.52729015
68.03026264	51.55370009
68.00456586	51.53422693
67.99524607	51.52716434
68.00736808	51.53635047
68.01422074	51.54154345
68.01820191	51.54456041
68.01488819	51.54204925
68.00402304	51.53381558
68.0307155	51.55404327
68.02782881	51.55185572
68.02115332	51.546797
68.01408213	51.54143841
68.03211435	51.55510333
68.02743382	51.55155639
68.02324289	51.54838048
68.0433432	51.56361261
68.01801983	51.54442242
68.03416346	51.55665615
68.05121567	51.56957841
68.03532949	51.55753978
68.03902194	51.56033793
68.0345854	51.5569759
68.05119929	51.569566
68.03344713	51.55611331
68.04333402	51.56360565
68.03427063	51.55673737
68.0240857	51.54901917
68.07706962	51.58917067
68.05301413	51.57094129
68.03605156	51.55808697
68.03215897	51.55513714
68.04282438	51.56321945
68.06146512	51.5773455
68.05567762	51.5729597
68.05298129	51.57091641
68.06061457	51.57670094
68.05896331	51.57544961
68.05930867	51.57571133
68.06829699	51.58252273
68.06263476	51.57823186
68.06283059	51.57838026
68.0762545	51.58855297
68.04933115	51.56815031
68.04837394	51.56742494
68.0903333	51.59922196
68.07562643	51.58807702
68.07586175	51.58825534
68.07331248	51.58632349
68.08287228	51.59356796
68.08620027	51.59608993
68.09568569	51.60327803
68.09437141	51.60228206
68.09089992	51.59965135
68.07163525	51.58505248
68.10245276	51.60840616
68.08061036	51.59185386
68.09221572	51.60064847
68.09210871	51.60056738
68.08399844	51.59442137
68.10616673	51.61122062
68.09718693	51.60441568
68.10122197	51.60747345
68.08171629	51.59269194
68.10765903	51.61235149
68.10415571	51.60969666
68.1164186	51.61898954
68.09663504	51.60399746
68.10488731	51.61025106
68.11909407	51.62101703
68.10042772	51.60687157
68.111386	51.61517581
68.11320343	51.61655307
68.1244624	51.62508518
68.13056127	51.62970693
68.12838591	51.62805843
68.10838307	51.61290018
68.11460594	51.6176159
68.14196152	51.63834611
68.10251437	51.60845284
68.12056004	51.62212795
68.14780141	51.6427716
68.13224273	51.63098116
68.13682767	51.63445565
68.12022341	51.62187285
68.11169078	51.61540677
68.13964331	51.63658935
68.15937557	51.65154256
68.14678871	51.64200418
68.12219077	51.62336373
68.12660545	51.62670919
68.15582203	51.64884968
68.13782877	51.63521429
68.12434137	51.62499346
68.13965066	51.63659492
68.14804845	51.64295881
68.15747496	51.65010227
68.17286164	51.66176239
68.13768728	51.63510706
68.16621508	51.65672558
68.14909169	51.64374939
68.15647035	51.64934097
68.12791648	51.6277027
68.17636624	51.66441818
68.16036355	51.65229126
68.15175003	51.64576389
68.16129835	51.65299966
68.16651213	51.65695069
68.17408055	51.66268608
68.15897244	51.65123707
68.17622579	51.66431175
68.18243629	51.6690181
68.17137525	51.66063599
68.16190564	51.65345987
68.17229278	51.6613313
68.18738391	51.67276744
68.20446686	51.68571299
68.16681375	51.65717926
68.16721438	51.65748286
68.19677918	51.67988723
68.19358133	51.67746387
68.18664573	51.67220804
68.15740444	51.65004884
68.18405081	51.6702416
68.22663099	51.70250909
68.18497172	51.67093946
68.15987136	51.65191828
68.2259187	51.70196931
68.23311031	51.70741915
68.21158177	51.69110471
68.17771511	51.66544037
68.18316082	51.66956716
68.21525784	51.69389045
68.22992058	51.70500196
68.20621631	51.68703873
68.18370473	51.66997934
68.19971487	51.68211191
68.24603215	51.71721139
68.23859854	51.71157816
68.19047467	51.67510963
68.21620221	51.6946061
68.22504383	51.70130633
68.24164799	51.71388905
68.24405856	51.71571579
68.218982	51.69671264
68.21893907	51.69668011
68.24281488	51.71477333
68.23680116	51.7102161
68.20606382	51.68692317
68.21535826	51.69396655
68.26622478	51.73251348
68.25089715	51.72089811
68.25159988	51.72143064
68.22477346	51.70110144
68.22172169	51.69878879
68.25925197	51.72722944
68.27363627	51.73812994
68.22551943	51.70166674
68.23606693	51.70965969
68.25786166	51.72617586
68.27299333	51.73764271
68.26895451	51.73458208
68.23449855	51.70847117
68.25208757	51.72180022
68.27469325	51.73893092
68.26526169	51.73178364
68.26324258	51.73025355
68.26233801	51.72956806
68.27558718	51.73960835
68.27518163	51.73930102
68.27815261	51.74155245
68.27737056	51.7409598
68.25403178	51.72327355
68.26447858	51.73119019
68.27166822	51.73663854
68.27776313	51.7412573
68.26741461	51.73341513
68.28567394	51.74725215
68.30444127	51.76147414
68.3008031	51.75871711
68.26739698	51.73340177
68.25861869	51.72674954
68.30623293	51.76283187
68.31810519	51.77182873
68.27872019	51.74198256
68.27101487	51.73614343
68.29801181	51.75660186
68.32117491	51.77415498
68.29565988	51.75481955
68.28575694	51.74731505
68.27410259	51.73848332
68.30546129	51.76224711
68.32552718	51.77745316
68.32850709	51.77971134
68.27709375	51.74075003
68.29664988	51.75556977
68.32337179	51.77581979
68.33070115	51.78137401
68.32337537	51.7758225
68.28499536	51.74673792
68.31900192	51.77250827
68.32573993	51.77761438
68.31429826	51.76894381
68.32289283	51.77545683
68.33550569	51.78501492
68.34503482	51.79223615
68.3328522	51.7830041
68.33709509	51.78621938
68.34829682	51.79470811
68.29714799	51.75594725
68.31312796	51.76805696
68.33476094	51.78445055
68.31185033	51.76708876
68.33401209	51.78388306
68.35263451	51.79799523
68.32504999	51.77709153
68.321139	51.77412777
68.3450038	51.79221264
68.34489393	51.79212938
68.33357524	51.78355202
68.34078329	51.78901431
68.34303623	51.7907216
68.36733057	51.80913198
68.33810673	51.786986
68.33619388	51.78553644
68.32309286	51.77560841
68.37968686	51.81849565
68.3835688	51.82143741
68.33341476	51.7834304
68.33358841	51.78356199
68.37009794	51.81122911
68.34040762	51.78872963
68.37634984	51.81596684
68.35624158	51.80072869
68.35363602	51.79875418
68.38312087	51.82109796
68.35996265	51.80354854
68.35052489	51.79639655
68.36907287	51.81045231
68.38319752	51.82115605
68.36713828	51.80898627
68.36504832	51.80740248
68.40560758	51.83813851
68.37470195	51.81471806
68.38693422	51.82398774
68.37050297	51.81153605
68.3822642	51.82044877
68.39157876	51.8275074
68.38616036	51.8234013
68.40021299	51.83405046
68.37107126	51.8119667
68.3986091	51.83283503
68.40132467	51.8348929
68.37622391	51.81587141
68.40083771	51.83452388
68.40291714	51.83609968
68.40058101	51.83432935
68.39837086	51.83265448
68.37647263	51.81605989
68.39112532	51.82716377
68.4320958	51.85821142
68.38814765	51.82490728
68.38394435	51.821722
68.39973302	51.83368674
68.41404813	51.84453481
68.43780046	51.86253445
68.40638774	51.83872972
68.40698573	51.83918288
68.42704335	51.85438265
68.42883887	51.85574331
68.43901242	51.86345288
68.40569383	51.83820387
68.40475588	51.83749309
68.45273223	51.87384983
68.43854751	51.86310057
68.42305798	51.85136252
68.40700305	51.83919601
68.43665197	51.86166412
68.45495408	51.87553355
68.45345908	51.87440064
68.42461604	51.85254323
68.4186965	51.84805737
68.44735199	51.86977265
68.46779916	51.88526762
68.43569506	51.86093896
68.44447407	51.86759175
68.43411037	51.85973808
68.45590372	51.8762532
68.46666282	51.8844065
68.4514924	51.87291028
68.44344147	51.86680924
68.45227254	51.87350147
68.50483976	51.9133372
68.45679467	51.87692836
68.44402527	51.86725164
68.47136231	51.8879678
68.4686019	51.88587595
68.48174215	51.8958337
68.45803356	51.8778672
68.45657287	51.87676028
68.47511646	51.89081272
68.49709115	51.90746525
68.47309338	51.88927961
68.4564522	51.87666884
68.48931276	51.90157075
68.48165186	51.89576528
68.49140607	51.90315707
68.46800895	51.88542661
68.47687286	51.89214373
68.50439423	51.91299957
68.50443292	51.91302889
68.513657	51.92001895
68.46019591	51.87950584
68.48952151	51.90172894
68.50813031	51.91583079
68.4942563	51.90531699
68.46506834	51.8831982
68.47947951	51.89411906
68.51228912	51.91898236
68.49983302	51.90954306
68.51679444	51.92239652
68.49167631	51.90336186
68.49570387	51.90641396
68.53188848	51.93383486
68.52830229	51.93111722
68.50776086	51.91555082
68.50970461	51.9170238
68.50936658	51.91676764
68.53315262	51.93479283
68.52959743	51.93209869
68.49353314	51.90476897
68.52344804	51.92743865
68.53323672	51.93485656
68.54267784	51.94201109
68.511049	51.91804259
68.51071069	51.91778622
68.53807725	51.93852474
68.56214812	51.95676578
68.55064094	51.94804557
68.5030348	51.91196939
68.51599851	51.92179335
68.5411647	51.94086443
68.53969799	51.93975295
68.54346982	51.94261126
68.53446077	51.93578416
68.54181782	51.94135937
68.56762347	51.96091503
68.56119816	51.95604589
68.52962193	51.93211725
68.54525691	51.94396553
68.56899372	51.96195341
68.57748629	51.96838912
68.55915049	51.95449416
68.54063825	51.94046548
68.5514867	51.94868649
68.59275883	51.97996274
68.57894466	51.96949429
68.542931	51.94220294
68.53877216	51.93905135
68.57231111	51.96446735
68.60711866	51.99084469
68.56215263	51.9567692
68.53514731	51.93630442
68.56267777	51.95716715
68.60738169	51.99104402
68.60233397	51.98721883
68.54954441	51.94721462
68.55540347	51.95165465
68.58836073	51.97662984
68.60672432	51.99054586
68.5845089	51.9737109
68.55241837	51.94939252
68.57737259	51.96830296
68.60404571	51.988516
68.61627913	51.99778655
68.59221724	51.97955232
68.54915274	51.94691781
68.59102593	51.97864954
68.60110004	51.98628375
68.61290538	51.9952299
68.61037854	51.99331505
68.58640754	51.97514969
68.5938501	51.98078971
68.6242699	52.003842
68.62084305	52.00124511
68.58393736	51.97327778
68.58315606	51.97268571
68.61281362	51.99516036
68.64140075	52.01682385
68.59905521	51.98473417
68.58713828	51.97570346
68.60167748	51.98672134
68.63123825	52.00912265
68.64266005	52.01777815
68.62254287	52.00253324
68.58721378	51.97576067
68.62007892	52.00066605
68.65678806	52.02848443
68.62962296	52.00789858
68.63494941	52.01193499
68.59864422	51.98442272
68.63157964	52.00938136
68.67202289	52.04002947
68.63246616	52.01005317
68.61062048	51.9934984
68.63416925	52.01134378
68.66314294	52.0333002
68.65466319	52.0268742
68.62545714	52.0047417
68.63432447	52.0114614
68.62682144	52.00577557
68.65045101	52.02368219
68.67282031	52.04063376
68.6293747	52.00771044
68.62066927	52.00111342
68.66225194	52.03262499
68.67861806	52.04502732
68.64626107	52.02050702
68.6563356	52.02814156
68.65785245	52.02929103
68.67821027	52.0447183
68.66333031	52.03344219
68.64836482	52.02210126
68.6469795	52.02105146
68.67484706	52.04216964
68.65018835	52.02348314
68.64118364	52.01665932
68.66568575	52.03522715
68.68109339	52.04690315
68.66601406	52.03547595
68.65554365	52.02754141
68.66151603	52.03206731
68.67719716	52.04395056
68.68588559	52.0505347
68.68092429	52.046775
68.66427969	52.03416163
68.68150534	52.04721532
68.70386556	52.06416002
68.66540094	52.03501132
68.68137943	52.04711991
68.67595772	52.04301131
68.70058955	52.06167744
68.6961419	52.05830698
68.70167409	52.06249931
68.67465467	52.04202384
68.7032098	52.06366308
68.72006424	52.07643547
68.70477954	52.06485264
68.70328721	52.06372174
68.6903617	52.05392672
68.70354598	52.06391784
68.72373678	52.07921854
68.70676237	52.06635524
68.69623851	52.0583802
68.71845674	52.0752173
68.72031531	52.07662573
68.73133164	52.08497396
68.69987246	52.06113403
68.7084163	52.06760859
68.74052356	52.09193965
68.73788206	52.08993791
68.70662205	52.0662489
68.68094929	52.04679395
68.71163018	52.07004409
68.74737148	52.09712904
68.71229407	52.07054719
68.7018081	52.06260086
68.70952778	52.06845088
68.76464131	52.11021621
68.75004965	52.09915857
68.70844926	52.06763357
68.71410627	52.07192049
68.75183795	52.10051376
68.75768452	52.10494432
68.72006662	52.07643727
68.73089987	52.08464676
68.7551655	52.10303539
68.73364524	52.08672722
68.75940231	52.10624607
68.73675229	52.08908176
68.74167356	52.09281112
68.7322605	52.08567785
68.74343171	52.09414346
68.75891427	52.10587623
68.76001061	52.10670704
68.75543135	52.10323685
68.7461629	52.09621317
68.7664464	52.11158412
68.79036262	52.12970796
68.77094454	52.11499283
68.74012627	52.09163858
68.74815921	52.09772598
68.77143924	52.11536772
68.78710784	52.12724147
68.76731704	52.11224389
68.74725254	52.09703891
68.76448722	52.11009944
68.815475	52.14873825
68.79103654	52.13021866
68.76717018	52.1121326
68.79224085	52.13113129
68.8007159	52.13755373
68.80603406	52.14158386
68.7876625	52.12766179
68.79112173	52.13028321
68.78265338	52.12386585
68.8135594	52.1472866
68.8011199	52.13785988
68.78581121	52.12625888
68.7805824	52.12229645
68.81359552	52.14731397
68.78880729	52.12852932
68.78776717	52.12774111
68.79782783	52.13536513
68.81293029	52.14680986
68.81953029	52.15181137
68.83283191	52.16189141
68.79430199	52.13269324
68.80470731	52.14057844
68.82893173	52.15893584
68.83125688	52.16069785
68.80345048	52.13962601
68.81727954	52.15010575
68.81640933	52.1494463
68.83705554	52.16509211
68.82931529	52.1592265
68.82283312	52.15431428
68.81991521	52.15210307
68.85220759	52.17657441
68.84337392	52.1698802
68.8006504	52.13750409
68.82984465	52.15962766
68.84894963	52.17410551
68.8210161	52.15293733
68.83050803	52.16013037
68.83135178	52.16076976
68.83581947	52.16415541
68.84601371	52.17188066
68.87915949	52.1969987
68.84014293	52.16743175
68.83291386	52.16195351
68.86256524	52.18442349
68.85148379	52.17602591
68.83402862	52.16279829
68.85849692	52.1813405
68.83623234	52.16446828
68.86050346	52.18286106
68.88069445	52.19816191
68.84609031	52.1719387
68.86212719	52.18409154
68.86889037	52.18921671
68.86570521	52.18680298
68.85867706	52.18147701
68.88768675	52.2034607
68.86269471	52.18452161
68.85445422	52.17827691
68.87558859	52.19429265
68.87106842	52.19086724
68.87492681	52.19379115
68.8679105	52.18847416
68.86090392	52.18316454
68.90092298	52.21349119
68.90133172	52.21380094
68.8896111	52.20491899
68.87136617	52.19109288
68.88904737	52.20449179
68.88327106	52.20011447
68.88654041	52.202592
68.89770107	52.21104962
68.90617407	52.2174705
68.87858861	52.19656609
68.903734	52.2156214
68.89056585	52.20564251
68.87411502	52.19317597
68.89023143	52.20538908
68.9080849	52.21891854
68.89625721	52.20995545
68.90433819	52.21607926
68.91134285	52.22138743
68.90320325	52.21521919
68.90764066	52.21858189
68.90899074	52.21960499
68.89690887	52.21044928
68.92395457	52.23094465
68.92210944	52.22954641
68.9132187	52.22280896
68.89929252	52.21225562
68.94345144	52.24571949
68.91519829	52.22430911
68.89099919	52.2059709
68.91900794	52.22719607
68.92661789	52.23296294
68.92583314	52.23236825
68.92479045	52.23157809
68.92385996	52.23087296
68.90763346	52.21857643
68.94089861	52.24378495
68.94237189	52.2449014
68.91279101	52.22248485
68.92884253	52.23464878
68.94722692	52.24858057
68.91239224	52.22218266
68.95172324	52.25198791
68.9495434	52.25033601
68.94735113	52.2486747
68.94613223	52.24775101
68.96337348	52.26081652
68.94334227	52.24563676
68.95612155	52.25532097
68.93952632	52.24274501
68.91575711	52.22473258
68.9627086	52.26031267
68.97905488	52.27269997
68.93523488	52.23949294
68.93756531	52.24125895
68.98464944	52.27693956
68.97242307	52.26767435
68.96823655	52.26450178
68.94493703	52.24684528
68.94616776	52.24777793
68.96463483	52.26177238
68.97596416	52.2703578
68.93948946	52.24271708
68.93626211	52.24027138
68.97788658	52.27181462
69.00542442	52.29268295
68.96675512	52.26337914
68.95976872	52.25808481
68.97379965	52.26871753
68.98057045	52.27384848
68.99623981	52.2857228
68.97983299	52.27328963
68.9540393	52.25374302
68.96393998	52.26124582
68.99526087	52.28498096
69.02717099	52.30916262
68.96432902	52.26154063
68.96347318	52.26089207
68.99430229	52.28425454
69.04497673	52.3226559
69.0189109	52.30290308
68.95265407	52.25269329
68.98866118	52.27997968
69.01499971	52.29993916
69.03771451	52.31715255
68.99500211	52.28478487
68.97885356	52.27254741
69.01179844	52.29751322
69.04768095	52.32470518
69.02432882	52.3070088
68.98958249	52.28067785
68.9932248	52.28343801
69.04075927	52.31945989
69.02942625	52.31087167
69.00487372	52.29226563
69.00507414	52.2924175
69.01710386	52.30153369
69.01266297	52.29816836
69.05121141	52.32738057
69.01852471	52.30261042
69.00385519	52.29149378
69.01609446	52.30076877
69.03711188	52.31669588
69.0198021	52.30357843
69.02013824	52.30383316
69.02286279	52.30589784
69.0445845	52.32235867
69.05728048	52.33197975
69.01173432	52.29746462
69.0471105	52.32427289
69.05292883	52.32868205
69.03450134	52.31471759
69.04350861	52.32154336
69.05983605	52.33391637
69.03663861	52.31633723
69.03737053	52.31689188
69.03753458	52.3170162
69.0547536	52.33006487
69.04922396	52.32587448
69.04883817	52.32558212
69.02950741	52.31093317
69.06299649	52.33631137
69.06028124	52.33425374
69.05590538	52.33093769
69.06913658	52.34096437
69.07380057	52.34449877
69.07839808	52.34798278
69.05449094	52.32986583
69.06577478	52.33841677
69.08329002	52.35168992
69.06545329	52.33817315
69.06694598	52.33930432
69.0649012	52.33775477
69.06205181	52.33559549
69.08071738	52.34974036
69.10469154	52.36790811
69.08753463	52.35490651
69.06571689	52.33837291
69.09184885	52.35817585
69.11656727	52.3769076
69.11959174	52.37919956
69.08608795	52.35381021
69.07352614	52.3442908
69.0776468	52.34741346
69.10084661	52.3649944
69.12645571	52.38440111
69.08915136	52.35613168
69.07796813	52.34765696
69.11064292	52.3724181
69.1171316	52.37733526
69.09478193	52.36039855
69.0909934	52.35752759
69.09027058	52.35697983
69.11452213	52.37535778
69.10049769	52.36472998
69.11553525	52.37612553
69.09752595	52.36247799
69.10114144	52.36521782
69.12926241	52.38652804
69.14716971	52.40009829
69.09645591	52.3616671
69.11099943	52.37268826
69.13498721	52.39086633
69.13692192	52.39233247
69.1318751	52.38850796
69.12143026	52.3805928
69.12914181	52.38643666
69.15355039	52.40493361
69.11559421	52.37617021
69.12024876	52.37969746
69.12544405	52.38363448
69.1461971	52.39936125
69.15161351	52.40346583
69.1261704	52.3841849
69.13431772	52.39035899
69.14805738	52.40077098
69.15501334	52.40604224
69.13899472	52.39390325
69.1338505	52.39000493
69.14030728	52.39489791
69.16783506	52.41575861
69.1497714	52.40206987
69.1387314	52.3937037
69.14831991	52.40096992
69.14797674	52.40070987
69.15892352	52.4090054
69.1728028	52.41952319
69.15766111	52.40804874
69.15202959	52.40378114
69.14477375	52.39828262
69.17583382	52.42182011
69.15419079	52.40541891
69.15192614	52.40370274
69.18449408	52.4283829
69.16872806	52.41643533
69.18023418	52.42515473
69.17098316	52.41814426
69.16868134	52.41639992
69.16106057	52.41062487
69.1765931	52.4223955
69.18137485	52.42601913
69.17282955	52.41954346
69.19853604	52.43902398
69.18422073	52.42817575
69.16908175	52.41670335
69.20359385	52.44285681
69.1782002	52.42361337
69.18067515	52.4254889
69.18446745	52.42836273
69.19678033	52.43769349
69.18235841	52.42676448
69.20902578	52.44697316
69.1910361	52.43334048
69.1840379	52.42803721
69.19353869	52.43523696
69.19561577	52.43681098
69.20640019	52.44498348
69.19997481	52.44011429
69.20154523	52.44130436
69.20294426	52.44236455
69.22098157	52.45603332
69.21953442	52.45493666
69.2124692	52.4495826
69.20192479	52.44159199
69.22210254	52.4568828
69.2245766	52.45875766
69.20849713	52.44657254
69.23347749	52.46550279
69.21817812	52.45390885
69.21048707	52.44808053
69.22627856	52.46004741
69.21512289	52.45159358
69.21331098	52.45022051
69.2288589	52.4620028
69.22407251	52.45837565
69.23148527	52.46399308
69.2164912	52.4526305
69.24971213	52.47780549
69.2520701	52.47959238
69.23083707	52.46350187
69.24039091	52.47074182
69.2383804	52.46921825
69.23605568	52.46745656
69.24177203	52.47178845
69.25128179	52.47899499
69.24503676	52.47426248
69.2366632	52.46791694
69.23607307	52.46746974
69.24589892	52.47491582
69.26530747	52.48962373
69.26513692	52.48949448
69.23339574	52.46544085
69.23294355	52.46509817
69.25282295	52.48016289
69.2793522	52.5002669
69.26665422	52.4906443
69.23685817	52.46806469
69.23956883	52.47011885
69.25850383	52.48446789
69.28230867	52.50250733
69.24237974	52.47224897
69.24871393	52.47704906
69.29779106	52.51423997
69.28265865	52.50277255
69.267467	52.49126023
69.26254655	52.48753148
69.25593763	52.48252322
69.28949875	52.50795601
69.30031278	52.51615094
69.25658176	52.48301134
69.24661318	52.47545709
69.28256672	52.50270288
69.29855078	52.51481569
69.29897576	52.51513774
69.25597296	52.48254999
69.2534946	52.48067187
69.29505579	52.51216716
69.31857722	52.52999183
69.2877741	52.50664906
69.26323344	52.48805201
69.29278098	52.5104433
69.30515594	52.51982112
69.2925944	52.51030191
69.3048468	52.51958684
69.28996885	52.50831225
69.31481368	52.5271398
69.30841517	52.52229097
69.31768077	52.5293125
69.30773035	52.52177201
69.31350916	52.52615123
69.32603822	52.53564582
69.31704265	52.52882893
69.29880193	52.51500601
69.32276529	52.53316557
69.33132452	52.5396518
69.33205381	52.54020446
69.31752588	52.52919512
69.31719521	52.52894453
69.33158893	52.53985218
69.31139866	52.52455188
69.32983415	52.53852239
69.32132248	52.53207221
69.33015685	52.53876694
69.32579502	52.53546152
69.34387987	52.54916631
69.35638741	52.5586446
69.33539888	52.54273938
69.34852878	52.55268929
69.33648174	52.54355997
69.34008008	52.54628681
69.34007993	52.5462867
69.35114999	52.55467565
69.36073167	52.5619367
69.33363104	52.54139969
69.34309364	52.54857051
69.37172958	52.57027098
69.38340869	52.57912147
69.34884212	52.55292674
69.34073867	52.54678589
69.33702019	52.54396801
69.36124466	52.56232545
69.36091778	52.56207773
69.33563387	52.54291745
69.34362501	52.54897318
69.34195201	52.54770538
69.36858369	52.56788701
69.39532193	52.58814939
69.36045522	52.56172721
69.35524784	52.55778102
69.338569	52.54514171
69.38166531	52.57780032
69.39379034	52.58698874
69.35761203	52.55957262
69.35186534	52.55521775
69.37035632	52.56923031
69.37418347	52.57213054
69.41531487	52.60330014
69.35874102	52.56042818
69.3533043	52.5563082
69.38493296	52.58027657
69.4073214	52.59724265
69.39788928	52.59009494
69.36421134	52.56457361
69.35812831	52.55996386
69.42051226	52.60723875
69.41918731	52.6062347
69.3798335	52.57641217
69.37861176	52.57548633
69.39980579	52.59154728
69.41678689	52.60441565
69.40771813	52.59754329
69.38086638	52.57719489
69.38313342	52.57891287
69.43350676	52.61708605
69.43758327	52.62017525
69.40789501	52.59767734
69.36577104	52.56575556
69.41580505	52.6036716
69.42968727	52.61419162
69.41149866	52.6004082
69.38930951	52.58359314
69.40935748	52.5987856
69.42155647	52.60803006
69.45045492	52.62992946
69.40654023	52.59665067
69.40563502	52.5959647
69.42640966	52.61170784
69.42118675	52.60774989
69.44889861	52.62875008
69.44060981	52.62246879
69.4105049	52.59965512
69.41832973	52.60558482
69.43234935	52.61620896
69.44609426	52.62662493
69.43928298	52.6214633
69.41818349	52.605474
69.43032599	52.61467565
69.45682602	52.63475752
69.45760036	52.63534432
69.4147509	52.60287276
69.43673382	52.61953154
69.46148817	52.63829052
69.45677809	52.6347212
69.45545216	52.6337164
69.44696066	52.62728149
69.45982895	52.63703315
69.4499802	52.62956972
69.46447817	52.64055636
69.46847694	52.64358665
69.46793412	52.6431753
69.46217583	52.63881163
69.45810365	52.63572571
69.45340592	52.63216575
69.47677987	52.64987866
69.46022176	52.63733082
69.45477829	52.63320574
69.46607054	52.64176307
69.48745369	52.65796733
69.47487874	52.64843797
69.4928039	52.66202175
69.46813654	52.64332869
69.46316739	52.63956304
69.48145546	52.65342184
69.5012937	52.66845536
69.48094129	52.6530322
69.46336366	52.63971178
69.48930802	52.65937256
69.50037338	52.66775794
69.49003297	52.65992192
69.49309855	52.66224503
69.49202263	52.6614297
69.48505197	52.65614729
69.51134621	52.67607321
69.50920619	52.67445149
69.47135663	52.6457689
69.50111093	52.66831686
69.50462331	52.67097856
69.48470752	52.65588627
69.50701782	52.67279313
69.48948102	52.65950365
69.50778336	52.67337327
69.51009265	52.67512325
69.52753421	52.68834057
69.49549836	52.66406363
69.50860666	52.67399716
69.51501991	52.67885716
69.51765351	52.68085292
69.49627536	52.66465244
69.51280913	52.67718182
69.52897864	52.68943516
69.51795685	52.68108279
69.53858055	52.69671154
69.52208263	52.68420933
69.50970361	52.67482844
69.53268927	52.6922471
69.53903002	52.69705215
69.54174789	52.69911177
69.52972953	52.69000419
69.51831042	52.68135073
69.5306913	52.69073303
69.5653913	52.71702887
69.54268767	52.69982394
69.52802235	52.68871048
69.55198714	52.70687113
69.57377037	52.72337858
69.56632828	52.71773892
69.56501266	52.71674194
69.52801041	52.68870143
69.54286272	52.69995659
69.56043639	52.71327402
69.57815141	52.72669855
69.56026397	52.71314336
69.55295004	52.70760082
69.55522552	52.70932519
69.56153942	52.7141099
69.58038823	52.72839363
69.59653905	52.7406328
69.56283982	52.71509535
69.57488175	52.72422079
69.57835059	52.7268495
69.58200152	52.72961618
69.58836364	52.73443744
69.56694013	52.71820259
69.5600539	52.71298416
69.57979881	52.72794696
69.58793909	52.73411571
69.5838473	52.73101493
69.57715425	52.7259429
69.58126655	52.72905922
69.58421787	52.73129575
69.58970771	52.73545598
69.59644385	52.74056066
69.58450832	52.73151585
69.5869831	52.73339126
69.61085656	52.75148269
69.61924977	52.75784311
69.59533026	52.73971678
69.59033643	52.73593243
69.60728067	52.74877286
69.61746852	52.75649327
69.62775514	52.76428853
69.63612442	52.77063081
69.59355317	52.73837009
69.58751137	52.73379158
69.62005586	52.75845397
69.61731918	52.7563801
69.60556498	52.7474727
69.57924395	52.72752649
69.60517934	52.74718046
69.63229085	52.76772571
69.63818449	52.77219194
69.58528294	52.73210286
69.59722918	52.74115579
69.62819056	52.76461849
69.63449083	52.76939287
69.6193159	52.75789322
69.61778466	52.75673284
69.61611452	52.7554672
69.63900229	52.77281168
69.63511778	52.76986797
69.6305977	52.76644263
69.62435811	52.76171424
69.61948144	52.75801867
69.64569664	52.7778847
69.66976268	52.79612207
69.66695927	52.79399763
69.62439623	52.76174313
69.61857238	52.75732978
69.65232814	52.78291008
69.66708684	52.7940943
69.65081098	52.78176037
69.65985593	52.78861468
69.62247127	52.76028438
69.65071357	52.78168655
69.68495113	52.80763196
69.66271207	52.79077908
69.65768113	52.78696661
69.64903217	52.78041237
69.67001931	52.79631655
69.6722558	52.79801136
69.66622477	52.79344102
69.66678735	52.79386735
69.655002	52.78493634
69.66537813	52.79279943
69.69657413	52.81643993
69.65799676	52.78720579
69.66231911	52.79048129
69.67426152	52.79953132
69.66798653	52.79477609
69.68196197	52.80536676
69.67549601	52.80046681
69.67440881	52.79964293
69.66211869	52.79032941
69.69331852	52.81397281
69.70688353	52.82425245
69.6762781	52.80105949
69.70155517	52.82021458
69.68235989	52.8056683
69.69564217	52.81573368
69.69756919	52.81719399
69.69764119	52.81724855
69.69219507	52.81312145
69.70046083	52.81938529
69.7106559	52.82711117
69.7094059	52.82616391
69.72531459	52.8382196
69.70660518	52.82404151
69.67486669	52.79998991
69.72296207	52.83643686
69.75438959	52.8602528
69.70627144	52.8237886
69.68591642	52.80836346
69.72486007	52.83787517
69.72584483	52.83862143
69.73224123	52.84346865
69.71556995	52.83083507
69.7096618	52.82635783
69.71185876	52.8280227
69.7353757	52.84584397
69.74469346	52.85290502
69.69345615	52.81407711
69.71413914	52.82975079
69.74325958	52.85181841
69.77619522	52.87677722
69.73993808	52.84930137
69.70264292	52.82103889
69.72101961	52.83496485
69.7473621	52.85492733
69.75398439	52.85994573
69.73886188	52.84848581
69.7433497	52.85188671
69.75024546	52.85711235
69.74786695	52.8553099
69.761245	52.86544786
69.75200317	52.85844435
69.7346166	52.84526872
69.74341133	52.85193341
69.75850684	52.86337287
69.76062685	52.86497943
69.74379142	52.85222144
69.74436946	52.85265949
69.75362371	52.85967241
69.77955234	52.87932126
69.76228243	52.86623403
69.74201842	52.85087785
69.75836929	52.86326863
69.78527459	52.88365761
69.7842703	52.88289656
69.75434345	52.86021783
69.76242519	52.86634222
69.76584782	52.8689359
69.76649349	52.8694252
69.78471148	52.88323088
69.77064309	52.87256979
69.75889436	52.86366654
69.786906	52.88489391
69.79671072	52.89232397
69.75969253	52.86427139
69.77661547	52.87709569
69.78886415	52.88637781
69.77756426	52.87781469
69.8065712	52.8997963
69.78320716	52.88209091
69.78941058	52.88679189
69.79808348	52.89336426
69.78990722	52.88716825
69.79536464	52.89130391
69.79226498	52.88895497
69.79972253	52.89460634
69.79682624	52.89241152
69.80711435	52.90020791
69.78967344	52.88699109
69.81607451	52.90699796
69.80647272	52.89972168
69.81293491	52.90461875
69.79742821	52.8928677
69.79305021	52.88955002
69.80699352	52.90011634
69.81019883	52.90254534
69.81328037	52.90488055
69.81248567	52.90427832
69.81268558	52.90442981
69.81973461	52.90977161
69.82858641	52.91647955
69.80709176	52.90019078
69.82092767	52.91067571
69.82671147	52.91505871
69.82265195	52.91198238
69.81515975	52.90630475
69.82610015	52.91459544
69.82624613	52.91470607
69.86072102	52.94083133
69.8207098	52.91051061
69.81131208	52.90338896
69.83606096	52.9221438
69.83466127	52.92108311
69.83224586	52.91925269
69.82478535	52.91359909
69.83047718	52.91791239
69.85586851	52.93715407
69.84809818	52.93126567
69.85509069	52.93656463
69.84094607	52.92584577
69.85611453	52.93734051
69.84534774	52.92918137
69.86076112	52.94086172
69.85031047	52.93294216
69.84384497	52.92804257
69.85333788	52.93523634
69.8632971	52.94278349
69.86212305	52.94189379
69.86339103	52.94285468
69.87750348	52.95354917
69.86913281	52.94720583
69.86630634	52.94506391
69.86730228	52.94581864
69.87499953	52.95165166
69.85950704	52.93991137
69.89308176	52.96535447
69.87980175	52.95529081
69.86404433	52.94334975
69.8768773	52.95307464
69.87612806	52.95250686
69.89937344	52.97012234
69.9174138	52.98379342
69.90621827	52.97530939
69.8991964	52.96998817
69.88819001	52.96164747
69.90989042	52.97809216
69.88325138	52.95790496
69.88654552	52.96040127
69.89962353	52.97031186
69.90765286	52.97639653
69.90450258	52.97400923
69.90183296	52.97198618
69.91369317	52.98097391
69.90093344	52.97130452
69.90756054	52.97632657
69.91283355	52.98032249
69.91107817	52.97899225
69.90388889	52.97354417
69.91867581	52.98474978
69.90894185	52.97737333
69.91973408	52.98555174
69.92895535	52.99253967
69.90241302	52.97242575
69.93415002	52.99647622
69.93922926	53.00032529
69.91363486	52.98092972
69.91432673	52.98145402
69.93488774	52.99703527
69.92376915	52.98860954
69.94029996	53.00113668
69.94439934	53.00424321
69.92296266	52.98799838
69.94465529	53.00443717
69.93961032	53.00061406
69.94926462	53.00793015
69.93263822	52.99533057
69.93572159	52.99766716
69.9346564	52.99685996
69.93475308	52.99693322
69.96095435	53.01678868
69.96116969	53.01695187
69.93251333	52.99523593
69.96140976	53.0171338
69.94536155	53.00497238
69.95951817	53.01570034
69.96227003	53.01778572
69.92671033	52.99083838
69.9317479	52.99465588
69.97693984	53.02890257
69.97733246	53.02920011
69.95363072	53.0112388
69.9449102	53.00463034
69.95119789	53.00939519
70.00135081	53.04740134
69.99907426	53.04567616
69.95358247	53.01120224
69.94366758	53.00368868
69.98440903	53.03456277
69.98785159	53.03717156
69.98728191	53.03673985
69.95935325	53.01557536
69.96154089	53.01723317
69.98126825	53.03218267
69.97597373	53.02817046
70.01784339	53.05989951
69.97025052	53.02383337
69.95730055	53.01401982
69.97450463	53.02705716
69.9913687	53.03983685
70.00178821	53.0477328
69.9812649	53.03218013
69.96661563	53.02107884
69.9947265	53.0423814
70.01849655	53.06039447
70.0122694	53.05567551
69.99606225	53.04339364
69.95405529	53.01156054
70.01055175	53.05437386
70.02377307	53.06439305
70.01173566	53.05527104
70.00017784	53.04651246
69.97305299	53.0259571
69.99158855	53.04000345
70.01929347	53.06099839
70.01104672	53.05474895
69.99942681	53.04594332
70.01153208	53.05511676
70.01173895	53.05527353
70.03595471	53.07362436
70.03130174	53.07009831
69.99291072	53.04100539
70.00320097	53.0488034
70.01899064	53.0607689
70.03995352	53.07665468
70.03448752	53.07251252
70.00203305	53.04791835
70.0132288	53.05640255
70.02755418	53.0672584
70.05162693	53.08550086
70.05467541	53.08781101
70.0170209	53.05927622
70.01974524	53.06134074
70.0098978	53.0538783
70.05809397	53.09040162
70.04031079	53.07692543
70.01298378	53.05621687
70.02653629	53.06648703
70.05633671	53.08906995
70.07082561	53.10004972
70.02378692	53.06440355
70.00325467	53.0488441
70.03038714	53.06940523
70.06197986	53.09334637
70.07095733	53.10014954
70.02100248	53.06229348
70.03604668	53.07369406
70.07955905	53.10666797
70.07871851	53.106031
70.05238608	53.08607614
70.02535497	53.06559183
70.04417433	53.07985324
70.08621506	53.11171193
70.08323321	53.10945227
70.04292146	53.0789038
70.045578	53.08091694
70.04907921	53.08357018
70.07440298	53.10276067
70.07342959	53.10202303
70.07421937	53.10262153
70.04045918	53.07703788
70.05895478	53.09105394
70.10105968	53.12296126
70.10304779	53.12446786
70.06672384	53.09694137
70.05295569	53.0865078
70.07392991	53.10240218
70.08816602	53.11319038
70.09685699	53.11977644
70.0734473	53.10203645
70.06155802	53.09302669
70.09545598	53.11871475
70.10699594	53.12745979
70.09840305	53.12094806
70.08993452	53.11453056
70.10092649	53.12286033
70.09172777	53.11588949
70.10699943	53.12746244
70.11040733	53.13004496
70.08509705	53.11086469
70.09949871	53.12177835
70.10616783	53.12683225
70.10040217	53.122463
70.10516958	53.12607576
70.1131095	53.13209268
70.09470003	53.11814188
70.10363366	53.12491184
70.11054818	53.1301517
70.10964686	53.12946867
70.1260435	53.14189413
70.10100995	53.12292358
70.10165997	53.12341617
70.11058965	53.13018312
70.11042025	53.13005475
70.12954393	53.14454678
70.12281811	53.13944992
70.11861256	53.13626293
70.12701653	53.14263151
70.10638166	53.12699428
70.13053674	53.14529914
70.14684769	53.15765966
70.1243641	53.14062148
70.11564903	53.13401715
70.14900754	53.15929641
70.14964175	53.15977701
70.1417183	53.15377258
70.12335173	53.13985429
70.117825	53.13566611
70.13523778	53.14886161
70.16128427	53.16859978
70.15702487	53.16537198
70.11862715	53.13627399
70.10712943	53.12756095
70.15364546	53.16281105
70.16378497	53.17049483
70.15367294	53.16283187
70.13850293	53.15133596
70.13587981	53.14934815
70.15166799	53.16131251
70.17318881	53.17762111
70.17593746	53.17970404
70.14467877	53.15601604
70.15378407	53.16291609
70.15611619	53.16468338
70.19453955	53.19380081
70.17613102	53.17985073
70.13930392	53.15194296
70.13630223	53.14966826
70.17064838	53.17569595
70.1818732	53.18420218
70.15508228	53.16389987
70.16727978	53.17314321
70.1542293	53.16325348
70.17722066	53.18067646
70.18811853	53.18893493
70.20931464	53.20499746
70.17350447	53.17786032
70.16039482	53.16792575
70.18833979	53.1891026
70.19066156	53.19086205
70.19764996	53.1961579
70.1761219	53.17984382
70.1570582	53.16539724
70.19198325	53.19186364
70.21948423	53.21270402
70.18364038	53.18554136
70.18396566	53.18578786
70.18811758	53.1889342
70.20104534	53.19873093
70.2225433	53.21502221
70.20523852	53.20190855
70.20809801	53.20407548
70.1906639	53.19086382
70.18299905	53.18505536
70.21195783	53.20700048
70.20036203	53.19821312
70.19684467	53.19554764
70.19342764	53.1929582
70.21814792	53.21169136
70.21413596	53.20865108
70.22504347	53.21691684
70.21134705	53.20653763
70.18660325	53.18778664
70.2236362	53.21585041
70.21619178	53.21020899
70.22898813	53.21990613
70.20473428	53.20152643
70.20014307	53.19804719
70.25804881	53.24192847
70.24984219	53.23570945
70.22997369	53.220653
70.22068262	53.21361217
70.23222566	53.22235955
70.22463361	53.21660625
70.24519254	53.23218592
70.23369029	53.22346946
70.23299957	53.22294602
70.24596146	53.23276861
70.24276098	53.23034327
70.26907253	53.25028231
70.25298913	53.23809422
70.22970108	53.22044641
70.24706158	53.23360229
70.26653833	53.24836188
70.2517306	53.2371405
70.24160694	53.22946873
70.23995055	53.22821351
70.26508626	53.24726149
70.26414744	53.24655005
70.2607575	53.24398113
70.25821694	53.24205588
70.2468123	53.23341339
70.26464259	53.24692527
70.29551914	53.27032369
70.24809861	53.23438815
70.2697115	53.25076652
70.26209591	53.24499538
70.27789201	53.25696575
70.29216241	53.26777994
70.2723564	53.25277084
70.25130957	53.23682144
70.27390668	53.25394565
70.30064647	53.27420921
70.290742	53.26670354
70.27885186	53.25769314
70.2810246	53.25933965
70.28652814	53.26351026
70.28649508	53.26348521
70.29108037	53.26695996
70.27129072	53.25196326
70.27368227	53.25377559
70.30249394	53.27560923
70.3028529	53.27588125
70.28470538	53.26212897
70.26184624	53.24480618
70.29863645	53.272686
70.30254688	53.27564935
70.30396544	53.27672434
70.30870748	53.28031788
70.29523549	53.27010874
70.29385011	53.26905889
70.32319605	53.2912974
70.30394932	53.27671212
70.30792224	53.27972283
70.29089326	53.26681817
70.29274656	53.26822261
70.30339546	53.27629241
70.32958075	53.29613576
70.30652721	53.27866566
70.29961341	53.27342635
70.33478177	53.30007713
70.31891251	53.28805131
70.3127394	53.28337329
70.31732892	53.28685126
70.30856707	53.28021148
70.33026646	53.2966554
70.33638742	53.30129389
70.33300777	53.29873278
70.29834909	53.27246824
70.31697873	53.28658589
70.33636523	53.30127708
70.32775306	53.29475073
70.32422507	53.2920772
70.32485667	53.29255583
70.3209679	53.2896089
70.34286424	53.30620207
70.354	53.3146408
70.32302948	53.29117117
70.33659412	53.30145053
70.33780287	53.30236652
70.36431617	53.32245845
70.35847349	53.31803084
70.3534387	53.31421544
70.3266728	53.2939321
70.33879462	53.30311808
70.35730591	53.31714604
70.366873	53.32439603
70.36596773	53.32371001
70.36070656	53.31972307
70.35442988	53.31496657
70.35889713	53.31835187
70.37330256	53.32926839
70.37903971	53.33361603
70.36645294	53.3240777
70.36151404	53.32033498
70.36247732	53.32106496
70.35629142	53.31637725
70.37762416	53.33254331
70.35766967	53.3174217
70.35106195	53.31241433
70.37050746	53.32715024
70.35763567	53.31739593
70.37303306	53.32906416
70.3893851	53.34145582
70.38082585	53.33496958
70.37818676	53.33296966
70.38998567	53.34191094
70.38799388	53.34040154
70.39569339	53.34623628
70.409358	53.35659139
70.3977177	53.34777031
70.35420201	53.31479388
70.43084512	53.37287445
70.39940978	53.34905258
70.42165906	53.3659132
70.39694559	53.3471852
70.37142751	53.32784746
70.37853845	53.33323617
70.39888172	53.34865241
70.41543547	53.36119693
70.42594008	53.36915738
70.38536735	53.33841115
70.37626875	53.33151618
70.39309262	53.3442654
70.40456932	53.3529625
70.43082469	53.37285897
70.41528136	53.36108014
70.3699007	53.32669044
70.40754849	53.35522014
70.4379095	53.37822788
70.40982859	53.356948
70.40235034	53.35128095
70.3939619	53.34492414
70.42200423	53.36617477
70.42769375	53.37048632
70.41957064	53.36433059
70.41546835	53.36122185
70.41070122	53.35760929
70.43385935	53.37515865
70.44867593	53.38638673
70.41927411	53.36410587
70.41323427	53.35952885
70.43797249	53.3782756
70.44422401	53.38301304
70.45844938	53.3937931
70.41255472	53.35901388
70.42578422	53.36903927
70.44799681	53.38587209
70.43032042	53.37247683
70.44180984	53.38118357
70.44422147	53.38301112
70.43566171	53.37652448
70.43830444	53.37852716
70.46321145	53.39740183
70.47795166	53.40857204
70.44655901	53.38478252
70.43182051	53.3736136
70.44506782	53.38365248
70.46940749	53.40209722
70.47580475	53.4069451
70.46433056	53.3982499
70.44477762	53.38343257
70.45900039	53.39421066
70.47013809	53.40265087
70.47111742	53.40339301
70.4476676	53.38562261
70.44358302	53.3825273
70.4790501	53.40940444
70.49720558	53.42316276
70.47173679	53.40386237
70.47162021	53.40377403
70.47472687	53.40612827
70.45759972	53.39314922
70.46575833	53.39933186
70.49079639	53.41830584
70.49585179	53.42213685
70.49104406	53.41849353
70.47880528	53.40921892
70.48744562	53.41576661
70.49087315	53.41836401
70.51279446	53.4349761
70.50680079	53.43043407
70.4593871	53.39450371
70.46987688	53.40245292
70.50514259	53.42917747
70.51113764	53.43372055
70.49599631	53.42224637
70.49319709	53.4201251
70.50424489	53.42849719
70.52081062	53.44105079
70.51034253	53.43311801
70.4821152	53.41172719
70.51239731	53.43467514
70.51570227	53.43717966
70.52713488	53.44584335
70.52150759	53.44157895
70.49601109	53.42225757
70.50448085	53.428676
70.51045881	53.43320613
70.53903335	53.45486007
70.54438061	53.45891226
70.51212491	53.43446871
70.51695512	53.43812907
70.51665199	53.43789936
70.53392424	53.45098836
70.51026782	53.4330614
70.54936066	53.46268616
70.52347313	53.44306845
70.51390035	53.43581415
70.55161684	53.46439591
70.54700484	53.46090091
70.53266707	53.45003567
70.54189948	53.45703204
70.54038345	53.45588319
70.53823319	53.45425371
70.54113951	53.45645613
70.54207816	53.45716744
70.51233184	53.43462552
70.52974509	53.44782138
70.54056098	53.45601772
70.54645184	53.46048184
70.54817388	53.46178682
70.53582322	53.45242742
70.54364483	53.45835467
70.57231867	53.48008387
70.56026542	53.47094985
70.56954483	53.47798184
70.5709595	53.47905388
70.57847541	53.48474948
70.55696641	53.46844984
70.53814018	53.45418322
70.58323265	53.48835454
70.56539456	53.47483674
70.53140833	53.44908179
70.56997062	53.4783045
70.5904802	53.49384677
70.57258094	53.48028261
70.57046448	53.47867875
70.57295953	53.48056952
70.57363576	53.48108197
70.5830305	53.48820135
70.60381436	53.50395147
70.59592706	53.49797443
70.55792733	53.46917803
70.57018505	53.478467
70.59514468	53.49738154
70.60469312	53.5046174
70.60156503	53.50224692
70.58261669	53.48788776
70.57984611	53.4857882
70.61233933	53.51041174
70.59981828	53.50092322
70.58376459	53.48875765
70.60839002	53.50741893
70.59578637	53.49786781
70.60608263	53.50567038
70.60505584	53.50489227
70.59737771	53.49907374
70.59394804	53.49647472
70.60575119	53.50541921
70.61959078	53.51590693
70.60370443	53.50386816
70.60485557	53.5047405
70.62031818	53.51645815
70.61449337	53.51204408
70.62163959	53.51745952
70.61399515	53.51166653
70.61778293	53.51453693
70.59713845	53.49889243
70.63026274	53.5239942
70.61115018	53.50951059
70.63221636	53.52547466
70.60743797	53.50669746
70.63530034	53.52781171
70.63376992	53.52665196
70.64188116	53.53279869
70.64082718	53.53199998
70.6334548	53.52641315
70.61700772	53.51394947
70.64678344	53.53651367
70.64619942	53.5360711
70.6368365	53.52897583
70.62731214	53.52175821
70.64882041	53.5380573
70.63818113	53.52999479
70.64413141	53.53450395
70.63903034	53.53063833
70.64291407	53.53358144
70.65627342	53.54370523
70.65583828	53.54337548
70.65087943	53.53961764
70.65376779	53.54180645
70.65614325	53.54360659
70.67994971	53.56164725
70.66630719	53.55130887
70.64630027	53.53614752
70.66973923	53.55390969
70.65297011	53.54120196
70.66601609	53.55108828
70.68719166	53.56713524
70.64873416	53.53799194
70.65101306	53.5397189
70.65313089	53.54132381
70.68576542	53.56605442
70.67567674	53.55840917
70.66210383	53.54812354
70.65247371	53.54082579
70.67688446	53.55932439
70.69284489	53.57141928
70.69567964	53.57356748
70.66342748	53.54912661
70.67564522	53.55838529
70.6794316	53.56125462
70.68676915	53.56681506
70.67585272	53.55854253
70.67370512	53.55691507
70.68360804	53.56441955
70.67526041	53.55809367
70.70733483	53.58239984
70.70005962	53.57688665
70.68600785	53.56623814
70.68213812	53.56330564
70.68841073	53.56805906
70.70411944	53.5799632
70.68211337	53.56328688
70.70593416	53.5813384
70.708267	53.58310624
70.69845487	53.57567056
70.69675779	53.5743845
70.72849986	53.59843881
70.71860781	53.59094256
70.71846156	53.59083174
70.7109462	53.58513655
70.71425396	53.5876432
70.70864994	53.58339644
70.72532073	53.59602966
70.73210821	53.60117324
70.72942747	53.59914176
70.71981508	53.59185744
70.71096139	53.58514807
70.74438683	53.61047805
70.75386937	53.61766397
70.72633492	53.59679821
70.72715157	53.59741707
70.73058624	53.60001988
70.75645433	53.61962286
70.74869216	53.61374065
70.73260003	53.60154595
70.7415613	53.60833685
70.75607638	53.61933645
70.74520409	53.61109737
70.7547559	53.61833579
70.75015882	53.61485209
70.74503474	53.61096904
70.75946513	53.62190446
70.74600269	53.61170255
70.75571339	53.61906138
70.75954557	53.62196542
70.73353455	53.60225413
70.7668729	53.62751811
70.78001846	53.63747989
70.76288881	53.62449895
70.74065485	53.60764993
70.76440703	53.62564946
70.78005399	53.63750681
70.77356806	53.63259174
70.77243862	53.63173584
70.72531835	53.59602785
70.77845907	53.63629817
70.78799376	53.64352361
70.77758214	53.63563363
70.77765791	53.63569105
70.77263567	53.63188517
70.7547719	53.61834791
70.79382475	53.64794237
70.78293423	53.63968948
70.79288699	53.64723173
70.76069767	53.62283849
70.77551108	53.63406417
70.78385155	53.64038462
70.80278408	53.6547318
70.77180791	53.63125789
70.76649091	53.62722864
70.78219392	53.63912846
70.81164389	53.66144581
70.80792286	53.65862599
70.802533	53.65454153
70.7682349	53.62855025
70.78757262	53.64320447
70.81655433	53.66516697
70.81848123	53.66662718
70.79654966	53.65000732
70.78985199	53.64493179
70.79567441	53.64934405
70.79653701	53.64999774
70.81562574	53.66446328
70.8329397	53.67758389
70.7949595	53.64880229
70.78440004	53.64080027
70.8281511	53.67395506
70.84204358	53.68448286
70.81951489	53.66741049
70.78293613	53.63969091
70.80469844	53.65618251
70.83426796	53.67859045
70.83502155	53.67916153
70.83510081	53.67922159
70.7922392	53.64674083
70.80609911	53.65724395
70.84472092	53.68651176
70.82897799	53.67458169
70.84548411	53.68709011
70.80837442	53.65896819
70.81642058	53.66506561
70.8593574	53.69760336
70.86908445	53.70497457
70.85852397	53.69697178
70.8410454	53.68372643
70.83283995	53.6775083
70.83635136	53.68016926
70.86288512	53.70027669
70.87359494	53.70839265
70.85013216	53.69061243
70.81400853	53.66323775
70.85157713	53.69170743
70.89121421	53.72174463
70.87564827	53.70994867
70.84603163	53.68750502
70.83716969	53.6807894
70.86229843	53.6998321
70.90044874	53.7287426
70.85540735	53.69460999
70.84408628	53.68603083
70.85529185	53.69452247
70.89228421	53.72255548
70.88782108	53.71917329
70.8751326	53.70955789
70.85249681	53.69240437
70.86626225	53.7028359
70.88389874	53.71620092
70.8949867	53.72460344
70.86699891	53.70339414
70.87946334	53.71283975
70.86717364	53.70352655
70.87631027	53.71045034
70.90355134	53.73109377
70.88616562	53.71791878
70.88777902	53.71914142
70.8742298	53.70887375
70.89715528	53.7262468
70.92433435	53.74684325
70.88888571	53.71998008
70.88463178	53.71675643
70.89538442	53.72490483
70.8966273	53.72584669
70.91022236	53.73614911
70.88401676	53.71629036
70.89128866	53.72180105
70.9076876	53.73422825
70.90941493	53.73553723
70.8968341	53.72600341
70.91430924	53.73924617
70.91215559	53.73761412
70.90631837	53.73319064
70.91257598	53.73793269
70.93725821	53.75663702
70.90844072	53.73479897
70.91167872	53.73725275
70.90085602	53.72905124
70.92481611	53.74720833
70.91869696	53.7425712
70.91209459	53.73756789
70.94992183	53.76623358
70.91654028	53.74093686
70.91582862	53.74039756
70.93747774	53.75680338
70.92080989	53.74417239
70.93209178	53.75272187
70.9314101	53.75220529
70.91346781	53.73860852
70.92220741	53.74523144
70.92484449	53.74722984
70.93069727	53.7516651
70.93725433	53.75663408
70.93001106	53.75114509
70.93979471	53.75855919
70.94931231	53.76577168
70.95074195	53.76685507
70.93996328	53.75868694
70.94517283	53.76263476
70.93946978	53.75831296
70.95274277	53.7683713
70.94258451	53.76067332
70.96189982	53.77531056
70.96178583	53.77522418
70.94692714	53.76396419
70.95434989	53.76958918
70.97065242	53.78194333
70.96323534	53.77632263
70.96221234	53.7755474
70.96814865	53.78004596
70.97643889	53.78632835
70.95144613	53.7673887
70.97134297	53.78246664
70.96249378	53.77576067
70.97965146	53.78876285
70.96527651	53.77786944
70.99033581	53.79685951
70.98618543	53.79371433
70.9959295	53.80109844
70.96974295	53.78125413
70.97646704	53.78634968
70.97249043	53.78333619
71.00609688	53.80880333
70.98110432	53.78986384
70.97709162	53.78682299
70.9976896	53.80243225
70.96822183	53.78010142
70.9911513	53.7974775
70.98861612	53.79555632
70.99380247	53.79948657
70.98150805	53.79016978
70.98917284	53.7959782
70.98584407	53.79345564
71.00498343	53.80795956
71.00599051	53.80872273
71.00444703	53.80755307
71.01168031	53.81303448
70.99948669	53.8037941
71.00856635	53.81067471
71.01392586	53.81473618
71.01911323	53.8186672
71.00995947	53.81173043
71.00539658	53.80827264
71.02514872	53.82324092
71.00683917	53.80936585
71.00630001	53.80895727
71.02934274	53.82641917
71.0338385	53.82982608
71.02043888	53.81967178
71.01877705	53.81841244
71.02899136	53.82615289
71.01046234	53.8121115
71.02162737	53.82057242
71.05492739	53.84580736
71.02523956	53.82330976
71.033484	53.82955744
71.03353881	53.82959897
71.00816282	53.81036892
71.04117911	53.83538884
71.05919114	53.84903845
71.03526159	53.83090451
71.00821172	53.81040597
71.02975313	53.82673017
71.06314272	53.85203298
71.06573049	53.853994
71.05651661	53.84701168
71.01947391	53.81894052
71.05358724	53.84479178
71.047144	53.83990906
71.0715146	53.85837724
71.04969628	53.84184319
71.03670197	53.83199603
71.04954968	53.8417321
71.05863237	53.84861501
71.06183882	53.85104488
71.08196528	53.86629681
71.06541929	53.85375818
71.05819397	53.84828279
71.05720824	53.8475358
71.04947122	53.84167264
71.07905261	53.86408958
71.09069272	53.87291052
71.04694187	53.83975589
71.06482357	53.85330674
71.06500568	53.85344474
71.07015996	53.85735068
71.07839249	53.86358934
71.08372735	53.86763213
71.07330057	53.85973066
71.06470721	53.85321856
71.08816384	53.87099412
71.09361216	53.87512289
71.09612331	53.87702585
71.08054423	53.86521994
71.08083817	53.86544268
71.07744097	53.86286827
71.09746816	53.87804498
71.10854116	53.88643617
71.07189853	53.85866818
71.09436334	53.87569213
71.10601394	53.88452102
71.09214023	53.87400745
71.10064977	53.88045602
71.11850981	53.89399046
71.1003763	53.88024878
71.10412631	53.88309057
71.10708578	53.88533327
71.10984878	53.88742709
71.11515574	53.89144873
71.0983734	53.87873098
71.11503704	53.89135878
71.11496717	53.89130583
71.14353594	53.9129554
71.11861314	53.89406877
71.08878254	53.87146298
71.11210899	53.88913988
71.13262053	53.90468364
71.1529078	53.92005745
71.11668384	53.89260673
71.12718921	53.90056776
71.11584746	53.89197291
71.13140877	53.90376536
71.15114392	53.91872076
71.13215706	53.90433242
71.09656372	53.8773596
71.12556447	53.89933652
71.13765153	53.90849616
71.12961611	53.90240687
71.14868406	53.91685667
71.11260142	53.88951305
71.12205015	53.89667335
71.14902463	53.91711475
71.16041904	53.9257495
71.12699108	53.90041761
71.13589857	53.90716775
71.15740853	53.92346812
71.14996399	53.91782661
71.14661408	53.91528803
71.14044597	53.9106138
71.14509678	53.91413821
71.13909911	53.90959314
71.15158777	53.91905711
71.16863897	53.93197861
71.16485413	53.92911043
71.16246316	53.92729855
71.13179659	53.90405926
71.16968357	53.93277021
71.18764093	53.9463784
71.15059693	53.91830625
71.13595061	53.90720719
71.17700194	53.93831611
71.16554126	53.92963115
71.17831218	53.93930902
71.18108358	53.9414092
71.15913558	53.92477689
71.18296025	53.94283135
71.1859924	53.94512913
71.17286077	53.93517791
71.1855202	53.94477129
71.17609292	53.93762725
71.1835581	53.94328441
71.16794927	53.93145595
71.19564999	53.9524477
71.17543249	53.93712678
71.19328062	53.95065218
71.19382666	53.95106597
71.19068949	53.94868861
71.1669127	53.93067043
71.18548814	53.944747
71.21087776	53.96398739
71.220292	53.97112155
71.19420871	53.95135549
71.19441184	53.95150942
71.18006127	53.94063449
71.19228603	53.94989847
71.24230979	53.98780675
71.20350574	53.95840083
71.17857795	53.93951042
71.18017748	53.94072255
71.19593797	53.95266593
71.23500432	53.98227063
71.2462339	53.99078046
71.19618641	53.9528542
71.18982326	53.94803218
71.21458463	53.96679648
71.24962037	53.99334675
71.2257249	53.97523863
71.22005622	53.97094288
71.21493534	53.96706225
71.20153031	53.95690384
71.25593405	53.99813129
71.24734225	53.99162038
71.21620851	53.96802706
71.20610547	53.96037092
71.24622848	53.99077636
71.2550389	53.99745294
71.24732204	53.99160506
71.22988674	53.97839249
71.19991995	53.9556835
71.24077163	53.98664113
71.27896514	54.01558438
71.25469678	53.99719368
71.21028433	53.96353768
71.24578603	53.99044106
71.23780848	53.98439563
71.25638412	53.99847235
71.27864091	54.01533867
71.23200066	53.97999444
71.22980995	53.97833431
71.24340945	53.98864008
71.27769883	54.01462476
71.2667449	54.00632381
71.26254854	54.00314379
71.23421354	53.98167137
71.24202563	53.98759142
71.27261525	54.01077239
71.28698673	54.02166318
71.26894269	54.0079893
71.23891719	53.98523582
71.25019266	53.99378043
71.25249284	53.99552352
71.29383069	54.02684957
71.28942329	54.02350962
71.24386208	53.98898309
71.25327246	53.99611432
71.26654151	54.00616968
71.29239679	54.02576295
71.2962294	54.02866732
71.25316551	53.99603327
71.24732479	53.99160715
71.2639745	54.00422438
71.28293494	54.01859271
71.28400378	54.01940269
71.29687521	54.02915673
71.2525485	53.99556571
71.29541839	54.02805274
71.2751141	54.01266603
71.30997048	54.03908039
71.30077804	54.0321143
71.27879283	54.0154538
71.27533881	54.01283632
71.30160443	54.03274055
71.31767415	54.04491827
71.31851863	54.04555823
71.27719626	54.01424391
71.29867339	54.03051939
71.31499224	54.04288591
71.32237124	54.04847775
71.28179845	54.01773147
71.31388573	54.04204738
71.29968033	54.03128246
71.33474423	54.05785407
71.32012194	54.04677322
71.3027587	54.03361527
71.30764518	54.03731826
71.30062333	54.03199707
71.34604094	54.06641478
71.33480202	54.05789786
71.30548888	54.03568421
71.31066881	54.03960959
71.3295118	54.0538889
71.34358534	54.06455391
71.33458394	54.0577326
71.31606014	54.04369517
71.3100442	54.03913625
71.35412755	54.07254286
71.35673091	54.0745157
71.3349729	54.05802735
71.31826058	54.04536267
71.33907576	54.06113653
71.34250401	54.06373448
71.35559147	54.07365222
71.34966759	54.06916307
71.32196423	54.04816931
71.33365184	54.05702625
71.33692742	54.0595085
71.35067085	54.06992335
71.34864551	54.06838854
71.34147824	54.06295713
71.35310544	54.07176829
71.35565501	54.07370037
71.36293566	54.07921769
71.36268633	54.07902874
71.33690962	54.05949502
71.35391137	54.07237903
71.34476925	54.06545108
71.35650256	54.07434265
71.38277659	54.09425325
71.38271437	54.0942061
71.3427043	54.06388626
71.35482925	54.07307461
71.38062592	54.09262346
71.37769671	54.09040369
71.36076297	54.07757121
71.37379492	54.0874469
71.37233129	54.08633775
71.36666992	54.08204753
71.38310048	54.0944987
71.37718725	54.09001762
71.38404123	54.0952116
71.3948892	54.10343225
71.37338086	54.08713312
71.35864841	54.07596879
71.36268615	54.07902861
71.39670292	54.1048067
71.40019016	54.10744935
71.36168668	54.0782712
71.3820045	54.09366816
71.41843515	54.1212755
71.40611721	54.1119409
71.39152931	54.10088611
71.37852162	54.09102881
71.3890251	54.09898841
71.41303046	54.1171798
71.41881119	54.12156047
71.4195246	54.12210109
71.39165823	54.10098381
71.4017791	54.10865346
71.39368683	54.10252109
71.41237499	54.11668308
71.41326002	54.11735376
71.40392117	54.11027672
71.38750628	54.09783744
71.41703707	54.12021603
71.41280974	54.11701254
71.41963493	54.1221847
71.42079435	54.12306331
71.42027794	54.12267197
71.42137556	54.12350376
71.41685892	54.12008103
71.42595121	54.12697121
71.4247407	54.12605388
71.4193348	54.12195726
71.42546168	54.12660024
71.42695703	54.12773343
71.4336904	54.13283601
71.44916307	54.14456129
71.43349566	54.13268844
71.42932681	54.12952926
71.41959219	54.12215231
71.44781151	54.14353707
71.45022889	54.14536897
71.42576895	54.1268331
71.40966341	54.11462823
71.44332329	54.14013587
71.45300551	54.14747311
71.463115	54.15513413
71.42593139	54.12695619
71.44169339	54.13890072
71.42637164	54.12728981
71.45847477	54.15161774
71.47583875	54.16477626
71.45711632	54.1505883
71.44331566	54.14013009
71.44101915	54.13838978
71.48009974	54.16800526
71.45381619	54.14808744
71.45042511	54.14551767
71.45830395	54.15148829
71.44667604	54.1426766
71.45930004	54.15224313
71.4966512	54.18054804
71.47085805	54.16100186
71.45344461	54.14780586
71.44062142	54.13808837
71.4741552	54.16350045
71.49744895	54.18115259
71.47665182	54.16539241
71.46207761	54.15434799
71.4768397	54.16553478
71.46973288	54.1601492
71.48853321	54.17439619
71.48743621	54.17356487
71.47788599	54.16632767
71.47548839	54.16451075
71.4903594	54.17578008
71.51230874	54.19241341
71.48963719	54.17523279
71.47742202	54.16597606
71.4974668	54.18116611
71.49510024	54.17937272
71.485321	54.17196196
71.50586688	54.18753173
71.51473111	54.1942491
71.48013318	54.1680306
71.48738165	54.17352353
71.49160133	54.17672123
71.51621787	54.19537577
71.51995784	54.19820994
71.49647597	54.18041525
71.47742598	54.16597907
71.52915145	54.20517691
71.53878268	54.21247551
71.51864524	54.19721524
71.5087245	54.18969725
71.49931865	54.18256945
71.5068975	54.18831275
71.52549765	54.20240804
71.5470279	54.21872378
71.53124036	54.2067599
71.49520753	54.17945402
71.52392526	54.20121648
71.52140074	54.19930338
71.53009758	54.2058939
71.51857541	54.19716233
71.515085	54.19451728
71.53722649	54.21129622
71.53109781	54.20665187
71.52962313	54.20553435
71.51638699	54.19550393
71.52621769	54.20295369
71.53065314	54.20631489
71.54528269	54.21740125
71.55433092	54.22425804
71.49832539	54.18181676
71.52738701	54.2038398
71.54355498	54.21609199
71.57591767	54.2406166
71.54736157	54.21897664
71.51414098	54.19380189
71.52457457	54.20170852
71.55405098	54.22404591
71.5745832	54.23960533
71.55190209	54.22241747
71.51657325	54.19564508
71.55163414	54.22221441
71.56498022	54.23232814
71.59142527	54.25236835
71.56728135	54.23407196
71.53978809	54.21323742
71.5394214	54.21295953
71.58043733	54.24404163
71.60439818	54.26219929
71.58738247	54.24930469
71.5526267	54.22296658
71.53622709	54.21053887
71.57694754	54.24139705
71.57615541	54.24079676
71.58080681	54.24432162
71.58041611	54.24402555
71.55961641	54.22826342
71.56726178	54.23405713
71.58635353	54.24852496
71.60792804	54.26487423
71.58501417	54.24750998
71.5941814	54.25445696
71.58533307	54.24775164
71.57568403	54.24043955
71.60261731	54.26084973
71.60190979	54.26031357
71.61747204	54.27210673
71.56839643	54.23491697
71.57598968	54.24067117
71.60656708	54.26384289
71.62058534	54.274466
71.59026613	54.25148994
71.59698418	54.25658092
71.5887618	54.25034995
71.60106421	54.25967279
71.61662934	54.27146812
71.62161571	54.27524682
71.59445913	54.25466742
71.61371018	54.26925597
71.61653461	54.27139634
71.64091204	54.28986969
71.63576483	54.28596911
71.6020881	54.2604487
71.61197143	54.26793834
71.61374181	54.26927994
71.61729474	54.27197237
71.61796483	54.27248017
71.61311538	54.26880523
71.62388035	54.27696298
71.62853658	54.2804915
71.64658519	54.29416883
71.61320268	54.26887138
71.61156226	54.26762827
71.64062271	54.28965043
71.62985752	54.28149251
71.64970502	54.29653305
71.64687153	54.29438582
71.65265761	54.29877055
71.65029333	54.29697888
71.6525035	54.29865376
71.64412191	54.29230215
71.62666659	54.27907441
71.64562943	54.29344455
71.64780815	54.2950956
71.66765881	54.31013854
71.63658525	54.28659082
71.6272283	54.27950008
71.64057762	54.28961627
71.64280127	54.29130136
71.65300664	54.29903504
71.63352524	54.28427193
71.65244904	54.29861249
71.65875568	54.30339169
71.65969426	54.30410296
71.67069285	54.31243774
71.64959734	54.29645145
71.6677303	54.31019271
71.6621386	54.30595529
71.66972413	54.31170365
71.68241363	54.32131982
71.6860864	54.32410306
71.65567396	54.30105635
71.66649601	54.30925736
71.67604444	54.31649321
71.68262019	54.32147635
71.70095908	54.33537366
71.67616858	54.31658728
71.66280938	54.30646361
71.68523767	54.32345989
71.69035659	54.32733903
71.70497284	54.33841531
71.68321817	54.3219295
71.66957156	54.31158803
71.67515172	54.31581671
71.70754304	54.34036302
71.69961083	54.33435195
71.69368481	54.32986118
71.68622756	54.32421004
71.70056136	54.33507226
71.69942721	54.3342128
71.71406934	54.34530869
71.70324872	54.33710876
71.7134189	54.34481577
71.70070736	54.33518291
71.7137769	54.34508707
71.71432638	54.34550347
71.70711125	54.3400358
71.68423257	54.32269822
71.71855717	54.34870958
71.7099656	54.34219884
71.71759407	54.34797974
71.72985764	54.35727314
71.70207884	54.33622222
71.70348471	54.33728759
71.73994751	54.3649193
71.71786667	54.34818632
71.74752623	54.3706625
71.72552032	54.3539863
71.71904169	54.34907676
71.7208381	54.35043809
71.73371944	54.36019964
71.74220007	54.3666263
71.75329999	54.37503788
71.71533491	54.34626774
71.74123273	54.36589325
71.74463255	54.36846965
71.77802666	54.39377588
71.74764528	54.37075271
71.74877951	54.37161224
71.73494613	54.36112923
71.72649653	54.35472608
71.75980278	54.37996574
71.77277977	54.38979977
71.75743934	54.37817471
71.73725173	54.36287642
71.75612442	54.37717825
71.7676441	54.38590792
71.75864605	54.37908916
71.79198092	54.4043505
71.75480304	54.3761769
71.75680625	54.37769495
71.76168059	54.38138875
71.76637126	54.38494336
71.7607675	54.3806968
71.77576246	54.39206006
71.76260712	54.38209088
71.75822639	54.37877114
71.77149451	54.38882579
71.79017148	54.4029793
71.760301	54.38034329
71.75643609	54.37741444
71.77562504	54.39195592
71.78095933	54.39599828
71.78382503	54.39816992
71.78827975	54.40154573
71.76985	54.38757957
71.7667015	54.38519362
71.78745266	54.40091896
71.80085814	54.4110777
71.77931961	54.39475569
71.7803351	54.39552523
71.7880477	54.40136989
71.79407918	54.40594057
71.8392701	54.44018649
71.80772845	54.41628407
71.7819939	54.39678228
71.77914285	54.39462174
71.80601849	54.41498824
71.83079034	54.43376049
71.81530427	54.42202506
71.78374207	54.39810706
71.79287184	54.40502564
71.81411096	54.42112077
71.80696378	54.41570459
71.83390357	54.43611971
71.80158204	54.41162628
71.79481769	54.40650022
71.79064325	54.40333681
71.82642112	54.43044947
71.82291929	54.42779576
71.83420418	54.43634752
71.78044857	54.39561123
71.80540672	54.41452465
71.81404952	54.42107421
71.8170802	54.42337087
71.81616167	54.4226748
71.81071999	54.41855107
71.82548237	54.42973808
71.82221574	54.42726261
71.81389127	54.42095428
71.81603483	54.42257869
71.81382874	54.4209069
71.8235765	54.4282938
71.85337399	54.4508745
71.83860463	54.4396822
71.82960327	54.43286092
71.82260129	54.42755478
71.82628066	54.43034303
71.8655929	54.46013406
71.84470174	54.44430263
71.80382143	54.4133233
71.81047159	54.41836283
71.83674848	54.4382756
71.8369221	54.43840717
71.84967789	54.44807358
71.80854239	54.41690087
71.82667078	54.43063866
71.84477283	54.44435649
71.85611889	54.4529546
71.8559664	54.45283904
71.83441145	54.43650459
71.82858768	54.4320913
71.87143712	54.46456284
71.85396047	54.45131893
71.85994247	54.45585213
71.84767128	54.44655296
71.84383064	54.4436425
71.8519355	54.44978441
71.87014242	54.46358171
71.87546536	54.46761546
71.88789274	54.477033
71.83051434	54.43355133
71.87025102	54.463664
71.87660418	54.46847846
71.86292822	54.45811475
71.86758494	54.46164364
71.87007923	54.46353382
71.87269717	54.46551771
71.86179905	54.45725906
71.86025877	54.45609182
71.88514122	54.47494788
71.87473942	54.46706534
71.86966642	54.46322099
71.89188231	54.48005631
71.88895029	54.47783441
71.87913696	54.47039782
71.85855924	54.45480391
71.89318258	54.48104166
71.8900138	54.47864035
71.89598518	54.48316549
71.89931977	54.48569246
71.8985208	54.485087
71.88411368	54.4741692
71.88665162	54.47609247
71.90002469	54.48622665
71.91735962	54.49936316
71.89394037	54.48161592
71.90036747	54.48648641
71.89038488	54.47892155
71.90832053	54.49251329
71.94060622	54.51697956
71.9093669	54.49330623
71.9122392	54.49548287
71.89493294	54.4823681
71.8903369	54.47888519
71.93043807	54.50927407
71.93730607	54.51447868
71.9090347	54.49305448
71.91591523	54.49826859
71.92287998	54.50354651
71.92211368	54.50296581
71.92945871	54.50853191
71.9381359	54.51510753
71.92700854	54.50667516
71.94261479	54.51850166
71.92836641	54.50770416
71.95796397	54.53013335
71.94136129	54.51755175
71.94720014	54.52197646
71.92426065	54.5045928
71.95877855	54.53075064
71.93691458	54.51418201
71.94564715	54.5207996
71.96212121	54.53328373
71.93124119	54.50988269
71.9163178	54.49857366
71.9604064	54.53198423
71.95621427	54.52880742
71.97686499	54.54445665
71.92434161	54.50465414
71.94197395	54.51801602
71.95483335	54.52776095
71.95770016	54.52993344
71.94497403	54.52028951
71.95775182	54.52997258
71.9477422	54.52238724
71.95103684	54.52488394
71.97185466	54.54065979
71.97743929	54.54489185
71.96281558	54.53380993
71.95298438	54.52635979
71.96370012	54.53448024
71.98718144	54.55227451
71.96846348	54.53808994
71.94573985	54.52086984
71.95987943	54.5315849
71.97602069	54.54381683
71.95622688	54.52881697
71.96061541	54.53214263
71.97344455	54.54186462
71.98840618	54.55320262
71.99870987	54.56101081
71.99304214	54.55671578
71.96223028	54.53336638
71.98753697	54.55254393
72.00033871	54.56224516
72.00116412	54.56287066
72.00086605	54.56264478
71.96751169	54.53736866
71.97786031	54.54521091
72.01590685	54.57404278
72.01349346	54.5722139
71.98848235	54.55326034
71.98008077	54.54689358
71.97641327	54.54411433
72.02290309	54.57934456
72.00944115	54.56914304
72.01607797	54.57417246
72.00638322	54.56682572
71.98654659	54.55179341
72.01479015	54.57319654
72.01639314	54.57441129
72.01435988	54.57287048
72.01555321	54.57377479
72.01108315	54.57038735
72.0042396	54.56520128
72.03072902	54.5852751
72.02133386	54.5781554
72.02468432	54.58069439
71.99256595	54.55635492
71.9957766	54.55878796
72.02302964	54.57944047
72.04918156	54.59925853
72.02011373	54.57723078
72.01639665	54.57441395
72.02207247	54.57871512
72.01729409	54.57509403
72.05363722	54.60263506
72.05901024	54.60670676
72.01486003	54.57324949
72.03692416	54.58996981
72.02900998	54.5839724
72.01804941	54.57566642
72.04268319	54.59433403
72.03756124	54.59045259
72.04903967	54.59915101
72.03925655	54.59173731
72.04176254	54.59363636
72.04767459	54.59811654
72.01717432	54.57500327
72.05673478	54.60498241
72.04713299	54.59770611
72.05191528	54.60133016
72.04385732	54.5952238
72.07722937	54.62051332
72.04756555	54.59803391
72.03912355	54.59163652
72.06880862	54.61413202
72.09670121	54.63526918
72.07240292	54.6168558
72.06391386	54.61042275
72.06026151	54.60765498
72.0566979	54.60495446
72.07430825	54.61829968
72.07668567	54.6201013
72.05899872	54.60669803
72.04388297	54.59524323
72.07878258	54.62169035
72.10217691	54.63941869
72.10021012	54.63792825
72.06680339	54.61261245
72.06336044	54.61000337
72.07196388	54.6165231
72.09336078	54.63273778
72.1052214	54.64172583
72.09029867	54.6304173
72.07105994	54.61583809
72.07645425	54.61992592
72.09057878	54.63062957
72.11783046	54.65128104
72.0937814	54.63305653
72.09032977	54.63044087
72.09047686	54.63055234
72.10827128	54.64403704
72.12686576	54.65812804
72.09164241	54.6314356
72.10869061	54.64435481
72.09637359	54.63502091
72.10231692	54.6395248
72.10004064	54.63779981
72.11218397	54.6470021
72.13002268	54.66052037
72.11600591	54.64989839
72.09651585	54.63512871
72.10986224	54.64524268
72.13351839	54.66316943
72.11041341	54.64566036
72.10990659	54.64527629
72.12016772	54.65305222
72.12734064	54.6584879
72.12407345	54.65601201
72.13111543	54.66134846
72.13912649	54.66741929
72.13407621	54.66359215
72.12015988	54.65304628
72.12240885	54.65475057
72.14349271	54.67072803
72.16087406	54.68389971
72.12049907	54.65330333
72.10611022	54.64239938
72.14217838	54.66973202
72.14825538	54.67433721
72.1260039	54.65747492
72.11817622	54.65154306
72.11920265	54.65232089
72.15206336	54.67722292
72.16305425	54.68555187
72.15662522	54.68067992
72.12069192	54.65344947
72.12724606	54.65841623
72.17330054	54.69331656
72.17576936	54.69518745
72.16218263	54.68489135
72.14181975	54.66946025
72.14498479	54.67185874
72.17811152	54.69696235
72.18565425	54.70267827
72.17219021	54.69247515
72.1671814	54.68867945
72.13780577	54.66641844
72.15744773	54.68130322
72.17290897	54.69301983
72.17042952	54.69114089
72.16787137	54.68920231
72.14274685	54.67016281
72.13054965	54.66091971
72.19838055	54.71232233
72.18455904	54.70184832
72.17372345	54.69363705
72.14862123	54.67461445
72.1579738	54.68170188
72.19476874	54.70958529
72.21216761	54.72277024
72.19557077	54.71019307
72.15948374	54.68284612
72.15832965	54.68197154
72.17940788	54.69794474
72.2240208	54.73175265
72.21135878	54.72215731
72.18943462	54.70554306
72.16255821	54.68517597
72.17995109	54.69835639
72.1986447	54.71252251
72.21362615	54.72387553
72.19284193	54.70812514
72.18539968	54.70248536
72.17625939	54.6955588
72.19615273	54.71063408
72.23581276	54.74068866
72.21208494	54.72270759
72.19186408	54.70738411
72.19848845	54.7124041
72.20326496	54.71602377
72.23889998	54.74302818
72.2165816	54.72611519
72.19832297	54.7122787
72.20301541	54.71583465
72.21793772	54.72714286
72.21628897	54.72589343
72.22477161	54.73232162
72.20179173	54.71490735
72.2071658	54.71897984
72.22334846	54.73124315
72.22234884	54.73048563
72.21846423	54.72754186
72.21999931	54.72870514
72.23486807	54.73997278
72.22241805	54.73053808
72.22684598	54.73389359
72.2279759	54.73474985
72.21358428	54.7238438
72.24329012	54.74635504
72.25353705	54.75412023
72.2431676	54.7462622
72.22092472	54.72940643
72.22947838	54.73588844
72.22648497	54.73362002
72.24862002	54.75039408
72.26252849	54.76093399
72.2338294	54.73918567
72.20494347	54.71729575
72.24715078	54.74928067
72.25705121	54.75678327
72.25055219	54.75185828
72.25825913	54.75769864
72.24173621	54.74517748
72.2376934	54.74211382
72.23589897	54.74075399
72.25161199	54.7526614
72.2595835	54.75870226
72.25901424	54.75827087
72.26229647	54.76075816
72.24273386	54.74593351
72.24737728	54.74945232
72.27993326	54.77412342
72.26166505	54.76027967
72.24925114	54.75087234
72.24365277	54.74662986
72.26122829	54.75994869
72.2747023	54.77015936
72.2686019	54.76553645
72.2701449	54.76670575
72.25510007	54.75530469
72.26510004	54.76288273
72.28130131	54.77516014
72.29309112	54.78409451
72.28803435	54.78026247
72.29057162	54.78218522
72.26654673	54.76397903
72.27910751	54.77349766
72.29867304	54.78832452
72.29391904	54.78472192
72.28502684	54.77798336
72.30366334	54.7921062
72.26638617	54.76385736
72.28521308	54.77812449
72.29642756	54.78662289
72.32546581	54.80862823
72.2928247	54.78389262
72.29524525	54.78572692
72.29413695	54.78488705
72.27862223	54.77312991
72.32124841	54.80543226
72.33737591	54.81765377
72.28584999	54.77860715
72.27317618	54.76900286
72.32006342	54.80453427
72.32223626	54.80618086
72.31947691	54.8040898
72.32894178	54.81126234
72.31401925	54.79995397
72.29870056	54.78834538
72.31903708	54.8037565
72.337517	54.81776069
72.34156855	54.82083097
72.32188771	54.80591672
72.33345071	54.81467923
72.33021553	54.81222759
72.33298241	54.81432435
72.34549368	54.82380546
72.34038474	54.81993387
72.32290707	54.8066892
72.34925226	54.82665373
72.33321303	54.81449911
72.33747611	54.8177297
72.36690799	54.84003334
72.34095456	54.82036568
72.34749128	54.82531924
72.34424735	54.82286098
72.34784248	54.82558539
72.34733132	54.82519803
72.35428157	54.83046497
72.3471394	54.82505259
72.36109205	54.83562599
72.35177282	54.82856382
72.34545285	54.82377452
72.3494832	54.82682874
72.35424711	54.83043886
72.34454179	54.82308411
72.33668424	54.81712962
72.34645138	54.82453121
72.39271387	54.85958917
72.37260727	54.84435228
72.3448382	54.82330873
72.34920015	54.82661424
72.36224539	54.83649999
72.36851492	54.84125107
72.39709715	54.86291084
72.36349417	54.83744633
72.34666354	54.82469198
72.36387061	54.83773159
72.379704	54.84973022
72.37201447	54.84390305
72.40399011	54.86813436
72.35761797	54.83299331
72.35153331	54.82838232
72.39971795	54.8648969
72.40409711	54.86821545
72.38690861	54.85518992
72.37397099	54.84538571
72.38521411	54.85390581
72.37864718	54.84892935
72.39475869	54.86113875
72.38757529	54.85569513
72.37751178	54.84806895
72.38907598	54.85683236
72.42443007	54.88362388
72.3791475	54.8493085
72.42416074	54.88341978
72.40485193	54.86878746
72.39324764	54.85999366
72.37321545	54.84481316
72.42193008	54.88172937
72.41618418	54.8773751
72.39287649	54.85971241
72.40822268	54.87134183
72.40737513	54.87069955
72.39173811	54.85884973
72.4085982	54.8716264
72.41220558	54.8743601
72.41942413	54.87983035
72.41112678	54.87354258
72.40729987	54.87064252
72.39809027	54.86366344
72.41753094	54.87839568
72.41372975	54.87551512
72.39783428	54.86346944
72.41033506	54.8729426
72.40079247	54.86571118
72.41078134	54.8732808
72.42372898	54.88309259
72.43799216	54.8939013
72.41950003	54.87988787
72.41757546	54.87842942
72.42856887	54.88676028
72.42781297	54.88618746
72.43294712	54.89007815
72.42659839	54.88526705
72.4315538	54.88902228
72.42535211	54.8843226
72.45791891	54.9090019
72.44195566	54.89690487
72.43170535	54.88913713
72.43342907	54.89044337
72.44677835	54.90055952
72.43965579	54.89516201
72.45442819	54.90635662
72.46264972	54.91258693
72.44445763	54.89880087
72.43026564	54.8880461
72.41831767	54.87899187
72.46571146	54.91490714
72.46708201	54.91594575
72.46992043	54.91809672
72.463099	54.9129274
72.42879291	54.88693006
72.45222174	54.90468456
72.47425938	54.9213848
72.46205206	54.91213403
72.48216082	54.92737255
72.44653971	54.90037868
72.43107322	54.88865809
72.4766134	54.92316869
72.48394597	54.92872535
72.49355405	54.93600641
72.46078831	54.91117635
72.45402149	54.90604842
72.47325112	54.92062073
72.46181077	54.91195117
72.50006024	54.94093683
72.48435685	54.92903671
72.48408277	54.92882902
72.4863217	54.93052569
72.46579135	54.91496768
72.50341869	54.94348188
72.48888889	54.93247112
72.47186159	54.91956774
72.49313856	54.93569154
72.47702799	54.92348287
72.49269103	54.9353524
72.49499267	54.93709659
72.50229239	54.94262837
72.5048109	54.9445369
72.46168601	54.91185663
72.49411192	54.93642916
72.49226505	54.93502959
72.5017746	54.94223598
72.49963191	54.94061224
72.52023393	54.95622456
72.47127036	54.9191197
72.50652341	54.94583465
72.5119659	54.949959
72.51114613	54.94933778
72.51649545	54.95339152
72.48760323	54.93149684
72.50378359	54.9437584
72.52265122	54.9580564
72.52891936	54.96280643
72.51101715	54.94924003
72.5041886	54.94406532
72.51103377	54.94925263
72.51656519	54.95344437
72.53405822	54.96670068
72.53770465	54.96946397
72.52094563	54.95676389
72.52076817	54.95662941
72.5054446	54.94501713
72.53970687	54.97098126
72.50617157	54.94556803
72.52556227	54.96026241
72.53281486	54.96575846
72.53177445	54.96497003
72.54525361	54.97518461
72.52883256	54.96274065
72.55637568	54.98361298
72.53343753	54.96623032
72.54012762	54.97130011
72.54078513	54.97179837
72.52362622	54.95879525
72.56401622	54.98940301
72.55809052	54.98491249
72.53830432	54.9699184
72.54046119	54.97155288
72.53731639	54.96916974
72.55178859	54.98013685
72.5543152	54.98205153
72.55496773	54.98254602
72.5287742	54.96269642
72.5516897	54.98006192
72.56535143	54.99041485
72.570853	54.99458396
72.55426741	54.98201532
72.57869924	55.00052989
72.5526698	54.98080464
72.53273178	54.9656955
72.55866112	54.98534489
72.56084756	54.98700179
72.55408965	54.98188061
72.59241929	55.01092701
72.56626251	54.99110526
72.54504147	54.97502385
72.56688616	54.99157787
72.59458443	55.01256777
72.57146956	54.99505119
72.59774613	55.01496373
72.57825724	55.00019494
72.57879983	55.00060612
72.5740869	54.99703463
72.59504408	55.01291609
72.58256887	55.00346232
72.57542261	54.99804684
72.57955806	55.00118071
72.5719204	54.99539285
72.59699458	55.01439419
72.61175284	55.02557809
72.61168472	55.02552646
72.58750464	55.00720267
72.60088923	55.01734558
72.57971893	55.00130261
72.59795185	55.01511962
72.62133155	55.03283688
72.59590669	55.01356979
72.58778044	55.00741167
72.59348195	55.01173231
72.61956041	55.03149471
72.61078443	55.02484421
72.64968688	55.0543247
72.59811708	55.01524484
72.57741519	54.99955682
72.58770841	55.00735709
72.64282783	55.04912688
72.61796814	55.03028807
72.61402669	55.02730122
72.63278057	55.04151301
72.60685082	55.0218633
72.62171211	55.03312528
72.65324109	55.05701811
72.64017186	55.04711417
72.60746084	55.02232558
72.63014458	55.03951545
72.62715939	55.03725325
72.63467887	55.04295156
72.63129226	55.04038516
72.63053274	55.03980959
72.61840797	55.03062138
72.6263413	55.0366333
72.63997955	55.04696844
72.66190069	55.0635804
72.64645503	55.05187559
72.60931426	55.02373012
72.65326489	55.05703614
72.64302592	55.049277
72.64822658	55.05321808
72.65897896	55.06136629
72.63130092	55.04039173
72.6369411	55.04466588
72.62280806	55.03395579
72.63690705	55.04464008
72.69144222	55.08596713
72.63816	55.04558957
72.65711323	55.05995243
72.66101594	55.06290993
72.65511161	55.05843559
72.6556353	55.05883245
72.68798055	55.08334385
72.64800581	55.05305078
72.65205645	55.05612038
72.66118516	55.06303816
72.67338468	55.07228303
72.69350236	55.08752831
72.65193075	55.05602512
72.66990036	55.06964259
72.67503249	55.07353174
72.67829262	55.07600229
72.66005204	55.06217948
72.65505036	55.05838918
72.66137792	55.06318424
72.68077535	55.07788371
72.67836614	55.076058
72.67794122	55.07573599
72.69671973	55.08996645
72.6686157	55.06866907
72.68418541	55.08046788
72.70153447	55.09361509
72.69112097	55.08572368
72.70824818	55.09870278
72.69469063	55.08842879
72.69429408	55.08812828
72.69694376	55.09013623
72.69439479	55.0882046
72.67060338	55.07017534
72.67906761	55.07658958
72.6812268	55.07822583
72.69136224	55.08590652
72.70883843	55.09915006
72.68145076	55.07839554
72.70150014	55.09358908
72.70782286	55.09838046
72.69224215	55.08657332
72.72048853	55.10797857
72.70613885	55.09710431
72.70614256	55.09710712
72.71603063	55.10460036
72.69790199	55.09086238
72.67916419	55.07666277
72.73510207	55.1190528
72.71608959	55.10464503
72.71083306	55.10066161
72.68394781	55.08028782
72.7021573	55.09408707
72.72214196	55.10923156
72.72394505	55.11059795
72.73435258	55.11848483
72.70501571	55.09625319
72.68749707	55.08297747
72.72032363	55.10785362
72.74573245	55.12710856
72.75301416	55.13262668
72.72656445	55.11258294
72.70700785	55.09776285
72.71382115	55.102926
72.74141078	55.12383357
72.75979539	55.13776553
72.71812155	55.10618487
72.72996193	55.11515757
72.72899697	55.11442632
72.7594737	55.13752175
72.76538037	55.14199785
72.75435692	55.13364422
72.72383081	55.11051138
72.7279852	55.11365959
72.74379315	55.12563895
72.76875532	55.14455541
72.76569802	55.14223857
72.74250318	55.1246614
72.74532943	55.12680314
72.74736538	55.128346
72.7539478	55.13333419
72.77556821	55.14971825
72.72941653	55.11474426
72.74103382	55.12354791
72.76996802	55.1454744
72.77759211	55.15125198
72.77372334	55.1483202
72.75641289	55.13520225
72.74027921	55.12297606
72.76895439	55.14470627
72.76576664	55.14229058
72.76599671	55.14246492
72.76274625	55.1400017
72.7632967	55.14041884
72.7453838	55.12684434
72.79536352	55.16471925
72.80992293	55.17575245
72.77632108	55.15028878
72.75131582	55.13133967
72.74598496	55.12729991
72.79064129	55.16114072
72.79657893	55.1656403
72.78847643	55.15950018
72.78692953	55.15832793
72.77511765	55.14937682
72.78413978	55.15621384
72.78632362	55.15786877
72.79405875	55.16373049
72.79019739	55.16080433
72.78972422	55.16044576
72.7651862	55.14185071
72.79538667	55.16473679
72.80378772	55.17110315
72.79962015	55.16794495
72.78886756	55.15979658
72.81158299	55.17701045
72.81266152	55.17782777
72.80757915	55.17397632
72.79658506	55.16564494
72.81731489	55.18135412
72.79491115	55.16437644
72.81237713	55.17761225
72.85410443	55.20923343
72.81336204	55.17835862
72.79786971	55.16661846
72.79864193	55.16720365
72.83585314	55.1954025
72.82509624	55.18725087
72.85178371	55.20747477
72.81403148	55.17886593
72.8092266	55.17522476
72.80562545	55.17249579
72.83485438	55.19464563
72.86369082	55.21649804
72.84616193	55.20321456
72.81510339	55.17967823
72.81745318	55.18145891
72.85231631	55.20787838
72.84839004	55.20490303
72.85482431	55.20977896
72.82679151	55.18853555
72.82176035	55.18472291
72.83742537	55.19659395
72.8197857	55.18322651
72.84320427	55.20097323
72.84661002	55.20355412
72.84643948	55.20342489
72.84700487	55.20385334
72.83225847	55.19267844
72.85878814	55.21278277
72.84708085	55.20391092
72.85363746	55.20887956
72.84828209	55.20482123
72.87009665	55.22135242
72.84995771	55.20609102
72.87627263	55.22603261
72.86938183	55.22081072
72.84798283	55.20459444
72.87554995	55.22548495
72.88392778	55.23183372
72.8669431	55.21896264
72.86157737	55.21489646
72.87354796	55.22396784
72.86244679	55.21555532
72.86781592	55.21962407
72.85698023	55.21141272
72.878402	55.22764626
72.87712271	55.22667681
72.87649763	55.22620312
72.86789595	55.21968472
72.85833921	55.21244257
72.87896455	55.22807256
72.90588332	55.24847175
72.88204421	55.23040634
72.86902377	55.22053938
72.88681275	55.23401997
72.88816306	55.23504324
72.88286727	55.23103006
72.87900944	55.22810658
72.92328243	55.26165689
72.88534408	55.232907
72.88369258	55.23165549
72.89703376	55.2417655
72.89911562	55.24334315
72.89714417	55.24184918
72.89604646	55.24101732
72.91431679	55.25486268
72.91160533	55.25280792
72.89785046	55.2423844
72.90323184	55.24646244
72.8848658	55.23254456
72.9050768	55.24786056
72.93531471	55.27077502
72.90050664	55.24439727
72.92239801	55.26098667
72.92095646	55.25989426
72.8775962	55.22703562
72.93816302	55.27293348
72.94985369	55.28179274
72.91692533	55.25683944
72.91569926	55.25591032
72.91008187	55.25165343
72.92553948	55.26336729
72.91638875	55.25643282
72.9402803	55.27453797
72.94966036	55.28164623
72.91741471	55.2572103
72.9182667	55.25785594
72.94531127	55.27835046
72.93143801	55.26783723
72.94585596	55.27876323
72.94455459	55.27777704
72.95013183	55.28200351
72.93553173	55.27093947
72.93959494	55.27401859
72.94188469	55.27575378
72.955963	55.2864224
72.94291597	55.27653529
72.93848899	55.2731805
72.91689235	55.25681445
72.95060248	55.28236017
72.97828509	55.3033382
72.95443532	55.28526471
72.93162018	55.26797528
72.95086766	55.28256112
72.9509984	55.2826602
72.96722935	55.2949601
72.95279251	55.28401979
72.95668341	55.28696833
72.96129639	55.29046407
72.9647775	55.29310207
72.96382674	55.29238158
72.96277107	55.29158159
72.96265412	55.29149297
72.96754066	55.29519601
72.97898443	55.30386816
72.97216374	55.29869941
72.98104969	55.30543323
72.97255878	55.29899877
72.98012024	55.30472888
72.98168811	55.30591703
72.98905595	55.31150042
72.97942975	55.30420563
72.9710935	55.29788838
72.97099192	55.2978114
72.99168476	55.31349254
72.99261247	55.31419557
72.97328018	55.29954546
72.99308835	55.31455619
72.98971692	55.3120013
72.97150803	55.29820251
72.99942126	55.31935531
72.99789085	55.31819555
73.0080089	55.32586306
72.98892001	55.3113974
72.99924832	55.31922425
72.99234395	55.31399208
73.01913168	55.33429197
73.02117047	55.33583697
72.97989018	55.30455455
73.00663838	55.32482448
73.00650397	55.32472262
73.02979074	55.34236946
73.01248813	55.32925745
73.00069172	55.32031807
73.01209943	55.32896289
73.00982266	55.32723754
73.01000189	55.32737336
73.0248197	55.33860238
73.03738284	55.3481228
73.03480436	55.34616881
73.00669632	55.32486839
73.00655626	55.32476224
73.01464646	55.33089304
73.01764869	55.33316815
73.02519195	55.33888447
73.02704133	55.34028594
73.01820738	55.33359153
73.02401955	55.33799602
73.0365022	55.34745544
73.03984761	55.34999061
73.04085178	55.35075157
73.01165507	55.32862615
73.02759528	55.34070573
73.05235494	55.35946873
73.03619254	55.34722078
73.04244844	55.35196153
73.03466249	55.3460613
73.02802816	55.34103377
73.03014274	55.34263621
73.04493422	55.35384527
73.06858724	55.37176966
73.06588455	55.36972155
73.01861579	55.33390102
73.05156188	55.35886775
73.06040483	55.36556898
73.07983835	55.38029581
73.05168685	55.35896245
73.03157126	55.34371875
73.06932296	55.37232719
73.06636667	55.3700869
73.08620039	55.385117
73.05905017	55.36454241
73.03873603	55.34914825
73.04182499	55.35148908
73.05568709	55.36199385
73.09566066	55.39228604
73.0956255	55.3922594
73.03930051	55.34957601
73.05094803	55.35840257
73.07348888	55.37548415
73.08636331	55.38524046
73.08574762	55.38477388
73.07583503	55.37726207
73.05741981	55.36330692
73.05774205	55.36355111
73.06775468	55.37113874
73.10094813	55.39629291
73.07701754	55.37815819
73.07436756	55.37615001
73.06333812	55.36779185
73.10391331	55.39853995
73.09843153	55.39438582
73.09037906	55.38828362
73.10814209	55.40174454
73.05327481	55.36016582
73.07164944	55.37409021
73.11530946	55.40717601
73.12086759	55.41138799
73.10811287	55.40172239
73.06374156	55.36809758
73.08645415	55.3853093
73.10565287	55.39985819
73.13839354	55.42466925
73.11901645	55.40998519
73.08951794	55.38763105
73.09537677	55.39207091
73.0968399	55.39317967
73.13513529	55.42220013
73.12760812	55.416496
73.09746376	55.39365244
73.11663271	55.40817877
73.10234678	55.39735282
73.10489388	55.39928302
73.10059591	55.396026
73.12929237	55.41777233
73.12896326	55.41752293
73.10711535	55.40096647
73.10547945	55.39972677
73.10291948	55.39778682
73.1111638	55.4040344
73.14189095	55.4273196
73.12784627	55.41667647
73.11567953	55.40745645
73.12541702	55.41483557
73.15833102	55.43977798
73.13120701	55.41922326
73.126105	55.41535692
73.14358636	55.4286044
73.14228011	55.42761451
73.1290837	55.4176142
73.13845937	55.42471914
73.14904729	55.43274272
73.12176658	55.41206925
73.15722925	55.43894305
73.14398676	55.42890782
73.14258477	55.42784538
73.14619868	55.43058403
73.15968172	55.44080154
73.12182764	55.41211552
73.14164582	55.42713385
73.1619895	55.44255039
73.17436105	55.45192562
73.13242829	55.42014875
73.15477442	55.43708277
73.15160167	55.43467844
73.15470422	55.43702957
73.17422902	55.45182557
73.17696628	55.45389988
73.16265293	55.44305314
73.15165883	55.43472176
73.15784566	55.43941017
73.16854176	55.44751573
73.18519485	55.46013553
73.17955993	55.45586536
73.15937968	55.44057266
73.17035629	55.44889079
73.15938285	55.44057506
73.16625627	55.44578377
73.17494198	55.45236586
73.178081	55.45474462
73.1554261	55.43757661
73.17538187	55.4526992
73.19173777	55.46509379
73.16210432	55.4426374
73.18891511	55.46295477
73.20423972	55.47456784
73.17180358	55.44998756
73.1590091	55.44029183
73.19407146	55.46686227
73.17650395	55.45354952
73.20417769	55.47452083
73.21048517	55.47930067
73.17566416	55.45291313
73.1597648	55.44086451
73.1803238	55.45644422
73.21644517	55.48381719
73.20057593	55.4717914
73.19621552	55.46848706
73.20875477	55.47798937
73.17376421	55.45147333
73.2250729	55.49035534
73.20754408	55.4770719
73.21315095	55.48132081
73.20052592	55.4717535
73.20359762	55.47408125
73.21056437	55.47936069
73.20647244	55.4762598
73.20568858	55.47566579
73.21561026	55.48318449
73.20891215	55.47810863
73.21855329	55.48541474
73.20600696	55.47590706
73.22612648	55.49115375
73.24096447	55.50239805
73.23617658	55.49876976
73.20854167	55.47782788
73.20458805	55.4748318
73.22419607	55.48969087
73.25651072	55.51417908
73.24485672	55.50534762
73.22920543	55.49348699
73.20075003	55.47192333
73.21106689	55.47974151
73.25250136	55.51114077
73.25724011	55.51473182
73.25361335	55.51198344
73.24819446	55.50787698
73.24052753	55.50206693
73.23975096	55.50147845
73.26844852	55.52322561
73.24793153	55.50767773
73.23867569	55.50066361
73.24799213	55.50772365
73.25164272	55.51049009
73.23219009	55.49574878
73.2387639	55.50073045
73.25418923	55.51241985
73.26410179	55.51993164
73.2456348	55.50593725
73.2597221	55.51661268
73.25458163	55.51271721
73.25547794	55.51339644
73.25870794	55.51584415
73.25872457	55.51585675
73.25407573	55.51233384
73.27576817	55.52877248
73.25971749	55.51660919
73.25009458	55.5093169
73.27811821	55.53055336
73.26383139	55.51972673
73.26429745	55.52007991
73.27379603	55.52727799
73.29631586	55.54434364
73.27538	55.52847833
73.2578681	55.51520771
73.26030939	55.51705774
73.28039634	55.53227974
73.2787257	55.53101372
73.30221862	55.54881677
73.26786635	55.52278444
73.27231945	55.52615902
73.26879508	55.52348824
73.30348669	55.54977773
73.26773201	55.52268264
73.2859562	55.53649303
73.25871649	55.51585063
73.26793307	55.522835
73.29385979	55.54248241
73.29973517	55.54693481
73.30147511	55.54825335
73.28532377	55.53601377
73.30755519	55.55286086
73.2956346	55.54382737
73.28478134	55.53560271
73.31809868	55.56085077
73.32534026	55.56633848
73.29254208	55.54148384
73.29609885	55.54417918
73.30825434	55.55339068
73.2866791	55.53704085
73.33067096	55.57037812
73.321898	55.56372992
73.29317531	55.54196371
73.30364288	55.54989609
73.32583932	55.56671667
73.31509485	55.55857446
73.32878035	55.5689454
73.33543912	55.57399145
73.31851812	55.56116863
73.3051337	55.55102584
73.33100622	55.57063217
73.33478291	55.57349417
73.32548166	55.56644563
73.34449517	55.58085418
73.32680894	55.56745146
73.32290481	55.56449289
73.3243274	55.56557093
73.35456252	55.58848327
73.34690791	55.58268256
73.34127179	55.57841148
73.31757011	55.56045022
73.30360434	55.54986688
73.3280842	55.56841785
73.37661163	55.6051922
73.33479666	55.57350459
73.3064519	55.55202478
73.32391484	55.56525829
73.33854309	55.57634366
73.36937614	55.59970911
73.38425283	55.61098274
73.33775802	55.57574873
73.31905468	55.56157524
73.33574479	55.57422309
73.36577993	55.59698388
73.3651229	55.59648598
73.3633687	55.59515664
73.35181562	55.58640165
73.32798031	55.56833912
73.35344889	55.58763935
73.38716469	55.61318937
73.38155983	55.60894198
73.36248178	55.59448452
73.35425008	55.5882465
73.36230448	55.59435017
73.37766776	55.60599255
73.39444721	55.6187081
73.36881668	55.59928515
73.37729926	55.60571329
73.36433784	55.59589105
73.36616538	55.59727597
73.36976022	55.60000017
73.37138824	55.60123389
73.3855436	55.6119609
73.35730894	55.59056452
73.40084138	55.62355364
73.39761852	55.62111133
73.36069632	55.59313149
73.38251712	55.60966741
73.41719193	55.63594417
73.39545063	55.6194685
73.37244942	55.60203805
73.38671258	55.61284676
73.37218251	55.60183579
73.4105698	55.63092588
73.42494165	55.64181695
73.39597473	55.61986567
73.36218765	55.59426163
73.38162624	55.6089923
73.4001829	55.62305464
73.40440866	55.62625694
73.40496374	55.62667759
73.38966852	55.61508678
73.41810088	55.63663298
73.40339958	55.62549225
73.41775424	55.63637029
73.39897016	55.62213562
73.40575423	55.62727662
73.40710809	55.62830259
73.40277681	55.62502031
73.42092146	55.63877043
73.40178113	55.62426579
73.41054323	55.63090575
73.42924129	55.64507525
73.41902701	55.63733481
73.41604309	55.63507358
73.40328167	55.6254029
73.42168926	55.63935228
73.43124765	55.64659568
73.42142947	55.6391554
73.43707973	55.65101525
73.42068629	55.63859222
73.41001313	55.63050404
73.43615956	55.65031795
73.42838994	55.64443008
73.42767326	55.64388698
73.42986202	55.64554564
73.43315373	55.64804011
73.43941478	55.65278477
73.42759736	55.64382947
73.44042247	55.6535484
73.42959168	55.64534077
73.43975605	55.65304338
73.44107712	55.6540445
73.47596359	55.68048165
73.44645239	55.65811791
73.42980878	55.64550529
73.43872084	55.6522589
73.44033114	55.65347919
73.45489419	55.66451515
73.46725163	55.67387969
73.45515545	55.66471313
73.44000138	55.6532293
73.43716056	55.65107651
73.46871288	55.67498703
73.45268176	55.66283856
73.4944452	55.69448712
73.46339169	55.6709546
73.45067352	55.6613167
73.44623297	55.65795163
73.47446513	55.67934611
73.47499998	55.67975142
73.48805028	55.68964101
73.46838419	55.67473794
73.43820462	55.6518677
73.45188829	55.66223726
73.48464178	55.68705803
73.46283541	55.67053305
73.47701659	55.68127962
73.47893216	55.68273126
73.43665374	55.65069243
73.46873112	55.67500085
73.49860654	55.6976406
73.50421887	55.70189366
73.48223834	55.68523669
73.46056916	55.66881567
73.44134816	55.6542499
73.49181343	55.69249275
73.50629205	55.70346473
73.49134872	55.69214059
73.47044165	55.67629709
73.46095762	55.66911005
73.49225408	55.69282667
73.52561859	55.71811048
73.50583497	55.70311835
73.49023951	55.69130002
73.46295934	55.67062696
73.49017669	55.69125242
73.53024918	55.72161957
73.52134917	55.71487509
73.47925211	55.68297371
73.49063202	55.69159747
73.48214532	55.6851662
73.50033296	55.6989489
73.51779071	55.71217847
73.53429775	55.72468759
73.53434707	55.72472497
73.46507958	55.67223369
73.48019736	55.68369003
73.51950838	55.71348013
73.52401348	55.71689412
73.53266679	55.72345165
73.52004142	55.71388407
73.5132963	55.70877258
73.51993419	55.71380281
73.53213908	55.72305175
73.54854657	55.73548543
73.5397476	55.72881752
73.49847492	55.69754086
73.51283572	55.70842355
73.54478064	55.73263158
73.55890474	55.7433349
73.54066021	55.7295091
73.53268824	55.7234679
73.53579057	55.72581886
73.54107375	55.72982249
73.54830366	55.73530135
73.55672947	55.74168647
73.54054901	55.72942483
73.52136111	55.71488414
73.56954086	55.75139501
73.55175457	55.73791647
73.55809986	55.74272496
73.57866155	55.75830672
73.5414876	55.7301361
73.53711608	55.72682334
73.54523305	55.73297443
73.56751652	55.74986096
73.56804687	55.75026286
73.54780102	55.73492045
73.56520029	55.74810571
73.5400894	55.72907654
73.5660473	55.74874757
73.57873572	55.75836292
73.56521233	55.74811483
73.56567837	55.748468
73.56636558	55.74898877
73.56421349	55.7473579
73.56879923	55.750833
73.5778087	55.75766043
73.57857604	55.75824192
73.57767642	55.75756018
73.58578815	55.76370729
73.57746997	55.75740374
73.58242696	55.76116017
73.61011467	55.78214207
73.57422246	55.75494276
73.58167909	55.76059343
73.60165539	55.77573158
73.56087593	55.74482868
73.56369357	55.74696391
73.58903473	55.76616758
73.61827797	55.78832826
73.59354584	55.76958611
73.59787931	55.77287005
73.58633794	55.76412393
73.58607879	55.76392754
73.61389095	55.78500375
73.62845985	55.79604414
73.60202595	55.77601239
73.60875134	55.78110892
73.59530012	55.77091552
73.61399724	55.7850843
73.61801524	55.78812916
73.62078699	55.79022961
73.61167015	55.78332082
73.58051434	55.75971078
73.61996981	55.78961035
73.62120885	55.79054929
73.63320193	55.79963771
73.62444661	55.79300289
73.62507654	55.79348025
73.5913612	55.76793059
73.62828443	55.7959112
73.63348558	55.79985266
73.62922506	55.79662402
73.62060215	55.79008953
73.62330697	55.79213926
73.61654929	55.78701825
73.63612275	55.80185113
73.65588702	55.8168286
73.6287228	55.79624341
73.64949851	55.81198735
73.61891628	55.78881197
73.5933511	55.76943854
73.62909536	55.79652574
73.66696734	55.82522533
73.65216853	55.81401071
73.62448151	55.79302933
73.61685663	55.78725116
73.6400792	55.80484935
73.63934011	55.80428926
73.67906605	55.8343938
73.6710431	55.82831396
73.60720475	55.77993692
73.61988546	55.78954643
73.66874638	55.8265735
73.6618428	55.82134192
73.64919864	55.81176011
73.66575543	55.82430694
73.65030512	55.81259861
73.62952883	55.79685422
73.67655336	55.83248967
73.66667772	55.82500585
73.65338454	55.81493221
73.6722746	55.82924719
73.66831791	55.8262488
73.6676192	55.82571931
73.65773473	55.81822881
73.69597946	55.84721086
73.66088854	55.82061878
73.66414083	55.82308338
73.67202446	55.82905764
73.66509284	55.82380482
73.66279818	55.82206592
73.69161532	55.8439037
73.67644605	55.83240835
73.65978935	55.81978581
73.69005366	55.84272027
73.6619096	55.82139254
73.67104402	55.82831465
73.69977549	55.85008752
73.68236445	55.83689334
73.66413788	55.82308114
73.6733509	55.83006282
73.66498999	55.82372688
73.68566503	55.83939453
73.7037622	55.85310867
73.69458747	55.84615601
73.6894187	55.84223909
73.67101768	55.82829469
73.68058826	55.83554734
73.69039603	55.84297971
73.6968498	55.84787041
73.71397228	55.86084592
73.681157	55.83597833
73.65147477	55.81348497
73.6971476	55.84809609
73.69415922	55.84583148
73.71069007	55.85835865
73.72251865	55.86732241
73.68348769	55.83774453
73.69486725	55.84636803
73.71239395	55.85964986
73.72029427	55.86563676
73.72539904	55.86950518
73.70110599	55.85109578
73.68304041	55.83740559
73.69432976	55.84596072
73.7189527	55.86462011
73.74225445	55.8822783
73.71622933	55.86255633
73.70286016	55.8524251
73.71472479	55.86141618
73.71821663	55.86406231
73.72684871	55.87060375
73.74559707	55.88481136
73.69838291	55.84903221
73.70722838	55.85573536
73.72089657	55.86609318
73.72309837	55.86776172
73.73758961	55.87874326
73.75238611	55.88995613
73.71957882	55.86509459
73.70761371	55.85602736
73.75111039	55.88898938
73.76804861	55.90182526
73.74772675	55.88642524
73.74597303	55.88509626
73.72885406	55.87212342
73.73884537	55.87969488
73.74453991	55.88401024
73.76368769	55.89852053
73.75540318	55.89224248
73.73266528	55.87501158
73.72888058	55.87214351
73.77220734	55.90497677
73.76084946	55.8963697
73.76558723	55.89996001
73.73998033	55.88055497
73.74530773	55.88459209
73.74529765	55.88458445
73.78884732	55.91758663
73.76358128	55.89843989
73.76079034	55.8963249
73.73971779	55.88035601
73.75369954	55.89095145
73.77879572	55.90996948
73.77330108	55.90580561
73.77816577	55.9094921
73.75000034	55.88814818
73.75781245	55.89406824
73.78324192	55.91333883
73.77037382	55.90358731
73.78936818	55.91798134
73.77797033	55.90934399
73.76452657	55.89915624
73.79075954	55.91903573
73.76631084	55.90050837
73.76899866	55.90254521
73.79015412	55.91857693
73.80978447	55.93345291
73.76317979	55.89813564
73.75727725	55.89366266
73.80028985	55.92625785
73.77354595	55.90599117
73.79679515	55.92360954
73.7842864	55.91413035
73.80210722	55.92763506
73.78465216	55.91440751
73.762545	55.89765459
73.80214591	55.92766438
73.79332705	55.9209814
73.80392295	55.92901102
73.78124788	55.91182773
73.78259555	55.91284901
73.78382227	55.91377862
73.80479428	55.92967133
73.80076656	55.9266191
73.81060329	55.93407342
73.79283655	55.92060969
73.79969842	55.92580965
73.80358587	55.92875558
73.79660715	55.92346707
73.82389967	55.9441495
73.79818609	55.9246636
73.79330481	55.92096454
73.79711445	55.92385151
73.82247369	55.94306888
73.81563059	55.93788314
73.83948085	55.955957
73.8050015	55.92982835
73.80016021	55.9261596
73.8179361	55.93963027
73.84223047	55.95804067
73.83923721	55.95577236
73.83043805	55.94910431
73.83094541	55.9494888
73.83013881	55.94887755
73.83773504	55.95463401
73.84014782	55.95646243
73.8432575	55.95881896
73.84566329	55.96064208
73.83797511	55.95481593
73.82277752	55.94329912
73.82842561	55.94757927
73.85504567	55.9677521
73.84511882	55.96022948
73.83619362	55.95346591
73.86725999	55.97700818
73.83020945	55.94893108
73.8233916	55.94376447
73.87110857	55.97992465
73.86194962	55.97298395
73.83295302	55.95101017
73.84064127	55.95683637
73.84529884	55.9603659
73.85457877	55.96739828
73.86504343	55.97532845
73.84827618	55.96262214
73.83086593	55.94942856
73.85180556	55.96529673
73.85711959	55.96932373
73.86765319	55.97730615
73.88255441	55.98859837
73.86821324	55.97773055
73.84431087	55.95961721
73.86098099	55.97224991
73.87578095	55.98346541
73.86407944	55.97459794
73.85984885	55.97139197
73.88529997	55.99067897
73.87571518	55.98341557
73.85289409	55.96612162
73.86981512	55.97894447
73.87214378	55.98070914
73.86161631	55.97273136
73.89897986	56.00104567
73.87301584	55.98136999
73.86540999	55.97560624
73.87628344	55.9838462
73.86754084	55.97722101
73.88818977	55.99286888
73.89405392	55.99731276
73.88356744	55.98936605
73.89114442	55.99510793
73.89195415	55.99572154
73.87903687	55.98593276
73.87793979	55.98510138
73.90698992	56.00711573
73.90740084	56.00742713
73.89209715	55.99582991
73.8487805	55.96300432
73.88269863	55.98870766
73.9086735	56.00839156
73.90975151	56.00920848
73.89640752	55.99909633
73.90153977	56.00298558
73.8830774	55.9889947
73.90066358	56.0023216
73.90343804	56.0044241
73.90838253	56.00817106
73.89441097	55.99758334
73.90745968	56.00747172
73.89458952	55.99771864
73.88064965	55.98715493
73.88976694	55.99406407
73.92933202	56.0240467
73.92407046	56.02005946
73.92162913	56.01820941
73.91050334	56.00977822
73.90141097	56.00288798
73.93049219	56.02492588
73.94528621	56.03613687
73.92803469	56.02306357
73.91737211	56.01498342
73.92962733	56.02427049
73.93074698	56.02511896
73.93679629	56.02970316
73.94820394	56.03834794
73.94167	56.03339648
73.92224714	56.01867774
73.94290364	56.03433134
73.95043864	56.0400414
73.93599422	56.02909535
73.965513	56.05146484
73.94222569	56.03381759
73.93329876	56.02705271
73.9462181	56.03684306
73.95121509	56.04062981
73.94931586	56.03919056
73.93895019	56.0313354
73.94602106	56.03669374
73.9380542	56.03065641
73.94169775	56.03341751
73.97200518	56.05638465
73.9582558	56.0459653
73.95141267	56.04077953
73.9576378	56.04549697
73.9654951	56.05145127
73.95050337	56.04009046
73.96789779	56.05327205
73.9562173	56.0444205
73.99241879	56.07185419
73.96792778	56.05329477
73.95800734	56.04577701
73.96610713	56.05191507
73.97993161	56.06239134
73.97311947	56.05722906
73.97821564	56.06109097
73.96908244	56.05416978
73.97930512	56.06191658
73.95839845	56.0460734
73.98017723	56.06257747
73.99610543	56.07464795
74.00921958	56.08458592
73.9814729	56.06355934
73.98102908	56.06322301
73.9800223	56.06246007
73.99182862	56.07140696
74.01547112	56.08932337
73.99528597	56.07402695
73.98626181	56.0671884
74.00643295	56.0824742
73.9878394	56.0683839
74.00938444	56.08471085
74.00195822	56.07908323
74.0107422	56.08573977
73.97226216	56.05657939
73.98405461	56.06551577
74.01477085	56.0887927
74.00283964	56.07975117
74.00071414	56.07814045
74.01195554	56.08665924
74.0042962	56.08085495
74.00528991	56.081608
74.01104787	56.08597141
74.03242556	56.10217154
74.02572751	56.09709572
74.01375515	56.088023
73.99441756	56.07336887
74.01342632	56.08777381
74.02929563	56.09979966
74.01517754	56.0891009
74.01935968	56.09227015
74.00773664	56.08346214
74.00472331	56.08117862
74.03817202	56.10652623
74.04265125	56.10992062
74.0229455	56.09498749
74.01386027	56.08810266
74.03422878	56.10353803
74.03179919	56.10169687
74.0608553	56.12371575
74.03268711	56.10236974
74.03560755	56.10458287
74.03244093	56.10218319
74.03857589	56.10683229
74.04037761	56.10819764
74.05545871	56.11962618
74.06184261	56.12446394
74.04773573	56.11377367
74.01680284	56.09033256
74.03205919	56.1018939
74.07417918	56.13381265
74.06490336	56.12678339
74.06163835	56.12430915
74.044259	56.11113898
74.03064108	56.10081925
74.06488229	56.12676742
74.0863561	56.14304039
74.09026398	56.14600181
74.05874884	56.12211946
74.0352392	56.10430373
74.05635338	56.12030417
74.07326583	56.13312051
74.07986262	56.1381196
74.08278842	56.14033678
74.0571357	56.12089701
74.05618467	56.12017632
74.08160821	56.13944242
74.08622387	56.14294018
74.07274741	56.13272765
74.08285513	56.14038734
74.06874638	56.12969565
74.07983369	56.13809767
74.09974069	56.1531833
74.084919	56.14195135
74.07273014	56.13271457
74.07992653	56.13816803
74.09482535	56.14945844
74.10284712	56.15553738
74.0979149	56.15179971
74.10110576	56.15421776
74.09228042	56.14752987
74.08994092	56.14575699
74.11171079	56.16225432
74.10019249	56.15352568
74.09964943	56.15311415
74.11437499	56.16427326
74.09006264	56.14584923
74.09616877	56.15047648
74.10587207	56.1578297
74.11227306	56.1626804
74.09193895	56.1472711
74.11891595	56.16771442
74.10402655	56.15643115
74.07806451	56.13675698
74.11114386	56.16182469
74.1331761	56.17852084
74.12761894	56.1743096
74.13129766	56.17709735
74.09717879	56.15124188
74.08557281	56.14244681
74.12990413	56.17604132
74.13255564	56.17805065
74.11218811	56.16261603
74.1326914	56.17815353
74.10761951	56.15915392
74.11628751	56.16572258
74.12949695	56.17573276
74.12802109	56.17461434
74.13177291	56.17745749
74.11746873	56.16661771
74.12698763	56.17383118
74.13105147	56.17691078
74.11534217	56.16500619
74.13182226	56.17749489
74.15118987	56.19217177
74.11048985	56.16132908
74.13074153	56.17667591
74.13680089	56.18126772
74.11592995	56.16545162
74.14017032	56.1838211
74.15070289	56.19180274
74.15077251	56.19185549
74.12009557	56.16860834
74.13344203	56.17872236
74.14190601	56.18513641
74.1413733	56.18473273
74.15988687	56.1987624
74.16560523	56.20309581
74.14842278	56.19007486
74.14227464	56.18541576
74.14185692	56.18509921
74.12716701	56.17396712
74.167459	56.2045006
74.18159233	56.21521092
74.16606846	56.20344685
74.14613074	56.18833793
74.1273711	56.17412178
74.14845241	56.19009731
74.1836662	56.21678251
74.19641883	56.22644652
74.16927	56.20587299
74.14387005	56.18662477
74.14330937	56.18619988
74.16710159	56.20422976
74.18791639	56.22000333
74.19323921	56.22403699
74.16643941	56.20372796
74.14449661	56.18709958
74.15054149	56.19168042
74.19771978	56.22743239
74.1851987	56.21794385
74.20708865	56.23453217
74.19177169	56.22292489
74.1618254	56.20023144
74.17290306	56.20862614
74.19512725	56.22546776
74.21269876	56.23878354
74.2042861	56.23240838
74.20231915	56.23091782
74.1951916	56.22551652
74.18041501	56.21431874
74.18986949	56.2214834
74.23186843	56.25331042
74.21681567	56.24190336
74.1857176	56.21833707
74.2090887	56.23604782
74.20548104	56.23331391
74.22965363	56.25163203
74.20170522	56.23045258
74.2019634	56.23064823
74.19961647	56.22886971
74.21584406	56.24116707
74.21111635	56.23758438
74.22006764	56.24436772
74.21612736	56.24138175
74.21085453	56.23738597
74.20148044	56.23028224
74.19436645	56.22489121
74.21291434	56.23894691
74.21290884	56.23894274
74.23638409	56.25673241
74.25066144	56.26755186
74.21609032	56.24135369
74.19473379	56.22516959
74.22692343	56.24956307
74.21576229	56.2411051
74.24225487	56.26118132
74.25632948	56.27184713
74.21218247	56.23839229
74.20530414	56.23317986
74.22041893	56.24463392
74.22903296	56.25116169
74.24090813	56.26016075
74.24221592	56.26115181
74.23965178	56.25920868
74.21265701	56.2387519
74.24330164	56.26197457
74.25274379	56.26912988
74.25146045	56.26815736
74.23471261	56.25546575
74.2357878	56.25628054
74.22811699	56.25046756
74.23929428	56.25893777
74.25209608	56.26863904
74.2437249	56.26229531
74.23632524	56.25668782
74.25130499	56.26803955
74.25864218	56.27359971
74.24821679	56.2656993
74.26430815	56.27789342
74.26202772	56.27616529
74.25940053	56.27417439
74.27512544	56.28609082
74.24643713	56.26435066
74.25253184	56.26896927
74.2600704	56.27468202
74.2605029	56.27500977
74.25527224	56.27104595
74.29309213	56.29970607
74.28445982	56.29316446
74.25502604	56.27085938
74.2546482	56.27057305
74.26841423	56.28100503
74.2654174	56.27873401
74.28367274	56.29256801
74.2839469	56.29277577
74.26613025	56.27927421
74.25519483	56.27098729
74.27486124	56.2858906
74.28188238	56.29121126
74.29858443	56.30386817
74.29015379	56.29747938
74.29216553	56.29900389
74.26786919	56.28059199
74.26421013	56.27781914
74.28926239	56.29680387
74.31208974	56.31410256
74.29299451	56.29963209
74.28934143	56.29686377
74.28966672	56.29711027
74.28150116	56.29092237
74.30571607	56.30927256
74.30066481	56.30544469
74.30911398	56.31184751
74.30579309	56.30933092
74.30529706	56.30895503
74.295745	56.30171643
74.31057686	56.31295609
74.30224398	56.30664139
74.31098423	56.3132648
74.30442101	56.30829115
74.29551146	56.30153945
74.31552872	56.31670864
74.30100827	56.30570496
74.30907783	56.31182012
74.31945652	56.31968514
74.30526426	56.30893017
74.32383056	56.32299982
74.32006358	56.32014518
74.29202342	56.29889619
74.336154	56.33233859
74.32620192	56.32479684
74.32237154	56.32189416
74.32609778	56.32471793
74.32937301	56.32719992
74.33606091	56.33226804
74.34070722	56.33578904
74.35118927	56.3437324
74.30408054	56.30803315
74.32317615	56.3225039
74.34675901	56.34037512
74.3557782	56.34720991
74.34426344	56.33848396
74.32550825	56.32427118
74.32554144	56.32429633
74.34313897	56.33763184
74.36137733	56.35145296
74.35322832	56.3452776
74.34299237	56.33752074
74.33218353	56.32932974
74.32613333	56.32474487
74.33229126	56.32941138
74.36401743	56.35345365
74.3602003	56.35056101
74.34467188	56.33879348
74.33663095	56.33270003
74.35301183	56.34511354
74.36452513	56.35383838
74.36535373	56.3544663
74.37383042	56.36088998
74.34615625	56.33991834
74.34486444	56.33893941
74.37522437	56.36194632
74.37879608	56.36465299
74.35902672	56.34967166
74.35225607	56.34454082
74.36560978	56.35466034
74.38365664	56.36833635
74.3587292	56.3494462
74.36236681	56.35220279
74.38174012	56.36688399
74.371527	56.35914444
74.38598228	56.37009872
74.39066586	56.37364797
74.39661734	56.37815803
74.37746465	56.36364402
74.38500818	56.36936055
74.37319857	56.36041117
74.38948671	56.3727544
74.40319498	56.38314261
74.39840999	56.37951651
74.39538677	56.3772255
74.37651922	56.36292757
74.36996439	56.35796028
74.39335858	56.37568853
74.40517644	56.38464417
74.38820646	56.37178422
74.39783556	56.37908121
74.39274279	56.37522188
74.37970331	56.36534049
74.39955856	56.38038691
74.41330441	56.39080359
74.3985544	56.37962595
74.38625286	56.37030378
74.40929866	56.38776801
74.41822999	56.39453622
74.41130535	56.38928869
74.40507981	56.38457094
74.42026666	56.39607962
74.41014396	56.38840858
74.41072925	56.38885212
74.41165218	56.38955151
74.40743682	56.38635709
74.42133646	56.39689032
74.43956897	56.41070701
74.42238942	56.39768825
74.41932784	56.39536817
74.3991485	56.38007616
74.39765844	56.37894698
74.44311042	56.41339074
74.43499716	56.40724247
74.42366932	56.39865817
74.41204184	56.3898468
74.43004744	56.40349154
74.43073451	56.40401221
74.42390407	56.39883606
74.4236161	56.39861784
74.43848588	56.40988624
74.42446977	56.39926476
74.39940457	56.38027021
74.41826123	56.39455989
74.44804419	56.41712958
74.43063466	56.40393654
74.4566962	56.42368612
74.42028547	56.39609387
74.41025322	56.38849137
74.42433028	56.39915905
74.45318597	56.42102605
74.46653045	56.43113857
74.44988003	56.41852079
74.44242678	56.41287268
74.42502571	56.39968605
74.44280402	56.41315855
74.45302095	56.42090099
74.46424477	56.42940646
74.43505661	56.40728752
74.44415482	56.41418219
74.47044863	56.43410778
74.46934291	56.43326987
74.45955933	56.42585581
74.45291111	56.42081775
74.43330619	56.40596104
74.4490654	56.41790346
74.47203198	56.43530765
74.45220465	56.4202824
74.4628598	56.42835693
74.4633245	56.42870908
74.45551645	56.4227921
74.46304406	56.42849656
74.461723	56.42749545
74.45270311	56.42066013
74.47447523	56.43715916
74.47849595	56.44020609
74.4854391	56.44546764
74.46166922	56.4274547
74.46853207	56.4326554
74.46993357	56.43371746
74.45361541	56.42135148
74.50525242	56.46048228
74.47045451	56.43411224
74.45104617	56.41940449
74.46572414	56.43052754
74.49467528	56.45246687
74.47898375	56.44057574
74.5060962	56.46112171
74.49197421	56.45041998
74.46818126	56.43238956
74.48058691	56.44179062
74.50163513	56.45774108
74.5102884	56.46429857
74.51168088	56.46535381
74.50921677	56.46348649
74.47128177	56.43473914
74.47463831	56.43728274
74.50614071	56.46115543
74.52882754	56.47834764
74.5073587	56.46207843
74.48530321	56.44536466
74.49383398	56.45182933
74.48845142	56.4477504
74.52171554	56.47295813
74.5400861	56.48687943
74.51097644	56.46481997
74.51231658	56.46583554
74.50466928	56.46004038
74.49410486	56.4520346
74.51234319	56.46585571
74.54638878	56.49165564
74.50615127	56.46116343
74.49669283	56.45399578
74.51515747	56.46798838
74.51431666	56.46735121
74.52437045	56.47497003
74.53604896	56.48382006
74.52797847	56.4777042
74.51958686	56.471345
74.49854623	56.4554003
74.52608751	56.47627123
74.52679456	56.47680703
74.53416804	56.48239469
74.53307411	56.48156571
74.53072377	56.47978461
74.52381419	56.47454849
74.55585534	56.49882945
74.52933989	56.47873589
74.52669077	56.47672838
74.53281088	56.48136623
74.54137401	56.48785542
74.55494727	56.49814131
74.55627628	56.49914844
74.54884878	56.49351984
74.54711699	56.49220748
74.53919747	56.48620603
74.56052284	56.50236651
74.56056804	56.50240076
74.5533012	56.49689391
74.55035805	56.49466357
74.54209489	56.4884017
74.55139171	56.49544689
74.56375126	56.50481302
74.55965982	56.50171251
74.56692657	56.50721928
74.5632482	56.5044318
74.53784621	56.48518203
74.55017744	56.4945267
74.58545643	56.52126131
74.5922207	56.52638732
74.5663254	56.50676371
74.55299571	56.49666241
74.54523896	56.4907843
74.57509107	56.51340638
74.59011371	56.52479062
74.57948972	56.51673971
74.55201576	56.49591979
74.56235357	56.50375384
74.57831711	56.5158511
74.57282287	56.51168753
74.58270053	56.51917288
74.5846938	56.52068339
74.5673994	56.5075776
74.57130592	56.51053798
74.58655213	56.52209164
74.60284216	56.53443631
74.56972915	56.5093431
74.57787229	56.51551401
74.6082324	56.53852107
74.5903559	56.52497416
74.5910512	56.52550106
74.60863713	56.53882778
74.57638833	56.51438946
74.59895969	56.53149416
74.60469184	56.53583801
74.62119322	56.54834285
74.59135115	56.52572837
74.60691753	56.53752465
74.60296729	56.53453114
74.601433	56.53336844
74.61863028	56.54640064
74.64467556	56.56613789
74.60485597	56.53596239
74.57946235	56.51671897
74.60385295	56.53520229
74.59354371	56.5273899
74.62380177	56.55031962
74.65755539	56.57589829
74.62836599	56.55377841
74.6069101	56.53751902
74.62633611	56.55224015
74.61718528	56.54530561
74.6266081	56.55244627
74.6438952	56.56554653
74.63304938	56.55732751
74.61297849	56.54211768
74.6139404	56.54284662
74.61099615	56.54061545
74.63691644	56.56025799
74.65278937	56.57228658
74.65259128	56.57213647
74.620789	56.54803653
74.63011547	56.55510417
74.64398986	56.56561826
74.63410105	56.55812447
74.63811559	56.56116671
74.64263746	56.56459341
74.61626817	56.54461061
74.62748755	56.55311272
74.64982255	56.57003831
74.6413755	56.56363709
74.63977214	56.56242205
74.66046015	56.57809953
74.66884729	56.58445535
74.63216138	56.55665458
74.64443251	56.5659537
74.6629075	56.57995416
74.67574759	56.58968444
74.63034018	56.55527446
74.66238434	56.5795577
74.67069214	56.58585339
74.63342681	56.55761352
74.6606915	56.57827486
74.68336267	56.59545519
74.65300889	56.57245294
74.65245246	56.57203127
74.65341266	56.57275891
74.68150738	56.59404925
74.69474895	56.60408378
74.65357762	56.57288392
74.64518147	56.56652127
74.67979067	56.59274831
74.69171526	56.60178483
74.68341367	56.59549384
74.66990604	56.58525768
74.66385421	56.58067157
74.68306477	56.59522944
74.68912747	56.59982379
74.66941692	56.58488702
74.68678483	56.59804852
74.67252964	56.58724586
74.67352273	56.58799843
74.68252234	56.59481839
74.68227372	56.59462998
74.68402354	56.59595601
74.68636792	56.59773259
74.67614688	56.58998703
74.69490191	56.60419969
74.70066394	56.60856618
74.68417641	56.59607185
74.70866331	56.61462815
74.71914901	56.62257428
74.6636624	56.58052622
74.70765371	56.61386307
74.71984218	56.62309956
74.69785426	56.60643699
74.68195201	56.59438618
74.69909684	56.60737863
74.71398132	56.61865817
74.69057699	56.60092224
74.71603235	56.62021245
74.72017197	56.62334948
74.70535867	56.61212388
74.70125267	56.60901233
74.71438875	56.61896692
74.71000279	56.61564322
74.70153317	56.60922489
74.71822673	56.62187536
74.71284352	56.61779594
74.71633296	56.62044026
74.73525155	56.63477687
74.73203361	56.6323383
74.71864724	56.62219403
74.71914645	56.62257233
74.72359604	56.62594426
74.73352323	56.63346714
74.73430718	56.63406122
74.71859212	56.62215226
74.72098405	56.62396488
74.74256387	56.64031818
74.73361924	56.63353989
74.72974953	56.63060741
74.72483986	56.62688683
74.74019255	56.63852118
74.73891997	56.63755681
74.73046051	56.63114619
74.75073562	56.64651078
74.73378014	56.63366182
74.71825506	56.62189683
74.74645325	56.64326557
74.73667122	56.6358527
74.74426981	56.64161095
74.74625976	56.64311895
74.76940079	56.66065534
74.73352497	56.63346845
74.76067145	56.65404021
74.76789791	56.65951645
74.73643807	56.63567601
74.77180592	56.66247796
74.76633989	56.65833578
74.75289467	56.64814692
74.73884493	56.63749995
74.75084508	56.64659373
74.75097493	56.64669213
74.76402098	56.65657849
74.77326938	56.66358698
74.74937568	56.64548021
74.74991087	56.64588578
74.79654561	56.68122583
74.74673537	56.64347937
74.7464649	56.6432744
74.78101805	56.66945897
74.77327604	56.66359203
74.75576041	56.65031859
74.76446295	56.65691342
74.76265544	56.65554368
74.74836969	56.64471786
74.76421414	56.65672487
74.78940242	56.67581269
74.77619057	56.66580068
74.77574414	56.66546237
74.77943788	56.66826151
74.76368212	56.6563217
74.77516135	56.66502072
74.78239224	56.67050034
74.80166915	56.68510848
74.76683547	56.65871133
74.75650243	56.65088089
74.7844003	56.67202205
74.75934199	56.65303273
74.8170168	56.69673901
74.82347906	56.70163615
74.7733575	56.66365376
74.75952926	56.65317465
74.78081234	56.66930308
74.81604321	56.69600122
74.82648758	56.70391602
74.81638311	56.6962588
74.76961994	56.66082141
74.77252446	56.66302248
74.79798536	56.68231688
74.80610649	56.68847112
74.81678487	56.69656326
74.83090503	56.70726358
74.81513135	56.6953102
74.79382431	56.67916362
74.79785839	56.68222067
74.80205426	56.68540032
74.81137654	56.69246479
74.84390799	56.7171173
74.81527791	56.69542127
74.80134737	56.68486463
74.80800404	56.68990909
74.81485674	56.69510211
74.83307427	56.70890745
74.8313236	56.70758078
74.83804531	56.71267453
74.8185813	56.6979246
74.80824191	56.69008935
74.82776786	56.70488622
74.8291263	56.70591566
74.82591087	56.70347899
74.851044	56.722525
74.85261436	56.72371503
74.80881136	56.69052089
74.82874323	56.70562537
74.83299642	56.70884845
74.8323364	56.70834828
74.82092252	56.69969878
74.84169988	56.71544398
74.83279725	56.70869752
74.83530275	56.71059621
74.84040307	56.71446125
74.86458917	56.73278961
74.83674004	56.71168539
74.85049052	56.72210557
74.82830391	56.70529245
74.84177346	56.71549974
74.83715672	56.71200116
74.85720347	56.72719269
74.84293673	56.71638128
74.83605133	56.71116348
74.84822452	56.72038839
74.85747095	56.72739539
74.87107814	56.73770699
74.88612307	56.74910812
74.86172684	56.73062052
74.8449015	56.71787019
74.84874271	56.72078108
74.85276529	56.72382941
74.87501	56.74068657
74.89495617	56.75580188
74.86360116	56.73204089
74.8427974	56.71627569
74.85204041	56.72328009
74.87754514	56.74260771
74.90783264	56.76555974
74.88826684	56.75073268
74.84868093	56.72073426
74.85133894	56.72274852
74.87621473	56.74159953
74.89451267	56.7554658
74.87201523	56.73841712
74.89529673	56.75605996
74.8867016	56.74954653
74.87461366	56.74038622
74.87793282	56.7429015
74.88936847	56.7515675
74.86862667	56.73584925
74.91447491	56.77059329
74.90913695	56.76654816
74.88681872	56.74963528
74.88093743	56.74517841
74.88902855	56.7513099
74.90600901	56.76417779
74.89767153	56.7578596
74.91126196	56.7681585
74.88952103	56.75168311
74.89327388	56.75452704
74.88998181	56.75203229
74.92214409	56.77640504
74.91460591	56.77069257
74.89488174	56.75574548
74.9197794	56.77461307
74.90809914	56.7657617
74.90399083	56.7626484
74.93662332	56.78737748
74.9137509	56.77004464
74.91689034	56.77242372
74.93610085	56.78698155
74.9100805	56.76726319
74.93421374	56.78555149
74.92548561	56.77893726
74.91547872	56.77135399
74.91980261	56.77463066
74.9282208	56.78101
74.94222859	56.79162518
74.91193389	56.76866769
74.92914565	56.78171086
74.93053685	56.78276512
74.92416875	56.77793934
74.93768443	56.7881816
74.93423734	56.78556937
74.92885446	56.7814902
74.92079847	56.77538532
74.92622447	56.77949717
74.94869316	56.79652407
74.94680321	56.79509185
74.9449586	56.793694
74.93462735	56.78586492
74.93462098	56.7858601
74.93427663	56.78559914
74.95716062	56.80294075
74.93785995	56.7883146
74.94147714	56.79105573
74.94372412	56.7927585
74.94044485	56.79027345
74.95211194	56.79911484
74.97231846	56.81442745
74.98914627	56.82717966
74.944467	56.79332146
74.95587131	56.80196371
74.97518062	56.81659641
74.95076303	56.79809262
74.93817895	56.78855634
74.9855162	56.82442876
74.96274281	56.80717097
74.92926224	56.78179921
74.95748985	56.80319025
74.97249122	56.81455837
74.96138862	56.80614475
74.99016997	56.82795542
74.98944528	56.82740624
74.95977399	56.80492118
74.96947314	56.81227125
74.96947761	56.81227464
74.97587582	56.81712323
74.98619915	56.82494631
74.99072982	56.82837967
74.97630788	56.81745065
74.96803525	56.8111816
74.99427313	56.83106481
74.98127826	56.82121723
74.98423697	56.82345936
74.99512307	56.8317089
75.00740899	56.84101924
74.98520354	56.82419183
74.97978681	56.820087
74.97841062	56.81904412
74.98227222	56.82197046
75.0219984	56.85207517
75.00570295	56.83972639
74.9809219	56.82094718
74.99063608	56.82830864
75.00632198	56.8401955
75.00780221	56.84131723
75.00349744	56.83805505
75.00633148	56.8402027
74.98342233	56.82284202
74.99851771	56.83428138
74.99745321	56.8334747
74.99904843	56.83468356
75.02787049	56.85652508
75.01882244	56.84966841
75.00574669	56.83975954
75.00757557	56.84114548
75.02111621	56.85140664
75.00541088	56.83950506
75.0001082	56.83548666
75.01243471	56.84482776
75.01399984	56.84601382
75.01519361	56.84691847
75.01076109	56.84355948
75.00121901	56.83632844
75.02232194	56.85232035
75.02385392	56.8534813
75.02147879	56.85168141
75.01409964	56.84608945
75.01538955	56.84706695
75.03297338	56.86039207
75.04316611	56.86811618
75.01746179	56.84863731
75.0384153	56.86451599
75.00471729	56.83897945
75.03410213	56.86124744
75.03384638	56.86105364
75.03845228	56.86454402
75.0193384	56.85005942
75.04077292	56.86630261
75.0443536	56.86901607
75.0067141	56.84049265
75.00900194	56.84222639
75.04787362	56.87168356
75.03605686	56.86272875
75.04252399	56.86762957
75.04363431	56.86847099
75.04791986	56.8717186
75.02717563	56.85599851
75.0703799	56.88873894
75.04532486	56.86975209
75.03676998	56.86326916
75.04980671	56.87314846
75.04511863	56.86959581
75.04302746	56.86801111
75.06146579	56.88198377
75.07379247	56.891325
75.06949023	56.88806474
75.05344773	56.87590764
75.05308615	56.87563364
75.0512873	56.87427046
75.06950218	56.88807379
75.10594459	56.91569005
75.10379476	56.9140609
75.07325766	56.89091972
75.03619899	56.86283646
75.04396886	56.86872451
75.07789965	56.89443744
75.1068557	56.9163805
75.11228124	56.920492
75.09183781	56.90499985
75.05794758	56.87931765
75.06741783	56.88649426
75.09236369	56.90539837
75.09596935	56.90813076
75.09398237	56.90662501
75.08160089	56.89724226
75.07371697	56.89126779
75.09047423	56.90396653
75.09745806	56.90925891
75.09907383	56.91048335
75.10149619	56.91231903
75.09971824	56.91097169
75.07527088	56.89244535
75.09149115	56.90473716
75.10945628	56.91835123
75.11487962	56.92246106
75.10305171	56.91349781
75.09177779	56.90495438
75.08403985	56.89909052
75.07723357	56.89393268
75.1145826	56.92223598
75.11207775	56.92033779
75.11584177	56.92319019
75.12654742	56.93130298
75.10107149	56.91199719
75.10417937	56.91435236
75.13123191	56.93485292
75.1218523	56.927745
75.0974873	56.90928107
75.13843747	56.94031333
75.1409367	56.94220726
75.12400407	56.92937562
75.09849535	56.91004497
75.1287824	56.93299666
75.12659288	56.93133744
75.1203004	56.92656896
75.13333279	56.93644498
75.14216953	56.94314151
75.11551026	56.92293897
75.12004765	56.92637743
75.13605598	56.93850862
75.15408392	56.95217029
75.12643817	56.9312202
75.13086142	56.93457216
75.12300413	56.92861786
75.13603034	56.93848919
75.13964395	56.9412276
75.17273488	56.96630409
75.14415261	56.94464429
75.13587777	56.93837357
75.11561299	56.92301681
75.1473592	56.94707427
75.16445513	56.96002965
75.14948507	56.94868526
75.1446984	56.94505789
75.13396133	56.93692128
75.13256739	56.93586495
75.15397946	56.95209114
75.17071241	56.96477145
75.16347641	56.95928797
75.13378856	56.93679036
75.1405133	56.94188641
75.15580233	56.95347252
75.15881262	56.95575373
75.16417134	56.9598146
75.16303721	56.95895514
75.16609527	56.96127256
75.16647692	56.96156177
75.15973874	56.95645555
75.16068706	56.95717419
75.16957913	56.96391265
75.19354248	56.9820722
75.17041618	56.96454697
75.1588642	56.95579282
75.17408491	56.96732715
75.18103655	56.97259515
75.19108234	56.98020789
75.1814551	56.97291232
75.17390479	56.96719066
75.1974115	56.98500417
75.17154779	56.96540451
75.19736961	56.98497242
75.18515738	56.97571793
75.19542753	56.98350071
75.18602096	56.97637235
75.16888133	56.96338385
75.1819779	56.9733085
75.21170667	56.99583712
75.21349353	56.99719122
75.18811155	56.97795661
75.18685703	56.97700593
75.1880111	56.97788049
75.21103796	56.99533037
75.19606612	56.98398463
75.2006336	56.98744589
75.21254602	56.99647319
75.19943118	56.98653469
75.19027538	56.97959638
75.1992747	56.98641611
75.22412019	57.00524416
75.19540538	56.98348392
75.20377542	56.98982678
75.20115688	56.98784244
75.19979746	56.98681226
75.21013156	56.9946435
75.21974627	57.00192958
75.23111896	57.01054786
75.2088614	56.99368096
75.23593952	57.01420091
75.22437999	57.00544103
75.22198766	57.00362811
75.23328902	57.01219235
75.22295879	57.00436404
75.22855184	57.00860249
75.22720544	57.00758218
75.23625494	57.01443994
75.23851394	57.01615182
75.22830347	57.00841427
75.23010361	57.00977842
75.22626522	57.00686967
75.23328754	57.01219123
75.23057254	57.01013378
75.22843939	57.00851727
75.24951107	57.0244855
75.21647232	56.99944856
75.2303293	57.00994946
75.27594432	57.04451676
75.22248591	57.00400569
75.24895216	57.02406196
75.24027612	57.01748721
75.25054936	57.02527232
75.24169684	57.01856384
75.25456779	57.02831751
75.2658912	57.03689846
75.25566807	57.02915131
75.21335567	56.99708674
75.2476343	57.02306328
75.24303238	57.01957592
75.24371249	57.02009131
75.25606288	57.0294505
75.26456616	57.03589433
75.23210851	57.01129775
75.27885859	57.04672521
75.25937027	57.03195686
75.26699183	57.03773251
75.2455468	57.02148136
75.27119384	57.04091682
75.27931031	57.04706753
75.27035482	57.04028101
75.25217917	57.0265074
75.28018832	57.04773289
75.28493997	57.05133372
75.27159338	57.0412196
75.24833341	57.02359307
75.28064401	57.04807821
75.29169997	57.05645648
75.28588997	57.05205363
75.29656136	57.06014047
75.27999806	57.04758871
75.28346805	57.05021829
75.26211497	57.0340368
75.27665038	57.04505182
75.29841782	57.0615473
75.3027371	57.06482047
75.29152852	57.05632655
75.25645191	57.02974531
75.26745761	57.03808549
75.31575559	57.07468596
75.29909345	57.0620593
75.30201362	57.06427222
75.30909303	57.06963703
75.29222628	57.05685532
75.28706013	57.05294038
75.28102249	57.04836503
75.3012054	57.06365975
75.31071357	57.07086509
75.28507214	57.05143388
75.31915991	57.07726577
75.30849681	57.06918521
75.29965393	57.06248403
75.3204412	57.07823674
75.30652702	57.0676925
75.30691399	57.06798575
75.33195855	57.08696465
75.32539667	57.08199202
75.32109459	57.07873188
75.30504311	57.06656798
75.30378861	57.06561731
75.31072731	57.0708755
75.31269879	57.0723695
75.32423657	57.08111289
75.3223093	57.07965239
75.32446751	57.0812879
75.33787457	57.09144784
75.33321736	57.08791858
75.32396396	57.0809063
75.34245314	57.09491751
75.32585699	57.08234085
75.32177256	57.07924565
75.34130978	57.09405106
75.34176331	57.09439475
75.32136979	57.07894043
75.33298304	57.08774101
75.34008346	57.09312175
75.33578826	57.08986683
75.33438042	57.08879995
75.35635251	57.10545052
75.35133326	57.10164691
75.33849556	57.09191843
75.3673321	57.11377092
75.35086499	57.10129205
75.32736943	57.08348699
75.3463203	57.09784806
75.33316771	57.08788096
75.3488794	57.09978736
75.35547809	57.10478789
75.35893996	57.10741131
75.34533434	57.0971009
75.33825473	57.09173593
75.33208904	57.08706353
75.37591711	57.12027669
75.36872367	57.11482546
75.3723531	57.11757585
75.34806773	57.09917227
75.34289961	57.09525584
75.34448652	57.09645841
75.34574114	57.09740917
75.38986027	57.13084288
75.37929881	57.12283935
75.36503543	57.11203049
75.35444467	57.10400475
75.35124949	57.10158342
75.35352855	57.10331051
75.38020415	57.12352542
75.37678037	57.12093087
75.36516092	57.11212558
75.34801994	57.09913606
75.37722534	57.12126807
75.35580934	57.10503891
75.37191024	57.11724025
75.39798356	57.13699876
75.39233065	57.13271495
75.38500156	57.12716093
75.36862102	57.11474767
75.35722573	57.10611225
75.37913004	57.12271146
75.39211479	57.13255137
75.37702005	57.1211125
75.37249824	57.11768584
75.37060323	57.1162498
75.39304003	57.13325252
75.38378881	57.1262419
75.40680836	57.14368624
75.38651508	57.12830788
75.37771482	57.12163899
75.39145428	57.13205083
75.38849548	57.12980864
75.39269656	57.13299224
75.4243362	57.15696893
75.41988839	57.15359836
75.3908084	57.13156138
75.38996521	57.13092241
75.37831065	57.12209052
75.41032173	57.14634869
75.43641886	57.16612523
75.41023888	57.14628591
75.41433877	57.14939282
75.4010791	57.13934457
75.38925858	57.13038692
75.40813534	57.14469183
75.42269155	57.1557226
75.44420576	57.17202619
75.42733098	57.15923839
75.39830316	57.13724095
75.41729452	57.15163271
75.42111774	57.15452996
75.43622878	57.16598119
75.43477496	57.16487948
75.42418538	57.15685464
75.40637373	57.14335687
75.39484677	57.13462168
75.42993153	57.1612091
75.42613377	57.15833114
75.4268438	57.1588692
75.4469372	57.17409609
75.41973551	57.15348251
75.42601331	57.15823986
75.43373285	57.16408976
75.43739323	57.16686362
75.43763498	57.16704681
75.45061142	57.17688043
75.43901317	57.16809122
75.42785372	57.15963453
75.4237779	57.15654585
75.46032504	57.18424146
75.42478776	57.15731112
75.45641712	57.18128003
75.45220165	57.17808552
75.43665006	57.16630044
75.4526624	57.17843468
75.45863884	57.18296365
75.4449283	57.17257374
75.46910855	57.19089766
75.44006817	57.1688907
75.44919517	57.17580719
75.46931458	57.19105379
75.46259858	57.18596437
75.45326067	57.17888805
75.45578468	57.18080076
75.46956085	57.19124041
75.48691501	57.20439149
75.46056515	57.18442343
75.46869952	57.19058769
75.48049915	57.19952952
75.46661668	57.18900931
75.46705478	57.1893413
75.47393136	57.19455241
75.45157734	57.17761241
75.47530474	57.19559317
75.48214371	57.20077577
75.4899267	57.20667376
75.47980279	57.19900181
75.47341492	57.19416105
75.47852365	57.19803247
75.47610374	57.19619865
75.48269243	57.2011916
75.48933351	57.20622424
75.47332113	57.19408997
75.48682874	57.20432612
75.47483019	57.19523354
75.4743867	57.19489747
75.48294855	57.20138569
75.49203611	57.20827228
75.49166072	57.20798782
75.48968728	57.20649233
75.49868127	57.21330802
75.49107488	57.20754386
75.51449423	57.22529117
75.50507453	57.21815287
75.50561577	57.21856303
75.5075106	57.21999894
75.5138593	57.22481002
75.49197896	57.20822898
75.4963272	57.2115241
75.50781782	57.22023175
75.53255671	57.23897902
75.50029588	57.21453158
75.50524172	57.21827957
75.51597454	57.22641296
75.52096793	57.23019698
75.49822347	57.2129611
75.55343233	57.25479867
75.50754978	57.22002863
75.49317929	57.20913859
75.54889499	57.25136025
75.52660948	57.23447218
75.51923132	57.22888096
75.52496938	57.2332293
75.53308691	57.23938081
75.52950188	57.23666405
75.53633128	57.2418394
75.53517297	57.24096163
75.53816573	57.24322956
75.5325857	57.23900099
75.52627858	57.23422142
75.5262691	57.23421423
75.54120837	57.24553529
75.53909274	57.24393206
75.55137181	57.2532372
75.54653479	57.24957168
75.54986237	57.25209334
75.54639003	57.24946198
75.54215847	57.24625528
75.54078595	57.24521518
75.53606968	57.24164116
75.54745939	57.25027235
75.543754	57.24746438
75.54573261	57.24896378
75.53989906	57.24454309
75.54675246	57.24973663
75.56420672	57.26296356
75.55663499	57.25722567
75.54898888	57.2514314
75.55888551	57.25893113
75.54996563	57.25217159
75.54092985	57.24532423
75.55647157	57.25710183
75.57216555	57.26899481
75.55343296	57.25479915
75.57498998	57.27113517
75.54937974	57.2517276
75.55468501	57.25574796
75.55944893	57.25935808
75.56135909	57.26080562
75.59524711	57.28648614
75.57692973	57.27260513
75.56727214	57.26528656
75.56372858	57.26260123
75.55104568	57.25299006
75.57115775	57.26823109
75.58904754	57.28178808
75.59860438	57.28903029
75.57691464	57.2725937
75.5639661	57.26278122
75.5702703	57.26755858
75.59277153	57.28461013
75.58725989	57.28043339
75.58497518	57.27870202
75.5811224	57.27578236
75.5856672	57.27922643
75.56562262	57.26403654
75.59433833	57.28579746
75.60463452	57.29359997
75.59448953	57.28591204
75.58780254	57.2808446
75.57553333	57.27154693
75.57442948	57.27071043
75.59017459	57.28264216
75.61505248	57.30149476
75.59423706	57.28572072
75.58668152	57.27999509
75.57964092	57.27465969
75.6029396	57.29231555
75.59902894	57.28935203
75.59123338	57.28344452
75.62220194	57.30691265
75.59332213	57.28502738
75.59059815	57.28296313
75.59194191	57.28398144
75.62603485	57.30981726
75.6062154	57.29479797
75.60958047	57.29734804
75.59332784	57.28503171
75.62971719	57.31260776
75.63178387	57.31417389
75.59810207	57.28864964
75.59972493	57.28987946
75.60323716	57.29254104
75.63385384	57.31574253
75.63749833	57.31850434
75.62407077	57.30832886
75.62175871	57.30657677
75.6297451	57.31262891
75.60651718	57.29502666
75.63930257	57.31987161
75.61815434	57.30384536
75.62362863	57.30799381
75.63508093	57.31667242
75.62640816	57.31010015
75.62607924	57.30985089
75.63109815	57.31365425
75.66076004	57.33613219
75.64747281	57.32606306
75.64447787	57.32379348
75.63382986	57.31572436
75.63608762	57.3174353
75.6267666	57.31037178
75.67407659	57.34622355
75.66904918	57.34241375
75.65551065	57.33215418
75.61928741	57.30470401
75.64813673	57.32656618
75.65652324	57.33292152
75.67208663	57.34471554
75.66841539	57.34193346
75.65227867	57.32970497
75.64893442	57.32717067
75.65367578	57.3307637
75.64725566	57.3258985
75.67056948	57.34356584
75.70312756	57.36823853
75.66853041	57.34202062
75.62676548	57.31037093
75.6714473	57.34423106
75.65709734	57.33335658
75.6755937	57.34737322
75.66580831	57.3399578
75.69433224	57.36157339
75.67522603	57.34709459
75.68257879	57.35266656
75.67537266	57.34720571
75.64709319	57.32577538
75.67317845	57.34554293
75.69755158	57.36401302
75.68568384	57.35501958
75.65867634	57.33455315
75.65486203	57.33166265
75.67626008	57.34787821
75.64038271	57.32069014
75.68274448	57.35279212
75.68392721	57.3536884
75.69834339	57.36461306
75.67544247	57.34725862
75.67944706	57.35029332
75.66787018	57.34152029
75.67301952	57.34542249
75.69365212	57.36105799
75.71641389	57.37830698
75.69463428	57.36180227
75.69060394	57.35874806
75.67438574	57.34645782
75.67846065	57.34954581
75.70317249	57.36827257
75.69979719	57.36571476
75.68893335	57.35748208
75.70138021	57.36691438
75.68490759	57.35443133
75.68091496	57.3514057
75.7138953	57.37639838
75.71587178	57.37789617
75.69803104	57.36437636
75.70351077	57.36852892
75.72391317	57.38398998
75.71509571	57.37730805
75.70285247	57.36803006
75.70572084	57.37020373
75.70858956	57.37237766
75.71605757	57.37803696
75.72751389	57.38671862
75.73046543	57.38895531
75.7014924	57.36699939
75.70483	57.36952864
75.74053675	57.39658741
75.72227206	57.38274633
75.73133179	57.38961184
75.74034133	57.39643932
75.7248618	57.38470885
75.70896268	57.37266041
75.71457452	57.37691309
75.72511607	57.38490154
75.71829338	57.37973126
75.7362315	57.39332487
75.73821772	57.39483004
75.74684791	57.40137005
75.74382379	57.39907835
75.72015441	57.38114157
75.73150105	57.38974011
75.73153632	57.38976684
75.74801579	57.40225507
75.74136112	57.39721213
75.72998916	57.38859439
75.73300626	57.39088076
75.72731711	57.3865695
75.75572664	57.40809839
75.74526351	57.40016938
75.73759607	57.39435895
75.74095328	57.39690306
75.75469297	57.40731507
75.74884776	57.40288554
75.76196039	57.41282236
75.75836753	57.41009968
75.74314994	57.3985677
75.76075881	57.4119118
75.75943177	57.41090616
75.76103699	57.41212261
75.76733787	57.41689745
75.74191889	57.3976348
75.76162414	57.41256755
75.7718116	57.42028766
75.76498843	57.41511702
75.76281007	57.41346625
75.75516371	57.4076718
75.7688381	57.41803433
75.77372324	57.42173631
75.76535141	57.4153921
75.76933662	57.41841211
75.77898205	57.42572147
75.77821092	57.4251371
75.78319644	57.42891516
75.77783473	57.42485203
75.7783001	57.42520468
75.79983373	57.44152298
75.78594256	57.43099618
75.79381158	57.43695937
75.79495381	57.43782495
75.798188	57.44027584
75.78635131	57.43130594
75.79541028	57.43817087
75.81596901	57.45375039
75.81688353	57.45444342
75.79234832	57.4358505
75.78576534	57.43086188
75.82501093	57.4606024
75.8073662	57.44723113
75.80489592	57.44535914
75.80550111	57.44581775
75.80767831	57.44746765
75.78935266	57.43358037
75.79000274	57.43407301
75.80087169	57.44230955
75.81502683	57.4530364
75.81301893	57.4515148
75.81168434	57.45050344
75.80717852	57.4470889
75.80213753	57.44326881
75.79157589	57.43526515
75.79979693	57.44149509
75.82481077	57.46045072
75.83516039	57.46829372
75.82216971	57.45844931
75.80512171	57.44553025
75.81020461	57.44938209
75.81658773	57.45421926
75.82484729	57.4604784
75.84800963	57.47803094
75.83194033	57.46585354
75.8141445	57.45236776
75.82719098	57.46225446
75.82610222	57.46142939
75.82986536	57.46428112
75.8339358	57.46736572
75.82707023	57.46216295
75.82583721	57.46122856
75.8188567	57.4559387
75.81930067	57.45627513
75.82042659	57.45712836
75.83872329	57.4709937
75.84632583	57.47675495
75.83231939	57.46614079
75.85029545	57.47976315
75.83859871	57.4708993
75.84617049	57.47663723
75.82442298	57.46015685
75.84736392	57.47754162
75.8520582	57.48109897
75.85516575	57.48345389
75.84673285	57.47706339
75.87304829	57.49700537
75.83377129	57.46724105
75.85564858	57.48381978
75.83878503	57.47104049
75.86885612	57.49382853
75.86507892	57.49096614
75.85802919	57.48562382
75.85830317	57.48583144
75.85677032	57.48466984
75.8683706	57.49346059
75.86021065	57.48727694
75.84415758	57.47511183
75.86562498	57.49137995
75.86633731	57.49191975
75.84893308	57.47873074
75.88037054	57.50255421
75.87677006	57.49982575
75.86602665	57.49168433
75.85458786	57.48301596
75.87234201	57.49647015
75.88063391	57.5027538
75.85554036	57.48373777
75.90059046	57.51787698
75.85434431	57.48283139
75.84745881	57.47761353
75.88153977	57.50344026
75.86434671	57.49041127
75.89137428	57.51089291
75.91130378	57.52599559
75.87749943	57.50037847
75.8595116	57.4867472
75.90683436	57.52260864
75.8712302	57.49562761
75.86066027	57.48761766
75.86771181	57.49296136
75.90703563	57.52276116
75.90339988	57.52000598
75.87612867	57.4993397
75.90377399	57.52028948
75.85751111	57.48523121
75.87112388	57.49554705
75.90726823	57.52293743
75.90395113	57.52042372
75.89450491	57.51326532
75.92397815	57.53560029
75.89628366	57.51461326
75.88231031	57.50402418
75.9084778	57.52385404
75.90811289	57.52357752
75.8984776	57.51627584
75.92920755	57.53956316
75.93133691	57.5411768
75.890799	57.51045696
75.86520748	57.49106356
75.90827992	57.52370409
75.91253315	57.52692721
75.92181394	57.53396025
75.94137578	57.54878431
75.92426118	57.53581478
75.91113254	57.52586582
75.90603164	57.52200033
75.89000359	57.50985419
75.92773906	57.53845034
75.93565997	57.54445284
75.96033752	57.56315363
75.91140998	57.52607607
75.90675198	57.52254621
75.92242652	57.53442446
75.90946254	57.52460029
75.93007513	57.54022062
75.95270753	57.55737157
75.93561954	57.5444222
75.91726192	57.5305107
75.92943118	57.53973263
75.93059734	57.54061636
75.93146126	57.54127104
75.93871856	57.54677066
75.95318151	57.55773076
75.92207267	57.53415631
75.91787862	57.53097804
75.93908	57.54704456
75.94428756	57.55099088
75.94610719	57.5523698
75.94480707	57.55138456
75.94480781	57.55138513
75.94156701	57.54892923
75.94814557	57.5539145
75.94118514	57.54863984
75.94019705	57.54789106
75.96285628	57.56506235
75.94405773	57.55081671
75.94693307	57.55299566
75.95547955	57.55947223
75.96965269	57.57021271
75.95248709	57.55720453
75.9447782	57.55136268
75.96348704	57.56554035
75.9238774	57.53552395
75.94386032	57.55066711
75.95877013	57.56196584
75.99274054	57.58770881
75.95998786	57.56288865
75.96696271	57.56817423
75.96956306	57.57014479
75.93909396	57.54705514
75.97009193	57.57054557
75.9912492	57.58657866
75.965737	57.56724538
75.95532896	57.55935811
75.9588662	57.56203865
75.98626031	57.58279805
75.97907275	57.57735128
76.00636326	57.59803218
75.98298571	57.58031654
75.96566656	57.567192
75.97970512	57.57783049
76.01522833	57.60475018
75.98333232	57.5805792
76.00616085	57.59787879
76.00061467	57.59367587
75.96817302	57.56909141
75.96470923	57.56646653
76.00753469	57.59891989
75.97558545	57.57470858
76.00472479	57.59679054
75.99088658	57.58630387
75.9808295	57.57868255
75.99590994	57.5901106
75.9961448	57.59028857
76.01751513	57.60648312
75.9883326	57.58436845
75.99969339	57.59297771
75.9963222	57.59042301
75.9850178	57.58185647
75.99723671	57.59111603
76.01542035	57.60489569
75.99120251	57.58654328
75.99073407	57.58618829
76.01315795	57.60318123
76.00346444	57.59583543
76.0178153	57.60671059
76.01699578	57.60608956
76.00086671	57.59386686
76.00496741	57.5969744
76.01511383	57.6046634
76.01896542	57.60758216
76.0043668	57.59651925
76.03809899	57.62208168
76.03494834	57.6196941
76.00774185	57.59907688
75.99946715	57.59280627
76.02989322	57.61586331
76.02388953	57.61131368
76.01652407	57.60573209
76.02898877	57.61517791
76.02549027	57.61252673
76.01492069	57.60451704
76.01754756	57.6065077
76.02571213	57.61269485
76.02827045	57.61463356
76.06176819	57.64001833
76.05129816	57.63208409
76.01933328	57.60786093
76.04306496	57.62584492
76.051039	57.63188769
76.02726356	57.61387053
76.0254484	57.612495
76.06211553	57.64028155
76.04498283	57.6272983
76.03190442	57.6173874
76.028808	57.61504092
76.0417094	57.62481767
76.037753	57.62181949
76.05112402	57.63195212
76.04424942	57.62674251
76.03298564	57.61820676
76.05542723	57.63521312
76.04199753	57.62503602
76.03410746	57.61905688
76.04545549	57.62765648
76.07635112	57.65106936
76.0580577	57.6372065
76.06289481	57.64087209
76.06665782	57.64372372
76.0439261	57.6264975
76.05271272	57.63315605
76.07226101	57.64796984
76.06805218	57.64478037
76.05553363	57.63529375
76.07222301	57.64794105
76.08313255	57.65620835
76.06078274	57.63927155
76.05906437	57.63796936
76.09113961	57.66227615
76.07407252	57.64934262
76.08567117	57.65813214
76.09813496	57.66757727
76.05595171	57.63561057
76.05638924	57.63594214
76.08338328	57.65639836
76.09463871	57.66492779
76.11665208	57.68160964
76.08975429	57.66122635
76.07537722	57.65033133
76.05099687	57.63185577
76.10551494	57.67316986
76.0969996	57.66671688
76.09562382	57.66567431
76.09693241	57.66666597
76.11219006	57.67822829
76.06889873	57.6454219
76.07458858	57.6497337
76.09573749	57.66576045
76.10505105	57.67281832
76.08888641	57.66056866
76.10230951	57.67074077
76.08928003	57.66086695
76.10874567	57.67561812
76.10126346	57.66994806
76.10457387	57.6724567
76.11073896	57.67712864
76.12067589	57.68465891
76.0877254	57.65968884
76.1050072	57.67278509
76.11086267	57.67722239
76.12487114	57.68783809
76.11894445	57.68334681
76.11216183	57.6782069
76.10726094	57.67449299
76.0920725	57.6629831
76.10543318	57.6731079
76.13579662	57.69611748
76.14767437	57.7051185
76.12512985	57.68803414
76.12585209	57.68858146
76.10632409	57.67378303
76.11285104	57.67872919
76.12704907	57.68948853
76.13372398	57.69454682
76.12329506	57.68664372
76.12006655	57.68419714
76.13237444	57.69352413
76.10690374	57.6742223
76.14185262	57.70070675
76.14769113	57.7051312
76.14332066	57.70181923
76.12418457	57.6873178
76.15289228	57.70907266
76.13959812	57.69899827
76.12532907	57.68818511
76.14269361	57.70134405
76.14334267	57.70183591
76.14876609	57.70594581
76.14079512	57.69990536
76.14484011	57.70297068
76.16458611	57.7179343
76.16109117	57.71528582
76.15072054	57.7074269
76.14079988	57.69990897
76.13961164	57.69900852
76.14920665	57.70627967
76.17259375	57.72400254
76.17603767	57.72661236
76.16722469	57.71993383
76.14696693	57.70458239
76.15070544	57.70741546
76.15707174	57.71223987
76.17599297	57.72657849
76.1837187	57.73243308
76.15774603	57.71275086
76.16798783	57.72051215
76.16408351	57.71755343
76.14497095	57.70306983
76.17107849	57.72285427
76.20473656	57.74836054
76.1689644	57.7212522
76.16034638	57.71472141
76.17176163	57.72337195
76.18187116	57.73103301
76.1642371	57.71766983
76.16121217	57.71537752
76.17652357	57.72698058
76.20360656	57.74750421
76.19099294	57.73794555
76.16182515	57.71584203
76.15198567	57.70838562
76.17570825	57.72636273
76.18557769	57.73384184
76.1943689	57.74050387
76.20354666	57.74745882
76.17671855	57.72712834
76.18472109	57.7331927
76.175672	57.72633525
76.19878491	57.74385034
76.19573884	57.74154201
76.19332871	57.73971561
76.17672028	57.72712964
76.19190719	57.73863837
76.19037266	57.73747549
76.21357643	57.75505943
76.20484484	57.74844258
76.21260489	57.75432319
76.2098768	57.75225584
76.19575525	57.74155445
76.18886109	57.73633002
76.19319329	57.73961298
76.21901587	57.75918148
76.23253403	57.76942561
76.23763162	57.77328859
76.20974646	57.75215706
76.19158104	57.73839121
76.19349129	57.73983881
76.22263041	57.76192059
76.24844783	57.78148517
76.24285818	57.7772493
76.22729842	57.76545803
76.22061841	57.76039589
76.22986894	57.76740598
76.24198463	57.77658732
76.24365621	57.77785405
76.26324319	57.79269717
76.24431392	57.77835247
76.24329073	57.77757709
76.23034743	57.76776859
76.22904732	57.76678336
76.24867864	57.78166008
76.24177329	57.77642716
76.25141422	57.78373312
76.2581384	57.78882874
76.22480186	57.76356612
76.23701095	57.77281824
76.23160394	57.76872078
76.25798947	57.78871587
76.26314691	57.79262421
76.25848244	57.78908945
76.24281638	57.77721762
76.24582514	57.77949768
76.25905859	57.78952606
76.24608228	57.77969254
76.24908436	57.78196754
76.26351813	57.79290552
76.24807382	57.78120174
76.28905548	57.81225787
76.2664656	57.79513913
76.24958467	57.78234668
76.25420413	57.78584733
76.24401785	57.77812811
76.2469975	57.7803861
76.29093045	57.81367873
76.28854224	57.81186893
76.2503774	57.78294741
76.24439532	57.77841416
76.24987941	57.78257003
76.28668514	57.81046161
76.27688941	57.80303836
76.29450045	57.8163841
76.25132162	57.78366294
76.25469826	57.78622178
76.26127849	57.79120831
76.26552038	57.79442284
76.29037498	57.81325779
76.31147227	57.82924543
76.26463421	57.7937513
76.27255608	57.79975453
76.26378479	57.7931076
76.29110119	57.81380812
76.27512683	57.80170266
76.30508139	57.82440239
76.28170149	57.80668497
76.28850001	57.81183693
76.27913812	57.80474244
76.2630088	57.79251955
76.28546553	57.80953739
76.29467938	57.81651969
76.30113707	57.82141336
76.28259207	57.80735986
76.28886834	57.81211605
76.27297409	57.8000713
76.28891441	57.81215096
76.28280587	57.80752187
76.28617125	57.81007218
76.29902651	57.81981397
76.29791816	57.81897405
76.29588303	57.81743182
76.295118	57.81685208
76.27783717	57.80375657
76.29180893	57.81434445
76.32538633	57.83978958
76.321549	57.83688163
76.32234075	57.83748163
76.28810325	57.81153626
76.28348855	57.80803922
76.28954649	57.81262996
76.29283273	57.81512028
76.32369616	57.83850876
76.31358742	57.8308483
76.31506458	57.8319677
76.31224066	57.82982772
76.29654745	57.81793532
76.29924661	57.81998076
76.31938222	57.83523964
76.31026397	57.82832977
76.30988075	57.82803937
76.31843008	57.8345181
76.32099229	57.83645975
76.32724487	57.84119799
76.33737287	57.84887305
76.33223227	57.84497747
76.33483743	57.84695168
76.29647374	57.81787946
76.32110342	57.83654397
76.32583758	57.84013154
76.33891092	57.85003859
76.37717088	57.87903219
76.35689114	57.86366409
76.31000163	57.82813097
76.30903937	57.82740177
76.34423433	57.8540727
76.31056639	57.82855895
76.36759523	57.87177571
76.38821447	57.88740108
76.34050005	57.85124284
76.31571351	57.83245947
76.33610316	57.84791085
76.3390131	57.85011602
76.35617147	57.86311873
76.36542384	57.87013022
76.36377451	57.86888035
76.33097077	57.8440215
76.36786342	57.87197895
76.36491236	57.86974262
76.31972726	57.83550111
76.38527713	57.88517515
76.36273503	57.86809263
76.3431999	57.8532888
76.37617306	57.87827604
76.35103639	57.85922733
76.3427096	57.85291725
76.35287866	57.86062342
76.39175076	57.8900809
76.36946894	57.87319562
76.36400773	57.86905708
76.37745065	57.8792442
76.35418174	57.8616109
76.34509557	57.85472535
76.37077323	57.87418401
76.39131171	57.88974819
76.37212584	57.87520903
76.37932698	57.88066609
76.37645333	57.87848843
76.34481559	57.85451317
76.37741885	57.8792201
76.39839417	57.89511531
76.37756304	57.87932937
76.38727437	57.88668867
76.40433837	57.89961986
76.373322	57.87611549
76.3746542	57.87712504
76.40305855	57.89865001
76.38616278	57.8858463
76.38873987	57.88779923
76.38874522	57.88780329
76.39439694	57.89208619
76.38397303	57.8841869
76.3850984	57.88503971
76.41511815	57.90778883
76.38284576	57.88333264
76.38881815	57.88785856
76.42608042	57.9160961
76.39503368	57.89256872
76.37091684	57.87429285
76.42790455	57.91747844
76.3954048	57.89284995
76.38311669	57.88353796
76.41317744	57.90631816
76.40827187	57.90260069
76.37934013	57.88067606
76.39802179	57.89483312
76.40836208	57.90266905
76.40772101	57.90218325
76.42102239	57.9122631
76.42212017	57.913095
76.40634352	57.90113937
76.36439539	57.86935085
76.42280669	57.91361525
76.43359921	57.92179388
76.42858902	57.91799714
76.42360873	57.91422305
76.4010068	57.89709518
76.39448667	57.89215419
76.40401335	57.89937356
76.41407761	57.90700031
76.41333512	57.90643765
76.42174949	57.9128141
76.44510622	57.93051396
76.43154376	57.92023625
76.41553721	57.90810641
76.42269851	57.91353327
76.41715864	57.90933513
76.39863178	57.89529538
76.45726885	57.93973087
76.46003238	57.94182509
76.43126138	57.92002226
76.42867633	57.9180633
76.43170483	57.92035831
76.41811111	57.91005692
76.45223042	57.93591272
76.44526831	57.93063679
76.41116602	57.90479389
76.4513582	57.93525174
76.46656895	57.94677853
76.43514541	57.92296561
76.44891372	57.9333993
76.44944403	57.93380118
76.46264307	57.94380348
76.44512288	57.93052658
76.43664974	57.9241056
76.46393469	57.94478227
76.45652307	57.93916571
76.43212453	57.92067637
76.47607294	57.95398071
76.46451724	57.94522373
76.45448084	57.9376181
76.47952882	57.95659959
76.46186095	57.94321078
76.45976045	57.94161902
76.46263005	57.94379361
76.48346257	57.95958061
76.49784477	57.97047952
76.46801586	57.94787501
76.45515022	57.93812535
76.4581401	57.94039111
76.46971658	57.94916382
76.46898081	57.94860625
76.48097845	57.95769813
76.48356029	57.95965466
76.46976674	57.94920184
76.44632243	57.93143561
76.47123022	57.95031087
76.49396308	57.96753795
76.49666873	57.9695883
76.4711552	57.95025402
76.47616437	57.95404999
76.48138417	57.95800559
76.47630138	57.95415382
76.48969444	57.96430315
76.48786371	57.96291582
76.47825598	57.95563502
76.50790065	57.97809992
76.5089106	57.97886526
76.49044282	57.96487028
76.49707221	57.96989407
76.51044169	57.98002553
76.51112309	57.9805419
76.48917461	57.96390922
76.49943591	57.97168529
76.49891229	57.97128849
76.49450865	57.96795138
76.5160735	57.98429334
76.51797638	57.98573536
76.49782021	57.97046091
76.49382919	57.96743649
76.50797859	57.97815898
76.49949747	57.97173194
76.51249784	57.98158369
76.54209364	58.00401155
76.51459258	57.9831711
76.52088786	57.9879417
76.52942181	57.99440877
76.48261359	57.95893724
76.49397791	57.96754919
76.52418946	57.99044366
76.52969952	57.99461922
76.53188611	57.99627623
76.51979433	57.98711301
76.50594702	57.97661945
76.50464133	57.97562999
76.48968937	57.96429931
76.50812854	57.97827261
76.52050263	57.98764977
76.54412646	58.00555203
76.52631997	57.99205817
76.51552314	57.98387628
76.51422623	57.98289348
76.52258338	57.98922657
76.5216821	57.98854357
76.52979095	57.99468851
76.56272983	58.01964976
76.5335944	57.99757078
76.54290801	58.00462869
76.5341162	57.9979662
76.53799036	58.00090206
76.54380929	58.00531168
76.51895948	57.98648036
76.54334327	58.00495852
76.57084985	58.02580316
76.56641753	58.02244432
76.56331222	58.0200911
76.55777682	58.01589635
76.51492355	57.98342191
76.51695145	57.98495866
76.55874911	58.01663315
76.58597763	58.03726708
76.56812056	58.02373489
76.55795609	58.0160322
76.53564382	57.99912384
76.54918764	58.00938742
76.54510326	58.00629225
76.57845214	58.03156421
76.59034942	58.04058004
76.56287321	58.01975842
76.54621673	58.00713605
76.55448194	58.01339947
76.54433469	58.00570983
76.57544552	58.02928578
76.56565471	58.02186625
76.56300172	58.01985581
76.5642157	58.02077576
76.57200701	58.02668006
76.54339394	58.00499692
76.54127116	58.00338827
76.57047731	58.02552085
76.57910886	58.03206188
76.58881607	58.03941806
76.58294303	58.03496744
76.57842493	58.0315436
76.55938492	58.01711498
76.57598699	58.02969612
76.57565367	58.02944352
76.58645502	58.03762884
76.60079351	58.04849463
76.58290362	58.03493757
76.57189646	58.02659629
76.57208391	58.02673834
76.57397829	58.02817391
76.59692252	58.04556117
76.5877645	58.03862117
76.57565861	58.02944726
76.59713482	58.04572205
76.58339308	58.03530849
76.57285292	58.0273211
76.59090281	58.0409994
76.61389098	58.05841996
76.59106184	58.04111992
76.60056131	58.04831867
76.60702148	58.05321422
76.58232915	58.03450224
76.61049174	58.055844
76.61799817	58.06153241
76.59644892	58.04520228
76.59581323	58.04472054
76.5914421	58.04140808
76.61879506	58.0621363
76.60373529	58.05072392
76.63271722	58.07268659
76.61749321	58.06114975
76.60152964	58.04905247
76.60451468	58.05131455
76.62115536	58.06392495
76.62367911	58.06583746
76.61217795	58.05712181
76.6411393	58.07906888
76.62512996	58.06693692
76.61142577	58.05655181
76.61056848	58.05590215
76.60471632	58.05146736
76.61365724	58.05824283
76.63790341	58.07661671
76.65982493	58.09322895
76.63152039	58.07177962
76.60009175	58.04796283
76.59858636	58.04682204
76.61110296	58.05630719
76.63600956	58.07518154
76.63778532	58.07652722
76.65014962	58.08589695
76.6215533	58.06422651
76.63435139	58.07392497
76.63213946	58.07224876
76.62540659	58.06714655
76.6422865	58.07993824
76.66953404	58.10058657
76.64437657	58.0815221
76.62909073	58.06993841
76.62795185	58.06907536
76.65255193	58.08771744
76.64088246	58.07887425
76.64713087	58.08360933
76.64387662	58.08114324
76.66268787	58.09539851
76.65348855	58.08842722
76.64866931	58.08477517
76.65998403	58.09334953
76.64583982	58.08263096
76.68762511	58.11429608
76.65506587	58.08962252
76.65701171	58.09109708
76.64436067	58.08151005
76.64396643	58.0812113
76.64782573	58.08413589
76.68146437	58.10962744
76.69321187	58.11852976
76.66258094	58.09531748
76.66305866	58.09567949
76.66718821	58.09880889
76.66531329	58.09738806
76.6457361	58.08255237
76.66826126	58.09962205
76.675706	58.10526372
76.68336554	58.11106816
76.68199315	58.11002815
76.68685127	58.11370966
76.65500288	58.08957478
76.65849408	58.09222043
76.68570226	58.11283894
76.67911903	58.10785013
76.69893294	58.12286522
76.67954256	58.10817108
76.67460631	58.10443036
76.67314924	58.10332619
76.68913685	58.11544169
76.67379126	58.10381271
76.69622147	58.12081045
76.68832568	58.11482697
76.70916476	58.13061895
76.68004737	58.10855363
76.70110075	58.12450799
76.67772845	58.10679634
76.69175941	58.11742907
76.72011387	58.13891624
76.72318634	58.14124457
76.70825739	58.12993134
76.68710045	58.1138985
76.70769796	58.1295074
76.71357525	58.13396124
76.70150299	58.12481281
76.72804074	58.14492327
76.71402629	58.13430304
76.69460407	58.11958477
76.72178894	58.14018561
76.69141045	58.11716463
76.69313764	58.1184735
76.70834305	58.12999625
76.70723917	58.12915972
76.72686279	58.14403061
76.73023102	58.14658307
76.70980668	58.1311054
76.72320709	58.1412603
76.69831349	58.12239579
76.71398992	58.13427548
76.71048081	58.13161626
76.73339878	58.14898361
76.73270449	58.14845748
76.70911563	58.13058172
76.70670768	58.12875696
76.72785777	58.14478461
76.7231431	58.14121181
76.72362379	58.14157608
76.72864582	58.14538179
76.74236287	58.15577665
76.74678471	58.15912754
76.72143022	58.13991377
76.72064219	58.13931661
76.73207089	58.14797733
76.77379532	58.17959633
76.72868588	58.14541216
76.73450771	58.14982397
76.73306348	58.14872953
76.74196639	58.15547619
76.74880411	58.16065786
76.75725132	58.1670592
76.74285528	58.1561498
76.75719828	58.167019
76.73579318	58.15079811
76.77518145	58.18064675
76.76110332	58.16997827
76.74862616	58.16052301
76.75168367	58.16284
76.76734719	58.17470991
76.73953481	58.15363354
76.72778201	58.1447272
76.75110168	58.16239897
76.75914936	58.16849754
76.75604896	58.16614804
76.75673328	58.16666662
76.77813152	58.18288233
76.7653479	58.17319483
76.75897253	58.16836354
76.74535411	58.15804343
76.7610312	58.16992361
76.78056696	58.18472792
76.79336241	58.19442438
76.76363874	58.17189962
76.75028938	58.16178341
76.75552738	58.16575279
76.76607794	58.17374806
76.78656525	58.18927346
76.80862162	58.20598789
76.78743818	58.18993496
76.76186297	58.17055393
76.77135171	58.17774455
76.76446955	58.17252921
76.76225585	58.17085166
76.79106217	58.19268124
76.78820425	58.1905155
76.79133253	58.19288612
76.78526332	58.18828685
76.78554343	58.18849912
76.7715623	58.17790414
76.77333705	58.17924905
76.78912185	58.19121086
76.81090632	58.20771925
76.79065227	58.19237062
76.76582093	58.1735533
76.78307315	58.18662712
76.78834642	58.19062324
76.79285305	58.19403838
76.81519964	58.21097275
76.79484384	58.19554702
76.7845764	58.1877663
76.7989125	58.19863026
76.79937314	58.19897934
76.80234426	58.20123087
76.80118696	58.20035386
76.83018072	58.22232549
76.80944697	58.20661334
76.80738119	58.20504789
76.80614167	58.20410857
76.81451532	58.21045417
76.79950642	58.19908034
76.80040866	58.19976407
76.81871592	58.21363741
76.79370178	58.19468156
76.81654352	58.21199115
76.8107584	58.20760716
76.82455596	58.21806302
76.81310236	58.20938342
76.82923326	58.22160751
76.80019901	58.19960519
76.81014561	58.20714278
76.8111675	58.20791718
76.83461343	58.22568463
76.82671265	58.21969737
76.83274383	58.22426783
76.81946002	58.21420129
76.83437968	58.22550748
76.84894536	58.23654544
76.83127334	58.22315348
76.82495615	58.21836629
76.83246678	58.22405788
76.82806467	58.22072194
76.83294049	58.22441686
76.85528832	58.24135217
76.86062397	58.24539555
76.83144969	58.22328713
76.82713416	58.22001679
76.85257674	58.23929732
76.83777496	58.22808045
76.84195192	58.23124577
76.8501676	58.23747166
76.86055266	58.24534152
76.81543718	58.21115276
76.84916854	58.23671456
76.84163239	58.23100363
76.85464833	58.24086718
76.87450518	58.25591481
76.85976389	58.24474378
76.85693058	58.24259668
76.84592952	58.23426002
76.8492229	58.23675576
76.84838149	58.23611814
76.87392363	58.25547411
76.8751909	58.25643445
76.852559	58.23928388
76.86360264	58.24765281
76.86414139	58.24806107
76.87254384	58.25442849
76.87494477	58.25624793
76.85965857	58.24466396
76.8683879	58.2512791
76.87541344	58.25660309
76.86411646	58.24804218
76.89168276	58.26893207
76.85975896	58.24474004
76.87046177	58.25285069
76.87622748	58.25721998
76.88596784	58.26460127
76.9011451	58.27610268
76.86345437	58.24754044
76.86703303	58.25025237
76.87717936	58.25794131
76.89473006	58.27124133
76.91569252	58.28712679
76.897433	58.27328963
76.90129653	58.27621744
76.87700382	58.25780829
76.86317085	58.24732559
76.88727032	58.2655883
76.91476938	58.28642724
76.91634074	58.28761802
76.90332746	58.27775649
76.87837752	58.25884929
76.89401402	58.27069871
76.88920661	58.26705563
76.90410418	58.27834509
76.91432428	58.28608993
76.9019018	58.27667611
76.8803137	58.26031654
76.90622447	58.27995185
76.91636074	58.28763318
76.91962929	58.2901101
76.91616303	58.28748335
76.89155086	58.26883211
76.90164926	58.27648473
76.92170958	58.29168656
76.93517614	58.30189159
76.9162985	58.28758601
76.91788122	58.2887854
76.91254813	58.28474396
76.92210503	58.29198623
76.90936667	58.28233303
76.9252368	58.29435951
76.92658291	58.29537959
76.92593511	58.29488869
76.93026215	58.29816774
76.91196763	58.28430406
76.90967311	58.28256525
76.92182223	58.29177192
76.94559916	58.30979021
76.9389584	58.3047578
76.93100101	58.29872765
76.93363772	58.30072576
76.9309031	58.29865345
76.93881643	58.30465022
76.9427311	58.30761678
76.94422301	58.30874735
76.94329128	58.30804128
76.93756958	58.30370535
76.95042963	58.31345076
76.95740992	58.31874047
76.96830966	58.32700035
76.95241884	58.3149582
76.93289835	58.30016547
76.9348288	58.30162837
76.94175635	58.3068781
76.95749182	58.31880253
76.96815265	58.32688136
76.96875034	58.3273343
76.95349231	58.31577168
76.96364417	58.32346482
76.95291029	58.31533063
76.95495674	58.31688143
76.9696379	58.3280069
76.96717184	58.3261381
76.97499292	58.33206496
76.95464853	58.31664787
76.97521865	58.33223602
76.96801444	58.32677663
76.99029768	58.34366299
76.96982397	58.3281479
76.97266736	58.33030264
76.96649956	58.32562865
76.97747102	58.33394288
76.97611462	58.33291499
76.98740607	58.34147171
76.9643582	58.32400591
76.98702595	58.34118366
77.00607166	58.35561659
76.97184624	58.32968039
76.97732199	58.33382994
76.99570535	58.34776095
76.98143503	58.33694683
76.9833101	58.33836776
76.98603754	58.34043463
76.99043912	58.34377017
77.01584405	58.36302217
76.97933255	58.33535355
76.99262131	58.34542385
76.98982389	58.34330395
77.00323324	58.35346563
77.00582867	58.35543246
76.98756813	58.34159452
76.98177778	58.33720656
77.00504456	58.35483826
77.01242159	58.36042861
77.0187844	58.36525038
77.00653194	58.3559654
77.0113108	58.35958685
76.98055785	58.33628209
77.0021352	58.35263352
77.00687061	58.35622205
77.0136189	58.36133593
77.02334992	58.36871016
77.0234015	58.36874924
76.99311672	58.34579927
77.00539851	58.35510648
76.98131937	58.33685918
76.99492841	58.34717218
77.04493812	58.38506981
77.04643036	58.38620064
77.0159101	58.36307222
76.99110357	58.34427369
77.012071	58.36016293
77.00512676	58.35490055
77.03010734	58.37383096
77.06612248	58.40112343
77.05494481	58.39265293
77.01886729	58.3653132
77.02702663	58.37149639
77.01124569	58.3595375
77.00327685	58.35349867
77.03798724	58.3798024
77.03004479	58.37378356
77.01997041	58.36614914
77.02302138	58.36846119
77.03247923	58.3756284
77.00456685	58.35447624
77.0307703	58.37433336
77.04801504	58.38740152
77.05738426	58.39450156
77.03941148	58.38088169
77.01642022	58.36345879
77.02351271	58.36883351
77.03203139	58.37528902
77.0559902	58.39344513
77.0525266	58.3908204
77.04006914	58.38138007
77.04321947	58.38376741
77.03910843	58.38065204
77.05096507	58.38963706
77.05936219	58.39600045
77.0558771	58.39335943
77.03186223	58.37516083
77.02456323	58.36962961
77.05167433	58.39017455
77.07047082	58.40441863
77.05074815	58.38947268
77.07863568	58.410606
77.061977	58.39798196
77.05715369	58.39432683
77.070904	58.40474689
77.06822436	58.40271625
77.08527505	58.41563735
77.03826017	58.38000922
77.07804922	58.41016158
77.08028351	58.41185474
77.09548593	58.42337521
77.08885609	58.41835108
77.10819114	58.43300329
77.06380735	58.39936901
77.07331103	58.40657095
77.08576183	58.41600624
77.06685174	58.40167607
77.07423174	58.40726867
77.09151775	58.4203681
77.09615711	58.42388384
77.07212478	58.40567201
77.11752022	58.44007292
77.07413257	58.40719352
77.07885183	58.4107698
77.08064177	58.41212623
77.09076449	58.41979728
77.06613369	58.40113193
77.08430509	58.41490231
77.08495174	58.41539234
77.08202247	58.41317253
77.09138856	58.4202702
77.10395251	58.42979123
77.09381018	58.42210532
77.06876183	58.40312355
77.09044024	58.41955156
77.0947938	58.42285072
77.12122987	58.44288411
77.10497645	58.43056718
77.11310342	58.43672584
77.0939921	58.42224318
77.09514526	58.42311705
77.11753842	58.44008671
77.09058431	58.41966074
77.11505143	58.43820205
77.11773668	58.44023695
77.11185124	58.43577693
77.1010316	58.42757775
77.1017366	58.428112
77.11805478	58.44047801
77.12474313	58.44554648
77.123585	58.44466884
77.11751152	58.44006632
77.13082257	58.45015351
77.11756193	58.44010452
77.11956414	58.44162181
77.1175074	58.4400632
77.13635771	58.45434806
77.12885426	58.44866191
77.12628234	58.44671289
77.1075576	58.43252319
77.12347462	58.4445852
77.12812132	58.44810649
77.1321185	58.45113557
77.1444395	58.46047249
77.13618709	58.45421877
77.12571174	58.44628049
77.13089126	58.45020557
77.11909132	58.44126351
77.11945413	58.44153844
77.13377062	58.45238756
77.14011537	58.45719564
77.14005855	58.45715259
77.13611367	58.45416313
77.1391079	58.45643218
77.12267476	58.44397905
77.1273095	58.44749128
77.12083306	58.4425834
77.14966725	58.46443411
77.13751691	58.45522652
77.14171592	58.45840855
77.15885951	58.47140006
77.14934019	58.46418626
77.13630354	58.45430702
77.13800309	58.45559495
77.14405078	58.46017792
77.13154472	58.45070076
77.14234671	58.45888656
77.15488966	58.46839168
77.14438581	58.4604318
77.14686726	58.46231226
77.13003233	58.44955466
77.15281403	58.46681876
77.1305639	58.44995749
77.14868	58.46368596
77.14899285	58.46392304
77.15119353	58.46559073
77.15386496	58.46761516
77.15153341	58.46584829
77.16312604	58.47463326
77.15515602	58.46859353
77.15064275	58.46517335
77.16602065	58.4768268
77.17199561	58.48135466
77.16225512	58.47397327
77.17756964	58.48557869
77.18585374	58.49185643
77.17073996	58.48040312
77.16332646	58.47478513
77.17571683	58.48417462
77.17530219	58.4838604
77.17480823	58.48348608
77.18195951	58.48890536
77.20810299	58.50871703
77.18853812	58.49389066
77.19807935	58.50112106
77.16612685	58.47690728
77.19904311	58.5018514
77.18692407	58.49266752
77.20046173	58.50292644
77.17631973	58.4846315
77.19539358	58.49908577
77.20081728	58.50319588
77.19928523	58.50203488
77.19428731	58.49824743
77.20756606	58.50831014
77.18932754	58.49448889
77.19002627	58.49501839
77.18369394	58.49021972
77.17876405	58.48648382
77.18791804	58.49342077
77.21253205	58.51207339
77.22944664	58.52489136
77.20012424	58.50267069
77.18929661	58.49446545
77.18784339	58.49336419
77.18541998	58.49152772
77.19842136	58.50138023
77.21170573	58.5114472
77.20901531	58.50940839
77.20738667	58.5081742
77.1906211	58.49546916
77.19927089	58.50202402
77.21365635	58.5129254
77.21445791	58.51353282
77.21541635	58.51425913
77.23443912	58.52867469
77.21907184	58.51702928
77.22182914	58.51911878
77.18605343	58.49200775
77.19841239	58.50137344
77.22585924	58.52217281
77.2464622	58.53778585
77.25462707	58.54397323
77.22603808	58.52230833
77.21426421	58.51338604
77.20777055	58.5084651
77.2032645	58.50505039
77.23412963	58.52844015
77.24572778	58.5372293
77.25658111	58.54545401
77.25076977	58.54105015
77.23021928	58.52547687
77.20377244	58.50543531
77.22659487	58.52273027
77.25196522	58.54195606
77.24063944	58.53337333
77.24401201	58.53592908
77.27406158	58.5587008
77.26797559	58.55408881
77.24533436	58.53693116
77.21977172	58.51755965
77.20331669	58.50508995
77.24828834	58.53916971
77.28561601	58.56745681
77.26786207	58.55400278
77.24515052	58.53679185
77.25379218	58.54334055
77.24529161	58.53689876
77.24688016	58.53810258
77.26336599	58.55059563
77.26104718	58.54883842
77.26852471	58.55450493
77.25169559	58.54175174
77.26147109	58.54915966
77.26527111	58.55203934
77.25602714	58.5450342
77.27652824	58.56057005
77.27012319	58.55571627
77.27169061	58.55690407
77.27190525	58.55706672
77.26529994	58.55206118
77.25945339	58.54763064
77.28364218	58.56596103
77.27700554	58.56093175
77.27981787	58.56306295
77.26772378	58.55389799
77.27986031	58.56309511
77.2679643	58.55408025
77.25642884	58.54533862
77.27490748	58.55934183
77.27721134	58.56108771
77.27008934	58.55569062
77.26060502	58.54850335
77.27361978	58.558366
77.2662721	58.55279789
77.2950655	58.57461769
77.28009771	58.56327502
77.27294898	58.55785767
77.25800697	58.54653453
77.29197697	58.57227718
77.29420174	58.57396312
77.29328374	58.57326746
77.27618571	58.56031048
77.29114781	58.57164884
77.28500023	58.56699017
77.28166912	58.56446584
77.28941662	58.57033693
77.28052211	58.56359663
77.30524961	58.58233526
77.33534539	58.60514201
77.28856558	58.56969201
77.27367895	58.55841085
77.28763674	58.56898813
77.30722899	58.58383524
77.29592642	58.5752701
77.32096361	58.59424342
77.31446241	58.58931677
77.289842	58.57065929
77.29312052	58.57314377
77.30685137	58.58354908
77.30363656	58.58111288
77.29798554	58.57683051
77.31350309	58.58858979
77.32076009	58.59408918
77.31501879	58.5897384
77.31697054	58.59121745
77.30971029	58.58571559
77.31514566	58.58983454
77.30589305	58.58282287
77.33239746	58.60290805
77.32007183	58.59356762
77.32987769	58.60099855
77.32948914	58.60070411
77.33291774	58.60330232
77.32499746	58.59730029
77.31392181	58.5889071
77.32011761	58.59360231
77.33299436	58.60336038
77.32835727	58.59984637
77.3339829	58.6041095
77.35424432	58.61946372
77.3606492	58.62431737
77.32953782	58.600741
77.30833005	58.58466963
77.33803595	58.60718093
77.35550214	58.6204169
77.34953223	58.61589287
77.369314	58.6308836
77.35510585	58.62011659
77.34219694	58.61033415
77.33702815	58.60641721
77.3383143	58.60739186
77.33674622	58.60620356
77.36089453	58.62450328
77.36364706	58.62658916
77.36669593	58.62889962
77.33681328	58.60625438
77.34613156	58.61331583
77.34090608	58.60935593
77.36455139	58.62727447
77.3736788	58.63419127
77.35999243	58.62381966
77.3702195	58.6315698
77.35174138	58.61756698
77.35010343	58.61632573
77.34807409	58.61478788
77.35905807	58.6231116
77.36612385	58.62846609
77.36910961	58.63072871
77.3566881	58.62131562
77.34463552	58.61218211
77.35538057	58.62032477
77.36697968	58.62911464
77.37049013	58.63177488
77.37253193	58.63332216
77.37097138	58.63213957
77.36498314	58.62760165
77.36807731	58.62994643
77.3640922	58.62692649
77.36479273	58.62745736
77.36582176	58.62823716
77.38828405	58.64525921
77.38881975	58.64566516
77.38089681	58.63966112
77.36610673	58.62845312
77.36901602	58.63065779
77.37013723	58.63150745
77.38524788	58.64295838
77.38346308	58.64160585
77.4149972	58.66550258
77.40363224	58.65689015
77.3880299	58.64506661
77.36329206	58.62632014
77.3592796	58.62327948
77.38010414	58.63906043
77.41933857	58.66879249
77.40767382	58.65995288
77.41023795	58.66189599
77.38575961	58.64334618
77.38766187	58.64478772
77.38177998	58.64033039
77.40198894	58.65564484
77.41830453	58.66800889
77.41708572	58.66708527
77.40051012	58.65452419
77.41121026	58.66263281
77.40018764	58.65427981
77.38371402	58.64179601
77.41190056	58.66315593
77.42723686	58.67477786
77.41427545	58.66495563
77.41262891	58.66370787
77.41794607	58.66773725
77.40857802	58.66063809
77.41173799	58.66303273
77.39076854	58.64714196
77.41861319	58.66824279
77.40630695	58.65891706
77.43366215	58.67964698
77.41788783	58.66769311
77.42933144	58.67636514
77.42750111	58.6749781
77.41404234	58.66477898
77.40781307	58.66005841
77.42751785	58.67499079
77.43017023	58.67700078
77.42263448	58.67129015
77.43032455	58.67711772
77.43984058	58.68432903
77.41762079	58.66749075
77.42127311	58.6702585
77.41826651	58.66798008
77.44511212	58.68832382
77.44816459	58.69063701
77.44070099	58.68498105
77.43947186	58.6840496
77.41601203	58.66627162
77.45103509	58.69281229
77.44103071	58.68523091
77.44507894	58.68829868
77.43406849	58.6799549
77.4647843	58.70323151
77.47719179	58.71263398
77.43455115	58.68032067
77.45750059	58.69771188
77.41170429	58.66300719
77.45110878	58.69286813
77.46942949	58.70675166
77.45129697	58.69301074
77.46227138	58.70132721
77.43020025	58.67702353
77.44770907	58.69029181
77.46571908	58.70393989
77.46937593	58.70671107
77.46094145	58.70031938
77.46819651	58.7058173
77.4950994	58.72620446
77.47460765	58.7106757
77.45100705	58.69279103
77.48146578	58.71587282
77.47900636	58.71400907
77.45595812	58.69654299
77.48333611	58.71729017
77.4895359	58.72198841
77.47899266	58.71399868
77.47573074	58.71152678
77.48221086	58.71643745
77.46011796	58.69969533
77.48732436	58.72031249
77.49314487	58.7247233
77.49146176	58.72344783
77.47265324	58.70919463
77.48635876	58.71958075
77.4678854	58.70558154
77.47633406	58.71198398
77.4717306	58.70849545
77.49166994	58.72360559
77.49875736	58.72897648
77.48354687	58.71744989
77.50203441	58.73145985
77.48570075	58.71908211
77.48863932	58.72130897
77.48906117	58.72162865
77.50965452	58.7372344
77.51868697	58.74407925
77.52134893	58.74609649
77.50084711	58.7305601
77.49362451	58.72508678
77.48272732	58.71682883
77.47742607	58.71281151
77.51125332	58.73844598
77.52113972	58.74593795
77.51416668	58.74065375
77.530343	58.75291225
77.51372773	58.74032111
77.48277176	58.7168625
77.49331321	58.72485087
77.50558413	58.73414984
77.53142231	58.75373016
77.52134926	58.74609674
77.53322396	58.75509546
77.51139362	58.7385523
77.50160905	58.7311375
77.50453215	58.73335264
77.50179721	58.73128009
77.5017451	58.73124061
77.51811831	58.74364831
77.51747435	58.74316031
77.51329271	58.73999144
77.51897737	58.74429931
77.54262556	58.76222004
77.52389897	58.74802893
77.53226361	58.75436769
77.53277539	58.75475552
77.52471257	58.74864548
77.54447469	58.76362131
77.53807845	58.75877421
77.5395361	58.75987883
77.52117786	58.74596685
77.52143302	58.74616022
77.52703231	58.75040339
77.53104188	58.75344186
77.53670507	58.75773346
77.54341558	58.76281872
77.54176164	58.76156535
77.52919359	58.75204122
77.53436586	58.75596079
77.53751243	58.75834528
77.52171734	58.74637567
77.53788271	58.75862588
77.54849575	58.76666849
77.56020862	58.77554457
77.55580589	58.77220816
77.55431187	58.77107598
77.53064898	58.75314412
77.53434948	58.75594838
77.55458983	58.77128662
77.5598006	58.77523538
77.55932075	58.77487174
77.54498083	58.76400487
77.56100458	58.77614775
77.54506543	58.76406899
77.55771711	58.77365649
77.58778907	58.79644519
77.54484279	58.76390026
77.54248961	58.76211701
77.55046823	58.76816325
77.58689854	58.79577034
77.559761	58.77520537
77.55352411	58.77047901
77.56524283	58.77935953
77.55686696	58.77301225
77.57485406	58.78664297
77.57354486	58.78565085
77.57539313	58.78705148
77.58819396	58.79675201
77.58593311	58.79503873
77.58977711	58.79795174
77.57000255	58.78296647
77.57841257	58.78933962
77.57973355	58.79034067
77.58351659	58.79320748
77.58048434	58.79090962
77.59371694	58.80093736
77.59829133	58.80440386
77.59223809	58.79981668
77.57948451	58.79015195
77.59026667	58.79832272
77.58101491	58.79131169
77.56823108	58.78162404
77.60834683	58.81202397
77.59380749	58.80100598
77.60164756	58.80694723
77.61268514	58.81531156
77.58645932	58.79543749
77.57746353	58.78862044
77.60369961	58.80850228
77.57039775	58.78326595
77.59791826	58.80412115
77.59500929	58.80191671
77.60628329	58.81046021
77.60995148	58.81323998
77.58302502	58.79283497
77.61496881	58.81704214
77.605185	58.80962792
77.60011303	58.80578435
77.60397687	58.80871239
77.61870357	58.81987236
77.58993049	58.79806796
77.62175216	58.8221826
77.60591867	58.8101839
77.60929861	58.81274524
77.60937486	58.81280302
77.60936902	58.81279859
77.61828172	58.81955269
77.62624982	58.82559095
77.6272387	58.82634033
77.59974015	58.80550178
77.63072574	58.82898282
77.61919829	58.82024726
77.60516425	58.80961219
77.60871392	58.81230215
77.59912568	58.80503613
77.6345741	58.83189914
77.64981357	58.84344769
77.63160626	58.82965009
77.61914724	58.82020858
77.59976033	58.80551707
77.63548161	58.83258685
77.62631326	58.82563903
77.63583328	58.83285335
77.66915706	58.85810629
77.60874593	58.81232641
77.63545254	58.83256482
77.62809568	58.82698976
77.64577716	58.84038888
77.65303017	58.84588524
77.6597779	58.85099871
77.63091449	58.82912587
77.64405031	58.83908026
77.61845321	58.81968264
77.65299441	58.84585815
77.65810314	58.84972957
77.65378575	58.84645783
77.66832183	58.85747335
77.65642228	58.84845581
77.62778635	58.82675534
77.64661387	58.84102294
77.65917971	58.8505454
77.67507014	58.86258726
77.68146858	58.86743603
77.65204636	58.84513971
77.64043529	58.83634078
77.65825249	58.84984275
77.66034901	58.8514315
77.65723497	58.84907167
77.6737433	58.86158177
77.66875841	58.85780419
77.65452862	58.84702078
77.67250176	58.86064092
77.65416778	58.84674733
77.65093756	58.84429946
77.65952065	58.85080377
77.67882045	58.86542926
77.66810454	58.85730869
77.68385854	58.86924715
77.67050327	58.85912646
77.66741175	58.85678368
77.66772816	58.85702346
77.67120697	58.85965972
77.66637387	58.85599718
77.67874739	58.86537389
77.69236214	58.87569122
77.69694748	58.87916602
77.6701149	58.85883215
77.66944628	58.85832546
77.67450668	58.86216026
77.67093251	58.85945174
77.68188923	58.8677548
77.69753308	58.87960979
77.66503789	58.85498476
77.71053402	58.88946198
77.7011209	58.88232866
77.713704	58.8918642
77.69683044	58.87907733
77.68446362	58.86970568
77.71072737	58.88960849
77.6899106	58.87383344
77.71339129	58.89162723
77.70041227	58.88179166
77.72152704	58.89779254
77.69040008	58.87420436
77.71235748	58.8908438
77.70292713	58.88369743
77.70635332	58.88629382
77.70290862	58.8836834
77.72125071	58.89758314
77.69035752	58.87417211
77.71243629	58.89090353
77.69243887	58.87574937
77.71083251	58.88968817
77.70368016	58.88426808
77.73512283	58.90809551
77.6860044	58.8708733
77.72507915	58.90048435
77.71706778	58.89441329
77.72775771	58.90251418
77.70351643	58.884144
77.72199915	58.89815031
77.75090889	58.92005827
77.71727491	58.89457026
77.71358262	58.89177222
77.72430121	58.89989483
77.70736901	58.88706351
77.70609396	58.88609727
77.73213621	58.90583223
77.73633204	58.90901185
77.72438951	58.89996174
77.74875591	58.91842673
77.72374828	58.89947581
77.74437009	58.91510313
77.72323661	58.89908806
77.71641868	58.8939214
77.73297531	58.9064681
77.74734636	58.91735856
77.75314917	58.92175597
77.74801661	58.91786648
77.73569142	58.90852638
77.72137655	58.8976785
77.73212951	58.90582715
77.74386104	58.91471737
77.73669668	58.90928818
77.75471843	58.92294516
77.74213233	58.91340734
77.75396976	58.92237781
77.73938853	58.91132808
77.75588799	58.92383146
77.75664331	58.92440384
77.75996967	58.92692457
77.76965598	58.93426491
77.7364815	58.90912512
77.75275999	58.92146104
77.75057367	58.91980423
77.7395632	58.91146044
77.7720308	58.93606456
77.77805668	58.94063101
77.77469012	58.93807981
77.78106564	58.94291122
77.79626055	58.954426
77.76175813	58.92827988
77.78572677	58.94644345
77.76815877	58.93313032
77.74845353	58.91819758
77.77731285	58.94006733
77.79961439	58.95696756
77.78089455	58.94278156
77.78000495	58.94210742
77.76261833	58.92893175
77.77136532	58.93556026
77.80545441	58.96139316
77.78581765	58.94651231
77.78844332	58.94850206
77.77936801	58.94162474
77.76911926	58.93385819
77.7732814	58.93701228
77.77333563	58.93705337
77.79876717	58.95632553
77.79942953	58.95682747
77.79407207	58.95276756
77.76131408	58.92794338
77.78793997	58.94812062
77.78451174	58.94552269
77.76199639	58.92846044
77.80077113	58.95784414
77.79435458	58.95298165
77.7932868	58.95217248
77.81397953	58.96785354
77.76619384	58.93164128
77.78676447	58.94722982
77.79034375	58.94994221
77.80147239	58.95837556
77.78061797	58.94257197
77.80093254	58.95796646
77.7998398	58.95713838
77.80254461	58.95918809
77.79475586	58.95328574
77.81493604	58.96857839
77.81178261	58.9661887
77.79628296	58.95444298
77.78373471	58.94493385
77.80421463	58.96045365
77.80494141	58.9610044
77.80651327	58.96219557
77.82432573	58.97569395
77.82812783	58.97857519
77.82355255	58.97510803
77.79898425	58.95649003
77.80446337	58.96064214
77.80793722	58.96327465
77.78566654	58.94639781
77.84142611	58.9886527
77.84058328	58.98801401
77.82590755	58.97689266
77.8506757	58.99566209
77.8137478	58.96767793
77.77918244	58.94148412
77.83401401	58.98303578
77.83239207	58.98180666
77.8605633	59.00315497
77.85390128	58.99810645
77.82297924	58.97467357
77.82061495	58.97288189
77.78730396	58.94763865
77.82581424	58.97682195
77.85272889	58.99721802
77.83285844	58.98216008
77.85835247	59.00147959
77.86977577	59.01013623
77.82571346	58.97674558
77.82117047	58.97330287
77.83172555	58.98130157
77.81596739	58.96935995
77.81623081	58.96955957
77.85434285	58.99844108
77.85664534	59.00018592
77.86138656	59.00377885
77.83341501	58.98258185
77.82565631	58.97670227
77.83516856	58.9839107
77.84462032	58.9910733
77.84278391	58.98968165
77.86132518	59.00373233
77.85933536	59.00222443
77.84416692	58.99072971
77.84741557	58.99319155
77.83613838	58.98464563
77.85820683	59.00136923
77.83849262	58.98642969
77.86419332	59.00590582
77.88189752	59.01932216
77.8594022	59.00227509
77.85952032	59.00236459
77.86098961	59.00347803
77.84393802	58.99055624
77.86796346	59.00876285
77.87913167	59.01722618
77.87252144	59.01221692
77.86060719	59.00318823
77.87030264	59.0105355
77.87697919	59.01559502
77.86292403	59.00494395
77.86989534	59.01022684
77.88381834	59.02077776
77.86116831	59.00361345
77.850863	58.99580403
77.89851135	59.03191221
77.86734639	59.00829523
77.9006082	59.03350122
77.87421432	59.01349979
77.88510133	59.02175003
77.87456467	59.01376529
77.87787739	59.01627568
77.88999076	59.02545526
77.88790307	59.0238732
77.87577852	59.01468515
77.89362395	59.02820851
77.88766874	59.02369562
77.89476092	59.02907011
77.89632227	59.03025331
77.87623815	59.01503346
77.88366212	59.02065938
77.90218468	59.03469588
77.91661161	59.04562868
77.89773047	59.03132045
77.91709285	59.04599337
77.93342748	59.05837184
77.8712518	59.01125477
77.88470267	59.02144791
77.90411061	59.03615536
77.90200098	59.03455667
77.9000008	59.03304092
77.89684843	59.03065204
77.91344375	59.04322806
77.90620325	59.03774118
77.92223873	59.04989295
77.91110582	59.04145636
77.90322893	59.03548722
77.88129575	59.01886614
77.89269505	59.02750459
77.92385693	59.05111923
77.90789983	59.03902685
77.92290482	59.05039771
77.93626316	59.06052073
77.9104475	59.04095749
77.90838974	59.03939811
77.94005115	59.06339129
77.9090007	59.0398611
77.94124133	59.06429322
77.93387797	59.05871322
77.92604219	59.05277522
77.93552464	59.05996108
77.917277	59.04613292
77.92766229	59.05400295
77.91756164	59.04634862
77.94247973	59.06523169
77.94698466	59.06864555
77.94047788	59.06371467
77.92179697	59.04955818
77.94038763	59.06364628
77.91693399	59.04587298
77.93361135	59.05851118
77.91909731	59.04751236
77.94348475	59.06599329
77.91106775	59.04142752
77.93057214	59.05620805
77.94586022	59.06779344
77.93483189	59.05943611
77.94558047	59.06758145
77.97425646	59.08931226
77.94396012	59.06635353
77.96070044	59.07903944
77.96049997	59.07888752
77.9428088	59.06548106
77.95289777	59.07312653
77.96077233	59.07909392
77.97456199	59.08954379
77.95213789	59.07255069
77.96685289	59.08370179
77.95135685	59.07195881
77.94417851	59.06651903
77.96241512	59.08033883
77.98040271	59.09396992
77.97542742	59.09019962
77.95594146	59.07543305
77.96596074	59.08302572
77.95664309	59.07596476
77.97172233	59.08739188
77.96543881	59.0826302
77.96805915	59.08461591
77.96938013	59.08561695
77.95994188	59.0784646
77.96990364	59.08601367
77.95535375	59.07498769
77.97862179	59.09262033
77.977464	59.09174295
77.95284765	59.07308855
77.97337657	59.08864548
77.96955826	59.08575194
77.98934457	59.10074611
77.97399515	59.08911424
77.98834848	59.09999127
77.98516242	59.09757686
77.97046082	59.08643591
77.95022508	59.07110115
77.96022306	59.07867768
77.96855086	59.08498853
77.99991568	59.10875695
78.0111218	59.11724901
77.97625144	59.09082407
77.97377356	59.08894632
77.99022462	59.10141302
77.97066235	59.08658862
77.99364211	59.10400281
78.01462957	59.11990722
78.03555929	59.13576788
77.97253349	59.08800658
78.00611029	59.11345126
77.99251807	59.10315101
77.9785974	59.09260185
77.99544866	59.10537182
78.0031937	59.11124106
78.02012271	59.12406995
78.01351484	59.11906248
78.00942927	59.11596641
78.03162419	59.13278584
77.98765	59.09946196
77.97327504	59.08856854
78.01035267	59.11666616
78.03900688	59.13838048
78.02760923	59.12974328
78.02711896	59.12937175
78.01583934	59.12082399
78.00993978	59.11635327
78.01950016	59.12359818
77.99273581	59.10331601
78.01910252	59.12329684
78.03057252	59.13198888
78.03082116	59.1321773
78.03259938	59.13352484
78.02346574	59.12660332
78.01669314	59.121471
78.02385691	59.12689975
78.02753474	59.12968683
78.02850142	59.13041939
78.04119875	59.14004149
78.03219395	59.13321761
78.02876773	59.13062119
78.02163712	59.12521758
78.02074653	59.12454269
78.01918476	59.12335917
78.02626152	59.12872197
78.01575021	59.12075645
78.04641554	59.1439948
78.03743429	59.13718876
78.04050234	59.13951374
78.02451348	59.12739731
78.04273265	59.14120389
78.0386862	59.13813747
78.04842251	59.14551569
78.06904586	59.16114418
78.04574129	59.14348385
78.03806456	59.13766638
78.03998728	59.13912343
78.05511998	59.15059107
78.06662	59.15930585
78.05982942	59.15415992
78.06251894	59.15619805
78.04269709	59.14117694
78.05867185	59.1532827
78.04784681	59.14507943
78.04596737	59.14365517
78.05637431	59.15154161
78.07581089	59.16627075
78.06880983	59.16096531
78.0513374	59.14772462
78.03290028	59.13375287
78.0494626	59.14630388
78.05315302	59.1491005
78.06627302	59.15904291
78.07226984	59.16358733
78.06863992	59.16083656
78.06029946	59.15451611
78.05416588	59.14986805
78.06148603	59.1554153
78.06086244	59.15494274
78.07392153	59.16483899
78.09945661	59.18418961
78.05406632	59.1497926
78.07429446	59.1651216
78.0880894	59.17557547
78.06386984	59.15722176
78.06921563	59.16127283
78.11739225	59.19778133
78.0954394	59.18114535
78.07940798	59.16899665
78.05931042	59.15376661
78.10425841	59.18782844
78.09430408	59.180285
78.11436103	59.19548426
78.10195685	59.18608431
78.08088789	59.17011813
78.08493342	59.17318386
78.09938796	59.18413759
78.09675104	59.18213932
78.10174539	59.18592406
78.10292571	59.18681852
78.11110429	59.19301629
78.08742404	59.17507126
78.0925592	59.17896272
78.10156831	59.18578987
78.08771588	59.17529242
78.10443332	59.18796099
78.10016703	59.18472797
78.10548518	59.18875809
78.1042597	59.18782942
78.12527271	59.20375319
78.09916401	59.18396788
78.08225743	59.17115598
78.10283316	59.18674838
78.11205979	59.19374037
78.09609048	59.18163874
78.12269519	59.20179993
78.12728447	59.20527771
78.09183942	59.17841727
78.10977885	59.19201186
78.10893258	59.19137055
78.10486417	59.18828749
78.11831817	59.198483
78.11879462	59.19884406
78.13125924	59.20828982
78.11502897	59.19599043
78.1154961	59.19634442
78.11981452	59.19961694
78.13760099	59.21309562
78.13928888	59.21437472
78.15429129	59.22574363
78.11283829	59.19433032
78.11835249	59.19850901
78.13123064	59.20826815
78.12216373	59.20139719
78.13909242	59.21422584
78.15031972	59.22273395
78.15088569	59.22316285
78.1136113	59.19491611
78.14675212	59.2200304
78.12045878	59.20010517
78.1127829	59.19428835
78.14709762	59.22029222
78.1628079	59.23219756
78.14865738	59.22147422
78.1537158	59.22530752
78.14799775	59.22097435
78.14107035	59.21572473
78.13729626	59.2128647
78.15309224	59.22483498
78.13704404	59.21267357
78.12883455	59.20645237
78.17506611	59.24148689
78.17047832	59.23801025
78.13636701	59.21216051
78.14767317	59.22072838
78.16190472	59.23151313
78.14889547	59.22165465
78.16082006	59.23069117
78.16323732	59.23252298
78.1526654	59.22451151
78.14717675	59.22035219
78.15258138	59.22444785
78.14464441	59.21843317
78.15779575	59.22839933
78.16390497	59.23302892
78.16591626	59.23455309
78.15951653	59.22970334
78.18654462	59.25018537
78.1867022	59.25030479
78.15224196	59.22419063
78.16701842	59.23538831
78.17199301	59.23915809
78.17204858	59.2392002
78.15991135	59.23000254
78.18715879	59.2506508
78.19404238	59.25586722
78.13701753	59.21265348
78.18109418	59.246055
78.17516751	59.24156374
78.17654299	59.24260608
78.17408924	59.24074662
78.17000178	59.23764912
78.19232407	59.25456508
78.16989799	59.23757047
78.18813042	59.2513871
78.18002123	59.24524191
78.16200953	59.23159255
78.1742301	59.24085337
78.17009507	59.23771982
78.20698172	59.26567272
78.22321391	59.27797356
78.19661711	59.25781836
78.17899027	59.24446065
78.17118894	59.23854875
78.17981359	59.24508456
78.18296787	59.24747489
78.2136821	59.27075031
78.22905529	59.28240019
78.20668441	59.26544742
78.17654018	59.24260396
78.18726282	59.25072963
78.19593659	59.25730266
78.21460316	59.27144829
78.20750502	59.26606928
78.22487487	59.27923225
78.19388697	59.25574944
78.22207269	59.27710873
78.20653894	59.26533717
78.20852189	59.26683987
78.23957946	59.29037546
78.21511756	59.2718381
78.20104158	59.26117125
78.2307321	59.28367088
78.2315197	59.28426773
78.2162448	59.27269233
78.22884421	59.28224023
78.25029745	59.29849762
78.24096394	59.29142463
78.21982152	59.27540279
78.22232061	59.27729661
78.21705327	59.273305
78.21452004	59.2713853
78.23215121	59.2847463
78.24533369	59.29473605
78.24305275	59.29300754
78.23083418	59.28374824
78.23391614	59.28608377
78.22094402	59.27625343
78.22761351	59.2813076
78.2342339	59.28632457
78.24009656	59.29076732
78.25120589	59.29918603
78.24494225	59.29443942
78.25618145	59.30295654
78.24357449	59.29340292
78.21906673	59.2748308
78.22389419	59.27848908
78.2387545	59.2897503
78.24860122	59.2972122
78.2473785	59.29628561
78.25045054	59.29861363
78.23678665	59.28825906
78.21779612	59.27386793
78.24253083	59.29261203
78.25099228	59.29902416
78.24699526	59.29599519
78.26445166	59.30922375
78.24498979	59.29447544
78.23468597	59.28666715
78.22670833	59.28062165
78.25735705	59.30384742
78.25589932	59.30274274
78.24674426	59.29580498
78.24662144	59.29571191
78.26385768	59.30877363
78.23709706	59.28849429
78.22949798	59.28273566
78.24653846	59.29564903
78.25525833	59.30225699
78.25727584	59.30378587
78.27308502	59.31576616
78.24737671	59.29628426
78.25709229	59.30364678
78.26225474	59.30755891
78.25904109	59.30512359
78.25691872	59.30351525
78.27526204	59.31741591
78.2516122	59.29949394
78.25819087	59.30447929
78.27660561	59.31843408
78.26403969	59.30891155
78.26388458	59.30879401
78.25937657	59.30537782
78.30436059	59.33946695
78.28359982	59.32373433
78.25487394	59.3019657
78.27000829	59.3134346
78.26766051	59.31165544
78.2682723	59.31211905
78.27630761	59.31820826
78.28807395	59.32712485
78.26310816	59.30820563
78.25625709	59.30301386
78.29580889	59.33298642
78.27486198	59.31711275
78.2933493	59.33112254
78.26898005	59.31265539
78.278613	59.31995529
78.27756015	59.31915744
78.29849526	59.33502218
78.30237463	59.33796198
78.31293628	59.34596565
78.27149492	59.31456117
78.30474689	59.33975969
78.29172266	59.32988986
78.29176852	59.32992461
78.29397447	59.3315963
78.31307974	59.34607437
78.30615052	59.34082337
78.31139108	59.34479469
78.30912473	59.34307725
78.31146065	59.34484742
78.3053211	59.34019483
78.32195492	59.35280003
78.32911796	59.35822822
78.3326684	59.36091876
78.32743446	59.35695245
78.32233659	59.35308926
78.2977899	59.33448765
78.30620933	59.34086793
78.32898084	59.35812431
78.31461971	59.34724137
78.32889545	59.3580596
78.3329568	59.36113731
78.33394456	59.36188585
78.34222327	59.36815949
78.32315531	59.35370969
78.31685509	59.34893536
78.3094672	59.34333677
78.31873992	59.35036368
78.33774757	59.36476778
78.32087022	59.35197804
78.33499635	59.3626829
78.33792213	59.36490007
78.33118604	59.35979542
78.33532152	59.36292932
78.32346614	59.35394524
78.307493	59.34184071
78.31704234	59.34907725
78.34638461	59.37131298
78.35065085	59.37454596
78.31641954	59.34860529
78.35136562	59.37508762
78.32053195	59.3517217
78.33458283	59.36236953
78.33107671	59.35971257
78.33954757	59.36613184
78.34478845	59.3701034
78.34917059	59.37342421
78.34535063	59.37052943
78.32612029	59.35595657
78.30420841	59.33935163
78.33393067	59.36187531
78.35216128	59.37569057
78.37216749	59.39085139
78.3523495	59.3758332
78.35253789	59.37597597
78.35033904	59.37430967
78.34664983	59.37151397
78.34861573	59.37300374
78.33136777	59.35993314
78.37744909	59.39485381
78.35733379	59.37961033
78.35746665	59.37971101
78.35094136	59.37476611
78.3715014	59.39034662
78.35642198	59.37891935
78.33964579	59.36620626
78.36845906	59.38804112
78.35191473	59.37550374
78.36009352	59.38170166
78.35240999	59.37587905
78.37275253	59.39129474
78.38529724	59.40080118
78.37649001	59.39412701
78.36735361	59.3872034
78.3762061	59.39391187
78.36811494	59.38778034
78.37928228	59.39624302
78.37627306	59.39396261
78.38652193	59.40172926
78.40301793	59.41423002
78.38896489	59.40358055
78.38070476	59.39732097
78.37500621	59.39300258
78.37143334	59.39029505
78.39446662	59.40774979
78.38631325	59.40157112
78.41445864	59.42289985
78.40469585	59.41550155
78.38534486	59.40083727
78.38645015	59.40167486
78.38451733	59.40021016
78.37753146	59.39491623
78.38621035	59.40149314
78.38164328	59.39803219
78.38957221	59.40404078
78.38906284	59.40365478
78.4112225	59.42044749
78.40365907	59.41471587
78.39868266	59.41094473
78.42085119	59.42774416
78.40130019	59.41292831
78.4136685	59.42230108
78.40159179	59.41314928
78.40198899	59.41345028
78.41214606	59.42114737
78.41981451	59.42695856
78.40747941	59.41761095
78.39644271	59.40924728
78.41053647	59.41992761
78.3922015	59.40603327
78.41388458	59.42246482
78.40010397	59.4120218
78.42489554	59.43080899
78.42979696	59.43452331
78.40447272	59.41533247
78.41668785	59.42458916
78.40119903	59.41285164
78.40964048	59.41924862
78.40046056	59.41229202
78.42432383	59.43037574
78.43012089	59.43476878
78.41525909	59.42350643
78.43145073	59.43577654
78.41224308	59.42122088
78.39771264	59.41020964
78.42590763	59.43157595
78.43865221	59.44123387
78.40982989	59.41939215
78.43410398	59.43778719
78.42159107	59.42830484
78.40981547	59.41938123
78.42692841	59.43234951
78.43317605	59.437084
78.44631377	59.44703984
78.43402875	59.43773018
78.45349417	59.45248118
78.41193028	59.42098384
78.42106593	59.42790689
78.42807662	59.43321963
78.45164907	59.45108296
78.44367841	59.44504274
78.45629445	59.45460325
78.45424813	59.45305254
78.43560257	59.43892283
78.42958326	59.43436137
78.44765521	59.44805639
78.43860333	59.44119682
78.45476458	59.4534439
78.44795272	59.44828184
78.43543508	59.43879591
78.4248578	59.43078039
78.45592768	59.45432531
78.47413531	59.46812315
78.46152887	59.45856992
78.46558861	59.46164642
78.45010147	59.44991018
78.44057704	59.44269251
78.43548827	59.43883622
78.48558235	59.47679778
78.46019662	59.45756034
78.44629754	59.44702754
78.47524994	59.46896783
78.45406849	59.45291641
78.42733326	59.4326563
78.48023259	59.4727437
78.44842356	59.44863865
78.45802951	59.45591809
78.49886088	59.48686032
78.46009485	59.45748321
78.45843428	59.45622483
78.43645528	59.43956902
78.46819552	59.46362195
78.4816187	59.4737941
78.4761164	59.46962443
78.48685855	59.47776489
78.48161259	59.47378947
78.48311232	59.47492598
78.45364291	59.4525939
78.46784472	59.46335611
78.47042398	59.46531068
78.48076564	59.47314765
78.50150539	59.48886435
78.48161601	59.47379207
78.46584762	59.4618427
78.50211919	59.48932949
78.46135343	59.45843697
78.4686597	59.4639737
78.48017145	59.47269737
78.50212802	59.48933618
78.50041419	59.48803743
78.48519523	59.47650442
78.48396733	59.47557391
78.46080619	59.45802227
78.48823064	59.47880467
78.50421173	59.49091523
78.50154451	59.48889399
78.5044234	59.49107563
78.48957159	59.47982084
78.49956451	59.48739353
78.50003437	59.4877496
78.47355212	59.46768121
78.49597584	59.48467402
78.49720305	59.48560401
78.5138273	59.49820196
78.51297381	59.49755517
78.51986362	59.50277631
78.51374967	59.49814313
78.51009122	59.49537074
78.48904762	59.47942378
78.53530874	59.51448071
78.54940584	59.52516356
78.50991204	59.49523495
78.50597137	59.49224869
78.51760826	59.50106719
78.52619109	59.5075713
78.51123887	59.49624043
78.54239185	59.51984833
78.56304345	59.53549822
78.51663913	59.50033277
78.5081493	59.49389914
78.49362373	59.48289158
78.52455063	59.50632815
78.51377254	59.49816046
78.52466148	59.50641216
78.54807297	59.52415351
78.54682234	59.52320578
78.52334263	59.50541272
78.51698899	59.5005979
78.50678218	59.49286312
78.52340463	59.50545971
78.55121022	59.52653094
78.56490755	59.53691084
78.54513074	59.52192387
78.5422753	59.51976
78.52667592	59.50793871
78.50379358	59.49059835
78.53551295	59.51463545
78.53984565	59.5179188
78.55571898	59.5299477
78.57642664	59.54564008
78.53561489	59.51471271
78.54186248	59.51944716
78.52561607	59.50713555
78.53423505	59.51366706
78.53952107	59.51767284
78.54687555	59.5232461
78.5563909	59.53045688
78.5439183	59.52100508
78.53366716	59.51323671
78.5587263	59.53222666
78.57414738	59.54391284
78.56461626	59.5366901
78.58434851	59.55164331
78.56473592	59.53678078
78.55987474	59.53309695
78.565801	59.53758791
78.56537517	59.53726521
78.57769901	59.54660428
78.5868872	59.55356714
78.58792229	59.55435154
78.57936203	59.54786453
78.58201219	59.54987283
78.56563394	59.5374613
78.53462912	59.51396568
78.54986311	59.52551009
78.58350088	59.55100097
78.58142263	59.54942606
78.56838038	59.53954257
78.57675428	59.54588836
78.59634483	59.56073419
78.57930553	59.54782171
78.58631001	59.55312974
78.56932664	59.54025965
78.58340455	59.55092797
78.59501736	59.55972822
78.59240857	59.55775127
78.58812465	59.55450489
78.59837313	59.56227124
78.61089979	59.57176401
78.59525253	59.55990643
78.59009003	59.55599426
78.5617529	59.53452023
78.59609652	59.56054601
78.59985748	59.56339609
78.59248232	59.55780716
78.61985602	59.57855109
78.59645747	59.56081955
78.60853805	59.56997427
78.61310266	59.57343336
78.59472224	59.55950457
78.58475346	59.55195018
78.59587429	59.56037761
78.61473351	59.57466922
78.63516796	59.59015456
78.6335053	59.58889459
78.60922316	59.57049345
78.5996404	59.56323158
78.59173291	59.55723925
78.58665681	59.55339255
78.63170571	59.58753085
78.62790852	59.58465332
78.63522777	59.59019989
78.60969949	59.57085442
78.6006701	59.56401189
78.59066858	59.55643269
78.6120043	59.57260102
78.64373632	59.59664772
78.64402827	59.59686895
78.64027712	59.59402631
78.61800762	59.57715036
78.60296863	59.56575373
78.59105789	59.55672771
78.62527561	59.58265809
78.63879349	59.59290201
78.64892139	59.60057698
78.64203379	59.59535752
78.60374743	59.56634392
78.61535894	59.57514318
78.60229439	59.56524279
78.64710582	59.59920113
78.63285956	59.58840525
78.63331397	59.5887496
78.62638379	59.58349787
78.64803287	59.59990366
78.63742675	59.59186629
78.63500229	59.59002902
78.62605656	59.58324989
78.64288731	59.59600432
78.63369107	59.58903536
78.6324417	59.58808859
78.66772153	59.61482383
78.64113467	59.59467616
78.65338316	59.60395814
78.65886692	59.60811376
78.64214955	59.59544525
78.64289427	59.5960096
78.65185038	59.60279659
78.65875853	59.60803162
78.65635074	59.60620699
78.6471328	59.59922158
78.63045504	59.58658309
78.6620436	59.61052107
78.66426497	59.61220443
78.67740833	59.62216454
78.66264368	59.61097581
78.65686496	59.60659666
78.66876793	59.6156168
78.65912502	59.60830935
78.67229857	59.61829234
78.65581325	59.60579967
78.65017324	59.60152564
78.65888475	59.60812727
78.66717096	59.61440661
78.66418639	59.61214489
78.65858781	59.60790225
78.67367679	59.61933676
78.66182921	59.6103586
78.66016215	59.6090953
78.65980447	59.60882425
78.67848099	59.62297741
78.66762666	59.61475194
78.66179091	59.61032958
78.68915203	59.63106398
78.69232056	59.63346511
78.65614285	59.60604945
78.70709463	59.64466098
78.70333299	59.64181039
78.69521792	59.63566075
78.67940841	59.62368021
78.67991354	59.62406301
78.67085511	59.61719847
78.67469803	59.62011067
78.67519984	59.62049094
78.71447529	59.65025408
78.68369788	59.6269308
78.67156743	59.61773828
78.69867321	59.63827918
78.702804	59.64140952
78.6568751	59.60660435
78.70620495	59.64398677
78.6890371	59.63097688
78.68698472	59.62942158
78.71967324	59.65419312
78.71789134	59.65284278
78.6935401	59.63438928
78.70578889	59.64367149
78.69121708	59.63262889
78.69378413	59.63457421
78.69906134	59.63857331
78.68235621	59.62591408
78.6909004	59.63238891
78.71989758	59.65436313
78.7155943	59.65110207
78.73329528	59.66451597
78.68918202	59.63108671
78.7064836	59.64419794
78.7153381	59.65090793
78.71075727	59.64743655
78.70594399	59.64378902
78.71152623	59.64801927
78.71651802	59.65180207
78.73263153	59.66401298
78.73719361	59.66747015
78.71066383	59.64736574
78.72550736	59.65861425
78.7092842	59.64632025
78.71274837	59.64894542
78.72188903	59.65587226
78.73300359	59.66429493
78.71974876	59.65425035
78.73860959	59.66854319
78.72628859	59.65920626
78.73381665	59.66491107
78.74140709	59.67066315
78.74091399	59.67028948
78.73001353	59.66202905
78.72254204	59.65636711
78.72409457	59.65754363
78.75557604	59.68140046
78.72748454	59.66011257
78.71903009	59.65370574
78.7284054	59.6608104
78.7492205	59.67658419
78.73565774	59.66630626
78.72386903	59.65737271
78.74480885	59.67324102
78.73234378	59.66379492
78.75355472	59.67986869
78.76360793	59.68748706
78.73816452	59.66820591
78.73925709	59.66903387
78.73286011	59.6641862
78.73207486	59.66359114
78.73062154	59.6624898
78.7201624	59.65456381
78.76019087	59.6848976
78.76567149	59.68905084
78.77077208	59.69291609
78.76062054	59.6852232
78.74213628	59.67121573
78.72715227	59.65986077
78.76409018	59.68785251
78.74790014	59.67558362
78.7865471	59.70487049
78.78511805	59.70378755
78.76381328	59.68764268
78.7593408	59.68425341
78.72189554	59.65587719
78.74124585	59.67054096
78.76691788	59.68999536
78.77404103	59.69539332
78.77223609	59.69402553
78.79617904	59.71216963
78.75295212	59.67941203
78.77188532	59.69375972
78.76600609	59.68930441
78.74084434	59.67023669
78.78634192	59.704715
78.77859244	59.69884241
78.78012308	59.70000233
78.77453929	59.69577091
78.76165854	59.68600981
78.77465101	59.69585557
78.78474999	59.70350863
78.79867388	59.71406023
78.79731245	59.71302853
78.77964817	59.69964244
78.78164661	59.70115687
78.81028045	59.72285575
78.80032606	59.71531226
78.78744536	59.7055512
78.80155956	59.71624702
78.79849106	59.71392169
78.78001825	59.69992289
78.78969118	59.70725309
78.79258106	59.70944306
78.80550776	59.71923898
78.80307507	59.71739548
78.81416661	59.7258007
78.80068885	59.71558718
78.81343043	59.72524282
78.80014052	59.71517165
78.78824426	59.70615661
78.79309037	59.70982901
78.8285618	59.73670946
78.81984481	59.73010368
78.81561763	59.7269003
78.8290858	59.73710655
78.79811457	59.71363638
78.80706093	59.72041599
78.80791255	59.72106135
78.81121909	59.72356706
78.80678776	59.72020898
78.83881994	59.74448314
78.81209645	59.72423192
78.80802832	59.72114908
78.81731569	59.72818709
78.80381984	59.71795986
78.80924242	59.72206913
78.83017169	59.73792944
78.81308909	59.72498416
78.84075539	59.74594982
78.84033672	59.74563256
78.81626892	59.72739385
78.83418943	59.74097411
78.80004991	59.715103
78.82110412	59.73105799
78.81433498	59.7259283
78.8280762	59.73634146
78.84827235	59.75164622
78.85415925	59.75610734
78.85080863	59.75356822
78.84683104	59.75055399
78.83793361	59.74381146
78.82612732	59.73486459
78.83841902	59.74417931
78.85697375	59.75824018
78.83573103	59.74214234
78.82445926	59.73360053
78.86609905	59.76515539
78.85170069	59.75424423
78.84461842	59.74887725
78.83843941	59.74419476
78.85723127	59.75843533
78.83368424	59.74059127
78.85526435	59.75694479
78.83502189	59.74160495
78.84668747	59.75044519
78.85406784	59.75603807
78.86174679	59.76185722
78.8755305	59.77230259
78.85404039	59.75601727
78.86193973	59.76200344
78.86367617	59.76331931
78.8574003	59.75856342
78.85795344	59.7589826
78.87445094	59.77148449
78.86495262	59.76428662
78.8486626	59.75194195
78.87046651	59.76846508
78.87315646	59.77050353
78.85876785	59.75959976
78.84287954	59.74755952
78.87566035	59.77240099
78.87285616	59.77027596
78.86313811	59.76291157
78.87098307	59.76885652
78.86383241	59.76343772
78.87936977	59.77521201
78.87090249	59.76879546
78.85818154	59.75915545
78.84858117	59.75188024
78.85868411	59.7595363
78.87956614	59.77536082
78.88990807	59.78319799
78.87120936	59.76902801
78.88795184	59.78171555
78.88455402	59.77914067
78.86752352	59.76623486
78.877916	59.77411034
78.86665687	59.7655781
78.87367454	59.77089613
78.90090554	59.79153194
78.88208602	59.7772704
78.8832352	59.77814126
78.89516142	59.78717901
78.90503707	59.79466283
78.87964926	59.77542381
78.89707595	59.78862985
78.89041634	59.78358316
78.90393205	59.79382544
78.89091256	59.7839592
78.89017945	59.78340364
78.89078948	59.78386593
78.90178215	59.79219623
78.89065296	59.78376247
78.90054781	59.79126084
78.92603622	59.8105761
78.884049	59.77875795
78.90705713	59.79619364
78.89876713	59.78991144
78.89562041	59.78752684
78.89104541	59.78405988
78.89969332	59.79061331
78.9159915	59.80296416
78.90829576	59.79713228
78.91664648	59.8034605
78.91838101	59.80477494
78.90373924	59.79367933
78.89104333	59.78405829
78.89869424	59.7898562
78.90793754	59.79686082
78.90279119	59.79296089
78.92638501	59.81084042
78.94875538	59.8277928
78.9296047	59.81328031
78.92470712	59.8095689
78.91941036	59.80555498
78.92515684	59.8099097
78.92507116	59.80984477
78.91908364	59.8053074
78.92873434	59.81262075
78.93519508	59.81751673
78.92625006	59.81073815
78.94429758	59.82441466
78.92257863	59.80795592
78.93933023	59.82065037
78.93651471	59.81851676
78.91173604	59.79973935
78.92460747	59.80949338
78.92568006	59.8103062
78.9370533	59.8189249
78.96241267	59.83814237
78.97530125	59.8479094
78.94794388	59.82717784
78.92347697	59.80863669
78.91705828	59.80377257
78.93013588	59.81368284
78.92931626	59.81306173
78.95262333	59.83072396
78.95760659	59.8345003
78.96158647	59.83751627
78.94161976	59.82238539
78.92221109	59.8076774
78.9352069	59.81752569
78.9261526	59.81066429
78.94702272	59.82647978
78.96189164	59.83774753
78.95306463	59.83105837
78.98281138	59.85360062
78.96894803	59.8430949
78.94295996	59.823401
78.96483943	59.83998138
78.95533595	59.83277959
78.95224356	59.83043616
78.97752473	59.84959437
78.98330353	59.85397358
78.95253321	59.83065566
78.95946948	59.835912
78.9598787	59.83622211
78.96417086	59.83947473
78.95730573	59.8342723
78.98063098	59.8519483
78.95523693	59.83270455
78.96651702	59.84125267
78.97395383	59.84688833
78.98372888	59.85429591
78.98610151	59.8560939
78.96913596	59.84323732
78.97024887	59.84408068
78.97229272	59.84562952
78.99167669	59.8603188
78.96402574	59.83936476
78.97150107	59.84502961
78.99373875	59.86188144
78.98010882	59.85155261
78.94942893	59.82830322
78.97003294	59.84391705
78.9978394	59.86498894
79.00542835	59.87073988
78.98759046	59.85722223
79.02264216	59.8837846
78.98209736	59.85305953
78.99681074	59.86420941
78.97067116	59.8444007
78.96963914	59.84361863
79.01370545	59.87701231
78.99244657	59.86090222
78.99727567	59.86456174
79.01708164	59.87957081
78.99961482	59.86633436
78.99840448	59.86541716
78.99450229	59.86246006
78.9869554	59.85674098
78.99742193	59.86467258
79.0058352	59.87104819
79.01015599	59.87432251
79.01917497	59.88115715
79.00059003	59.86707337
79.02750116	59.88746677
79.00341369	59.86921316
79.00477347	59.87024361
78.99253637	59.86097027
78.99183138	59.86043603
79.01502327	59.87801096
79.00487084	59.8703174
79.00870197	59.87322065
79.02749193	59.88745978
79.02310294	59.88413378
79.03515138	59.89326415
79.03524052	59.8933317
79.01117997	59.87509849
79.02994684	59.88932013
79.01605641	59.87879389
78.99990591	59.86655495
79.01583472	59.87862589
79.06680417	59.91725081
79.0295119	59.88899053
79.03883376	59.89605468
79.02617178	59.88645937
79.03269545	59.89140304
79.0055389	59.87082366
79.01011712	59.87429306
79.0541252	59.90764262
79.02143345	59.88286864
79.02660953	59.88679109
79.03278438	59.89147043
79.02564105	59.88605717
79.02888122	59.88851259
79.01946456	59.8813766
79.03271582	59.89141847
79.04397742	59.89995257
79.02693794	59.88703997
79.06873866	59.91871678
79.06345127	59.91470996
79.05375589	59.90736275
79.02795149	59.88780804
79.02360692	59.8845157
79.04750582	59.90262642
79.05268776	59.90655332
79.06972896	59.91946723
79.03741838	59.8949821
79.0279205	59.88778456
79.04275772	59.89902828
79.04209919	59.89852925
79.05503939	59.9083354
79.07802091	59.92575092
79.05317322	59.9069212
79.04714928	59.90235623
79.06113292	59.91295311
79.03490742	59.89307928
79.06219881	59.91376084
79.06810821	59.91823902
79.08388852	59.93019742
79.08132571	59.92825532
79.04789274	59.90291962
79.06389681	59.9150476
79.06391843	59.91506398
79.04215495	59.8985715
79.05462642	59.90802245
79.07541437	59.92377567
79.07918609	59.9266339
79.09696561	59.94010731
79.10307805	59.94473935
79.08743067	59.93288168
79.05293455	59.90674034
79.07040847	59.91998217
79.07448134	59.92306861
79.07113231	59.9205307
79.08647476	59.93215729
79.10150615	59.94354816
79.09429838	59.93808607
79.07110355	59.92050891
79.07136272	59.9207053
79.07996849	59.9272268
79.05024269	59.90470043
79.07110614	59.92051086
79.11166134	59.95124382
79.11219277	59.95164654
79.07520529	59.92361723
79.08834505	59.93357461
79.06070724	59.91263052
79.06978452	59.91950933
79.07838237	59.92602483
79.09936024	59.94192197
79.11914663	59.95691621
79.10164906	59.94365645
79.09872228	59.94143853
79.08912925	59.93416887
79.09906134	59.94169547
79.06979305	59.9195158
79.09541328	59.93893095
79.10139419	59.94346331
79.10656221	59.94737967
79.10668612	59.94747357
79.09015871	59.93494901
79.08983365	59.93470267
79.08663487	59.93227862
79.11256503	59.95192864
79.09701289	59.94014314
79.09363195	59.93758105
79.09447099	59.93821688
79.13292996	59.96736129
79.10438664	59.94573101
79.11362738	59.95273369
79.12665853	59.96260877
79.11553972	59.95418287
79.12229703	59.9593036
79.12150626	59.95870435
79.10620938	59.94711229
79.09164651	59.93607647
79.12058873	59.95800904
79.13420295	59.96832597
79.11837246	59.95632954
79.13410727	59.96825347
79.12781656	59.96348633
79.12441695	59.96091008
79.12490729	59.96128167
79.11421151	59.95317635
79.11544387	59.95411024
79.1175599	59.95571378
79.16069937	59.9884051
79.14271784	59.9747786
79.14576591	59.97708844
79.11616566	59.95465721
79.1248772	59.96125887
79.11644293	59.95486733
79.12838289	59.9639155
79.14066881	59.97322583
79.10833509	59.94872316
79.12989386	59.96506052
79.17038962	59.99574843
79.13116064	59.96602049
79.13386837	59.96807242
79.15582156	59.98470867
79.14631454	59.9775042
79.14398615	59.97573973
79.13634334	59.96994797
79.13810223	59.97128086
79.13293928	59.96736835
79.15397603	59.98331011
79.13780993	59.97105936
79.13965219	59.97245543
79.15101408	59.98106553
79.1540664	59.9833786
79.15554576	59.98449967
79.15809493	59.98643144
79.14338502	59.97528419
79.14683483	59.97789848
79.142446	59.9745726
79.16178113	59.98922486
79.18225863	60.00474282
79.16341934	59.99046631
79.15315538	59.98268822
79.14326767	59.97519527
79.15714989	59.98571529
79.1731152	59.99781389
79.17351218	59.99811472
79.17470027	59.99901506
79.16132421	59.9888786
79.16595073	59.99238461
79.18835875	60.00936553
79.15880335	59.98696829
79.19883363	60.01730345
79.16629378	59.99264457
79.17014382	59.99556215
79.17295352	59.99769136
79.1726845	59.9974875
79.17482307	59.99910811
79.19104693	60.01140265
79.20162086	60.01941563
79.18766416	60.00883916
79.16972296	59.99524323
79.1927471	60.01269104
79.16524209	59.9918476
79.17692948	60.00070436
79.18625024	60.00776768
79.20496912	60.02195295
79.17981773	60.0028931
79.18783563	60.0089691
79.19620105	60.01530847
79.18904548	60.00988593
79.18578435	60.00741463
79.17507589	59.99929971
79.20891472	60.02494295
79.18781911	60.00895659
79.21353133	60.02844144
79.22265996	60.03535917
79.2037525	60.02103099
79.18187776	60.0044542
79.1873756	60.00862049
79.18268739	60.00506774
79.18716008	60.00845717
79.21275375	60.02785219
79.20987613	60.02567152
79.22100362	60.03410398
79.19610657	60.01523687
79.22474258	60.03693739
79.19569668	60.01492625
79.18385934	60.00595585
79.1923585	60.01239656
79.21306269	60.02808631
79.23298005	60.04317979
79.21631486	60.03055082
79.21290967	60.02797034
79.19362977	60.01335994
79.20019907	60.01833819
79.22231489	60.03509767
79.20515893	60.02209679
79.21026159	60.02596362
79.22385634	60.0362658
79.23027395	60.04112909
79.22323217	60.0357928
79.22167916	60.03461592
79.22048195	60.03370866
79.21292547	60.02798232
79.20842045	60.0245684
79.22253503	60.0352645
79.25764762	60.061873
79.2301213	60.04101341
79.24236699	60.05029326
79.23264227	60.04292382
79.20389378	60.02113806
79.20350142	60.02084072
79.21020403	60.02592
79.23713774	60.04633051
79.23864736	60.0474745
79.22985519	60.04081175
79.22765264	60.03914265
79.24578198	60.05288116
79.21392868	60.02874256
79.22703789	60.03867679
79.24461862	60.05199956
79.24085377	60.04914654
79.25093769	60.05678818
79.22892521	60.04010701
79.23906363	60.04778996
79.23710606	60.0463065
79.23120721	60.04183632
79.23561798	60.04517883
79.26393531	60.06663785
79.26289709	60.06585108
79.25560505	60.06032513
79.25680881	60.06123735
79.22649199	60.0382631
79.25363908	60.05883532
79.22028279	60.03355774
79.23896045	60.04771177
79.26299123	60.06592242
79.26002847	60.06367723
79.2548683	60.05976683
79.26413711	60.06679078
79.26687899	60.06886859
79.26981309	60.07109207
79.2740363	60.07429244
79.24547578	60.05264912
79.26611923	60.06829284
79.26160137	60.06486918
79.2752073	60.07517983
79.2898643	60.08628698
79.30128733	60.09494341
79.26578815	60.06804195
79.26354016	60.06633841
79.24997246	60.05605673
79.25784791	60.06202479
79.26109665	60.0644867
79.27993484	60.07876239
79.27701349	60.07654857
79.28073095	60.07936568
79.28709313	60.08418698
79.30322764	60.09641379
79.29103263	60.08717235
79.28935269	60.08589928
79.26893515	60.07042676
79.27790454	60.07722381
79.27326988	60.07371164
79.29667105	60.09144518
79.29515203	60.09029405
79.28665844	60.08385756
79.32386051	60.11204949
79.27495545	60.07498897
79.2835845	60.08152812
79.28592716	60.08330339
79.27353056	60.07390919
79.27212137	60.07284129
79.30799477	60.10002635
79.29388526	60.08933408
79.30579616	60.09836023
79.27184432	60.07263134
79.29445894	60.08976882
79.29003063	60.08641303
79.2890462	60.08566702
79.29219715	60.08805483
79.3421737	60.12592733
79.29565345	60.09067403
79.30176567	60.0953059
79.30104559	60.09476022
79.29734873	60.09195873
79.31820302	60.10776222
79.31301351	60.10382958
79.30150334	60.09510711
79.30537898	60.09804409
79.31402849	60.10459873
79.29529435	60.0904019
79.30098682	60.09471569
79.3085068	60.10041437
79.31894152	60.10832185
79.3148257	60.10520286
79.30476001	60.09757503
79.33519995	60.12064258
79.31383928	60.10445535
79.32279477	60.11124187
79.30278265	60.09607658
79.30900215	60.10078975
79.33023057	60.11687676
79.34065925	60.12477967
79.3382946	60.12298772
79.33404501	60.11976736
79.32763341	60.11490862
79.34676593	60.12940735
79.3188004	60.10821492
79.31291044	60.10375147
79.32635204	60.11393759
79.32491398	60.11284781
79.30588936	60.09843086
79.34125499	60.12523113
79.32103471	60.10990809
79.3303209	60.11694521
79.34348158	60.12691844
79.33465152	60.12022698
79.33380258	60.11958365
79.28811616	60.08496223
79.34828595	60.13055922
79.33850718	60.12314882
79.32433624	60.11241
79.37670638	60.15209638
79.35974811	60.13924531
79.33452665	60.12013235
79.32616971	60.11379942
79.34609957	60.12890237
79.3396441	60.12401038
79.32808519	60.11525098
79.3538414	60.13476918
79.35812249	60.1380134
79.35703056	60.13718594
79.35783538	60.13779583
79.35375566	60.1347042
79.34211479	60.12588268
79.3539572	60.13485693
79.37032756	60.14726247
79.36000457	60.13943965
79.38388314	60.15753496
79.34599854	60.12882581
79.35795806	60.1378888
79.34918083	60.13123737
79.34937091	60.13138141
79.35507404	60.13570327
79.37777084	60.15290303
79.36008239	60.13949863
79.38115529	60.15546778
79.37846804	60.15343137
79.37767866	60.15283318
79.40792608	60.17575484
79.34936727	60.13137866
79.37344581	60.1496255
79.37412251	60.15013831
79.35999324	60.13943107
79.36887891	60.14616468
79.38100805	60.15535621
79.3827288	60.1566602
79.37436025	60.15031847
79.39052083	60.16256504
79.39016881	60.16229828
79.37068674	60.14753466
79.35829548	60.1381445
79.38058694	60.15503708
79.37618011	60.15169757
79.37203936	60.14855968
79.38560101	60.15883677
79.40470343	60.17331269
79.39385872	60.16509451
79.40090726	60.17043593
79.3957472	60.16652561
79.39144936	60.16326869
79.35591918	60.13634372
79.39889172	60.16890855
79.39104391	60.16296143
79.40910723	60.17664992
79.41642759	60.18219733
79.40517986	60.17367373
79.399058	60.16903455
79.39786653	60.16813166
79.40634679	60.17455804
79.39869072	60.16875623
79.39275538	60.1642584
79.43988014	60.1999698
79.39395626	60.16516843
79.40978229	60.17716148
79.41333779	60.17985586
79.40115509	60.17062374
79.40496983	60.17351457
79.42989935	60.1924063
79.43082301	60.19310625
79.40795887	60.17577968
79.39857238	60.16866655
79.40144754	60.17084536
79.44571516	60.2043916
79.42320916	60.18733643
79.42290996	60.1871097
79.41076449	60.17790579
79.40550839	60.1739227
79.42077273	60.18549009
79.41942653	60.18446994
79.43308831	60.19482291
79.40890263	60.17649487
79.40542603	60.17386028
79.42474004	60.18849655
79.42064745	60.18539516
79.41357839	60.18003818
79.41453116	60.1807602
79.42118077	60.18579931
79.44071358	60.20060138
79.44169963	60.20134861
79.42044816	60.18524413
79.41359015	60.1800471
79.42879719	60.19157108
79.43557844	60.19670994
79.42957423	60.19215992
79.43808269	60.19860767
79.45234143	60.20941303
79.44757955	60.20580445
79.44366776	60.20284007
79.44266116	60.20207727
79.42426858	60.18813927
79.45087892	60.20830473
79.46312131	60.21758208
79.43187612	60.1939043
79.44983567	60.20751415
79.45095764	60.20836438
79.45381778	60.21053181
79.4431477	60.20244597
79.48563029	60.2346395
79.45556846	60.21185848
79.43377292	60.19534171
79.45581216	60.21204316
79.46586041	60.21965778
79.44891848	60.2068191
79.46645986	60.22011205
79.46517534	60.21913864
79.46319164	60.21763537
79.46184046	60.21661144
79.46833077	60.22152983
79.46673204	60.22031831
79.45732485	60.21318949
79.45794591	60.21366013
79.47223123	60.22448563
79.48290002	60.23257049
79.46746629	60.22087473
79.4583633	60.21397643
79.44152841	60.20121886
79.46694488	60.2204796
79.47243602	60.22464081
79.4766607	60.2278423
79.45806214	60.21374821
79.4477329	60.20592066
79.46821909	60.2214452
79.47562671	60.22705874
79.47250394	60.22469228
79.48447579	60.23376462
79.48720523	60.235833
79.47635481	60.2276105
79.49495007	60.24170208
79.4651122	60.21909079
79.49308573	60.24028928
79.49632564	60.2427445
79.48986988	60.23785229
79.48557935	60.2346009
79.48019365	60.23051959
79.47723337	60.22827627
79.47726376	60.22829931
79.49745103	60.24359732
79.49288663	60.2401384
79.48005995	60.23041827
79.49583318	60.24237131
79.5089329	60.25229835
79.48483684	60.23403823
79.46448663	60.21861673
79.50524393	60.24950283
79.49860019	60.24446816
79.5082262	60.25176281
79.51210146	60.2546995
79.51110744	60.25394623
79.49765022	60.24374827
79.49151375	60.23909802
79.48491041	60.23409397
79.51630229	60.25788291
79.50243883	60.24737711
79.51477966	60.25672906
79.52233634	60.26245555
79.51470365	60.25667145
79.51082202	60.25372993
79.5004975	60.24590596
79.50249547	60.24742003
79.50464514	60.24904906
79.51223875	60.25480354
79.51239259	60.25492012
79.51448086	60.25650262
79.53030914	60.26849738
79.54193796	60.27730976
79.51418624	60.25627936
79.52113604	60.26154595
79.51061438	60.25357258
79.54022543	60.276012
79.51874055	60.25973064
79.51018796	60.25324944
79.52716873	60.26611756
79.5366185	60.27327865
79.52229058	60.26242087
79.54257213	60.27779034
79.52543827	60.26480621
79.53076261	60.26884102
79.52453824	60.26412416
79.53523266	60.27222845
79.52185422	60.26209019
79.54071787	60.27638517
79.54831007	60.28213858
79.54090023	60.27652336
79.54590976	60.28031961
79.5264706	60.26558852
79.51919384	60.26007415
79.53642729	60.27313374
79.53768983	60.2740905
79.52879085	60.26734681
79.53477983	60.27188529
79.53523474	60.27223002
79.53072574	60.26881308
79.55946197	60.29058955
79.55270315	60.28546768
79.54604743	60.28042394
79.57314132	60.30095583
79.5388108	60.27493998
79.52506815	60.26452573
79.56008883	60.29106459
79.55920898	60.29039783
79.52917558	60.26763836
79.54023466	60.27601899
79.55449938	60.28682887
79.54747644	60.28150685
79.58335615	60.30869669
79.55180683	60.28478844
79.57849896	60.30501588
79.54254744	60.27777163
79.5448254	60.27949788
79.5342723	60.27150069
79.54189518	60.27727734
79.55973096	60.29079339
79.58000261	60.30615536
79.56236424	60.2927889
79.57709784	60.30395411
79.55668619	60.28848605
79.56931851	60.29805889
79.55360535	60.28615137
79.55456039	60.2868751
79.58054398	60.30656561
79.5677512	60.29687117
79.56108737	60.29182128
79.5650337	60.29481184
79.57314138	60.30095588
79.5760982	60.30319658
79.55783901	60.28935966
79.57945966	60.30574391
79.57921287	60.30555689
79.5595127	60.290628
79.57927231	60.30560193
79.58593891	60.31065392
79.58440239	60.30948954
79.57229261	60.30031268
79.5923775	60.31553312
79.58905134	60.31301253
79.57410466	60.30168586
79.60293712	60.32353526
79.58892222	60.31291469
79.59383812	60.31663998
79.60801954	60.32738674
79.60919201	60.32827524
79.59321904	60.31617084
79.5895807	60.31341369
79.60440991	60.32465134
79.61676871	60.3340169
79.61151272	60.33003389
79.59825465	60.31998686
79.60674716	60.32642252
79.60596816	60.3258322
79.59065213	60.31422562
79.61743776	60.33452391
79.61065836	60.32938645
79.62380455	60.3393487
79.60228675	60.3230424
79.59411675	60.31685113
79.60278814	60.32342236
79.63079491	60.34464604
79.61747418	60.33455151
79.61312168	60.33125316
79.64083072	60.35225123
79.62532188	60.34049854
79.61948992	60.33607906
79.60938608	60.32842231
79.59204564	60.31528163
79.62245274	60.3383243
79.6343816	60.34736405
79.63328567	60.34653355
79.63240251	60.34586429
79.64286826	60.35379529
79.60940656	60.32843783
79.62676319	60.34159078
79.61960672	60.33616757
79.64238631	60.35343006
79.63335789	60.34658827
79.64831298	60.35792133
79.64114063	60.35248608
79.62931106	60.34352157
79.63699691	60.34934594
79.61495583	60.3326431
79.62985982	60.34393742
79.62739078	60.34206637
79.63115656	60.3449201
79.6670423	60.3721145
79.62740979	60.34208077
79.650064	60.35924826
79.6556387	60.3634728
79.63635689	60.34886094
79.65722638	60.36467594
79.66078683	60.36737407
79.66362447	60.36952446
79.61996083	60.33643591
79.64676599	60.35674901
79.66023555	60.36695631
79.63475517	60.34764715
79.64203931	60.35316711
79.65799396	60.36525762
79.6651249	60.37066149
79.64569537	60.35593769
79.65153945	60.36036636
79.65966513	60.36652405
79.6293279	60.34353433
79.65724712	60.36469167
79.65263751	60.36119847
79.66125715	60.36773049
79.66809292	60.37291067
79.6609563	60.3675025
79.64552333	60.35580731
79.63641208	60.34890276
79.65772443	60.36505338
79.64667055	60.35667669
79.6665359	60.37173075
79.66608443	60.37138863
79.6563108	60.36398212
79.67778	60.38025159
79.6557112	60.36352773
79.67241988	60.37618966
79.66632379	60.37157002
79.67259719	60.37632403
79.66055455	60.36719806
79.66812488	60.37293489
79.68486237	60.38561865
79.68333056	60.38445784
79.6670448	60.3721164
79.67571241	60.37868476
79.68408496	60.38502953
79.67428549	60.37760344
79.65346613	60.36182641
79.66745376	60.37242631
79.67785452	60.38030806
79.6804947	60.3823088
79.69292578	60.39172914
79.68691343	60.38717295
79.67280787	60.37648369
79.67547571	60.37850539
79.70218891	60.3987488
79.67569539	60.37867187
79.67164732	60.37560421
79.69676971	60.39464209
79.68930952	60.38898872
79.68548344	60.3860893
79.67816964	60.38054686
79.68490441	60.38565051
79.68819404	60.3881434
79.68385817	60.38485766
79.70309184	60.39943304
79.69461443	60.39300881
79.69509245	60.39337106
79.67692343	60.37960248
79.70429252	60.40034292
79.69975331	60.39690309
79.70243172	60.3989328
79.71239585	60.40648367
79.69857699	60.39601166
79.71651306	60.40960371
79.71099663	60.40542333
79.70382001	60.39998485
79.70001528	60.39710161
79.73006941	60.41987679
79.73245528	60.42168481
79.70243276	60.39893358
79.71054331	60.4050798
79.70851814	60.40354512
79.71290701	60.40687103
79.72887926	60.41897489
79.71232896	60.40643298
79.7259309	60.4167406
79.71758772	60.4104181
79.70897305	60.40388985
79.72843609	60.41863905
79.72110289	60.41308191
79.71675201	60.40978479
79.72501891	60.41604949
79.70932283	60.40415492
79.70577465	60.40146608
79.70992557	60.40461168
79.7251195	60.41612572
79.72917291	60.41919742
79.72399022	60.41526995
79.7357354	60.42417051
79.72175599	60.41357684
79.69542891	60.39362603
79.70741531	60.40270939
79.73299481	60.42209368
79.74726544	60.43290804
79.7384932	60.42626038
79.7376713	60.42563754
79.73023102	60.41999926
79.73029868	60.42005053
79.71980536	60.41209864
79.73077047	60.42040805
79.72229695	60.41398678
79.74526072	60.43138885
79.76495542	60.44631359
79.74964116	60.43470836
79.76234366	60.44433439
79.74434209	60.4306927
79.74690413	60.43263423
79.72820078	60.41846073
79.73373928	60.42265783
79.73787035	60.42578838
79.76492641	60.44629161
79.7726032	60.45210912
79.77331164	60.45264598
79.75485617	60.43866033
79.74159608	60.42861176
79.72462609	60.41575181
79.74380978	60.43028932
79.74077726	60.42799126
79.76465162	60.44608337
79.76901552	60.44939036
79.77900689	60.45696188
79.77801532	60.45621045
79.74766024	60.43320721
79.75180954	60.43635158
79.77484884	60.45381088
79.76410839	60.44567171
79.76608503	60.44716962
79.7740552	60.45320946
79.76319822	60.44498198
79.75622668	60.43969891
79.77342611	60.45273273
79.77465813	60.45366636
79.77417698	60.45330174
79.76413803	60.44569417
79.7803448	60.45797575
79.75129041	60.43595817
79.77428236	60.4533816
79.79039563	60.46559232
79.78573321	60.46205912
79.7865011	60.46264103
79.8017388	60.47418824
79.78106372	60.45852055
79.77550537	60.4543084
79.76784492	60.44850327
79.78953967	60.46494367
79.79779923	60.47120281
79.78976574	60.46511499
79.79043286	60.46562054
79.78401097	60.460754
79.79091747	60.46598777
79.79554597	60.46949528
79.81059842	60.48090211
79.7910143	60.46606116
79.78708795	60.46308575
79.79660102	60.4702948
79.79368403	60.46808429
79.80095322	60.47359292
79.79816651	60.47148114
79.78598766	60.46225194
79.79089101	60.46596773
79.82200271	60.48954434
79.78815541	60.46389467
79.77511767	60.4540146
79.80239012	60.47468181
79.79700705	60.47060249
79.81498659	60.48422748
79.80580002	60.47726586
79.82242501	60.48986436
79.78535032	60.46176896
79.78845681	60.46412308
79.80757536	60.47861122
79.80924517	60.47987661
79.82499071	60.49180867
79.83445912	60.49898388
79.80742761	60.47849925
79.80605756	60.47746102
79.79771312	60.47113755
79.81989331	60.48794583
79.81093358	60.48115609
79.84010013	60.50325866
79.84195262	60.50466249
79.82103336	60.48880976
79.7953956	60.46938133
79.81153982	60.4816155
79.8142739	60.4836874
79.80898386	60.47967858
79.81594577	60.48495436
79.82535595	60.49208544
79.84317262	60.50558701
79.83484681	60.49927766
79.81973031	60.4878223
79.81005134	60.48048753
79.80518069	60.47679652
79.80869248	60.47945778
79.84305575	60.50549845
79.8470818	60.50854941
79.8436913	60.50598007
79.84285429	60.50534578
79.8303534	60.49587253
79.83176174	60.49693978
79.81846617	60.48686433
79.81706145	60.48579982
79.8539395	60.51374621
79.84691241	60.50842104
79.83015057	60.49571883
79.84075016	60.50375126
79.84539493	60.50727109
79.83251021	60.49750698
79.85255729	60.51269876
79.85682786	60.51593502
79.84999229	60.51075499
79.86235359	60.52012245
79.86572676	60.52267866
79.84172085	60.50448685
79.85981891	60.51820166
79.83749471	60.50128426
79.85763128	60.51654386
79.85140482	60.51182541
79.84658238	60.50817094
79.89827935	60.54734719
79.89067187	60.5415822
79.874526	60.52934677
79.87340547	60.52849763
79.84952215	60.51039872
79.8472194	60.50865368
79.87273452	60.52798918
79.87594709	60.53042368
79.88492369	60.5372262
79.85217602	60.51240984
79.8781601	60.53210071
79.87859642	60.53243136
79.86129593	60.51932096
79.86228506	60.52007052
79.86979531	60.52576183
79.86906339	60.52520718
79.88467495	60.5370377
79.88977294	60.54090099
79.87696594	60.53119577
79.86754767	60.52405856
79.88578175	60.53787644
79.89038839	60.54136738
79.89692901	60.5463239
79.87237786	60.5277189
79.87876008	60.53255538
79.90419361	60.55182904
79.89615431	60.54573682
79.90317668	60.55105841
79.89821204	60.54729618
79.86153928	60.51950537
79.87839094	60.53227564
79.90495565	60.55240653
79.89115926	60.54195155
79.91472553	60.55981019
79.91558108	60.56045853
79.9114588	60.55733464
79.89650472	60.54600237
79.92076829	60.56438943
79.88843483	60.53988696
79.90000898	60.54865791
79.88556333	60.53771092
79.90103771	60.54943749
79.90270466	60.55070071
79.9121472	60.55785632
79.90364864	60.55141606
79.92483029	60.56746764
79.89805823	60.54717963
79.89643658	60.54595073
79.90260107	60.55062221
79.92029532	60.56403101
79.90734948	60.55422058
79.91607422	60.56083223
79.89271434	60.54312999
79.91058911	60.55667559
79.93432861	60.57466551
79.90830605	60.55494548
79.89930402	60.54812369
79.91992576	60.56375095
79.92675778	60.5689283
79.92572173	60.56814318
79.93471316	60.57495692
79.93497694	60.57515682
79.9353882	60.57546847
79.91833736	60.56254726
79.90574266	60.55300293
79.89736416	60.54665365
79.92212336	60.56541631
79.92815271	60.56998538
79.92687508	60.56901719
79.92225017	60.56551241
79.93452955	60.57481779
79.91737029	60.5618144
79.90666485	60.55370176
79.92068353	60.5643252
79.92641204	60.56866629
79.93764664	60.57717993
79.94403951	60.58202448
79.93913048	60.5783044
79.93439197	60.57471353
79.93193169	60.57284911
79.94872193	60.58557285
79.93070414	60.57191887
79.94600536	60.58351422
79.92347058	60.56643724
79.93475604	60.57498942
79.92872404	60.57041834
79.95524227	60.590514
79.96389974	60.59707467
79.92056762	60.56423736
79.93175886	60.57271814
79.9334943	60.57403327
79.92814243	60.5699776
79.92484824	60.56748124
79.98418977	60.61245057
79.97575702	60.60606019
79.96873686	60.60074027
79.94333259	60.58148877
79.94540617	60.58306015
79.93119773	60.57229292
79.94051681	60.57935497
79.95037099	60.58682251
79.97658504	60.60668767
79.96218694	60.59577671
79.96954049	60.60134927
79.94780255	60.58487614
79.9329291	60.57360496
79.92649174	60.56872669
79.95735837	60.59211759
79.93553125	60.57557688
79.9529804	60.58879994
79.9710508	60.60249379
79.97013658	60.60180098
79.96804307	60.60021451
79.95421343	60.58973433
79.96303238	60.59641738
79.96953863	60.60134786
79.94790669	60.58495505
79.96911551	60.60102721
79.97184136	60.60309287
79.97692251	60.6069434
79.97639814	60.60654603
79.98189538	60.61071187
79.96889392	60.60085929
79.951145	60.58740906
79.97631015	60.60647935
80.00325306	60.62689683
79.96009096	60.59418836
79.98739853	60.61488218
79.97357417	60.60440601
79.97636815	60.6065233
79.98033649	60.60953053
79.98702354	60.61459801
79.96025056	60.59430931
79.97569922	60.60601638
79.98186833	60.61069137
79.97398417	60.60471671
79.98676489	60.61440201
79.98840937	60.6156482
79.9787551	60.60833214
79.96645201	60.5990088
79.98555884	60.61348806
79.99672947	60.62195322
79.97795968	60.60772938
79.9937485	60.61969422
80.00679175	60.62957847
79.97837539	60.6080444
80.00236595	60.62622458
79.99674511	60.62196508
79.98863339	60.61581797
79.99012276	60.61694662
79.99173261	60.61816657
79.98388144	60.61221692
79.98455244	60.6127254
80.0106068	60.63246953
79.99972061	60.62421992
79.99963259	60.62415322
80.0021564	60.62606578
79.99624815	60.62158848
79.98420419	60.61246149
79.99662074	60.62187082
79.99629714	60.6216256
80.03147235	60.64828156
80.03224198	60.6488648
80.01968509	60.63934911
80.01275424	60.63409688
79.9966926	60.62192528
80.00897917	60.63123611
80.02379709	60.64246521
80.00257943	60.62638635
80.04742047	60.66036714
80.03231223	60.64891803
80.0133448	60.6345444
79.99084507	60.61749399
80.01534682	60.63606155
80.01642907	60.63688168
80.02889249	60.64632653
80.04952111	60.66195901
80.03105611	60.64796613
80.04269623	60.65678708
80.00383467	60.62733758
80.03002524	60.64718493
79.99714962	60.62227161
80.01347077	60.63463987
80.06574313	60.67425214
80.04054736	60.65515866
80.03720114	60.65262287
80.01790196	60.63799785
80.02178011	60.64093673
80.02056629	60.64001689
80.03548075	60.65131915
80.04429424	60.65799806
80.01817767	60.63820678
80.02805333	60.64569061
80.05622417	60.66703863
80.04430377	60.65800528
80.03496598	60.65092906
80.0459055	60.65921908
80.03992798	60.65468928
80.01335808	60.63455447
80.02575785	60.64395108
80.03837606	60.65351323
80.03004646	60.64720102
80.06316199	60.67229614
80.06726724	60.67540712
80.05961105	60.66960522
80.05510249	60.66618861
80.04979922	60.66216976
80.05393929	60.66530713
80.0397994	60.65459184
80.01755854	60.6377376
80.05540538	60.66641814
80.05004412	60.66235535
80.08893652	60.69182822
80.07159852	60.67868939
80.07657914	60.68246373
80.04753314	60.66045252
80.04749237	60.66042162
80.04095405	60.65546685
80.06501107	60.67369738
80.06507038	60.67374233
80.07772759	60.68333403
80.0695394	60.67712898
80.08112827	60.68591108
80.07682989	60.68265375
80.06670634	60.67498207
80.07028438	60.67769353
80.07384265	60.68039001
80.08640668	60.6899111
80.05161451	60.6635454
80.0868619	60.69025606
80.08953746	60.69228362
80.09044595	60.69297208
80.08142506	60.686136
80.07568359	60.68178508
80.06791094	60.67589493
80.09781832	60.6985589
80.10276536	60.70230779
80.10083767	60.70084698
80.10414715	60.70335492
80.10550355	60.70438281
80.11079517	60.70839283
80.07077838	60.67806788
80.06564801	60.67418007
80.12088552	60.71603935
80.12772371	60.72122136
80.10856832	60.70670531
80.11141514	60.70886264
80.08750511	60.69074349
80.09780302	60.6985473
80.10324587	60.70267193
80.10005981	60.70025751
80.10680076	60.70536584
80.12670063	60.72044607
80.11248705	60.70967494
80.10494955	60.70396298
80.12462586	60.7188738
80.08982048	60.69249809
80.08349922	60.68770781
80.1028	60.70233404
80.08809656	60.69119169
80.10934208	60.70729166
80.12305316	60.71768199
80.1313456	60.72396605
80.08252989	60.68697324
80.11491635	60.71151588
80.10826099	60.70647241
80.09753604	60.69834499
80.07924925	60.68448715
80.10773865	60.70607657
80.10405172	60.7032826
80.10854229	60.70668558
80.12594023	60.71986984
80.1288977	60.72211102
80.07488223	60.68117781
80.10963481	60.70751349
80.09308049	60.69496854
80.09276536	60.69472973
80.07327601	60.6799606
80.07387046	60.68041108
80.04986984	60.66222328
80.04000067	60.65474437
80.04255159	60.65667747
80.00725336	60.62992828
80.00091279	60.62512336
79.96206985	60.59568797
79.92301032	60.56608845
79.89190294	60.54251511
79.84672092	60.50827593
79.84359557	60.50590753
79.80060089	60.47332593
79.76062825	60.44303444
79.69990496	60.39701801
79.65192788	60.36066072
79.61686852	60.33409255
79.54205077	60.27739525
79.50502606	60.24933772
79.45546761	60.21178206
79.38366014	60.15736597
79.34971771	60.13164421
79.26279455	60.06577338
79.19235654	60.01239507
79.13212777	59.96675338
79.0661006	59.91671764
78.99283926	59.8611998
78.91452337	59.8018516
78.82118794	59.7311215
78.74284794	59.67175503
78.6900661	59.63175667
78.60110485	59.56434135
78.49618392	59.48483171
78.41154405	59.42069115
78.32828085	59.35759385
78.23965375	59.29043176
78.14704647	59.22025346
78.07806538	59.16797922
77.98752858	59.09936994
77.85983719	59.00260472
77.79837828	58.95603083
77.67008306	58.85880802
77.54566608	58.76452416
77.44265111	58.68645886
77.34120044	58.60957899
77.22169548	58.51901749
77.11013347	58.4344752
77.00060176	58.35147148
76.88026192	58.2602773
76.74236606	58.15577907
76.62948142	58.07023448
76.51833187	57.98600475
76.339034	57.85013186
76.2288581	57.76663997
76.11052151	57.67696386
75.97153006	57.57163539
75.83629149	57.46915087
75.66238126	57.33736076
75.52807355	57.23558165
75.35993267	57.10816359
75.21435738	56.99784585
75.0379798	56.86418597
74.86237366	56.73111068
74.72475002	56.62681875
74.566898	56.50719764
74.38832988	56.37187775
74.2363557	56.2567109
74.06898466	56.12987622
73.90135053	56.00284217
73.7139806	55.86085223
73.51399952	55.70930549
73.31019607	55.55486213
73.12293671	55.41295598
72.95967786	55.28923754
72.79101452	55.16142355
72.59504639	55.01291785
72.39640388	54.86238548
72.16819545	54.6894479
71.96808624	54.53780406
71.76858732	54.3866227
71.53343376	54.20842206
71.25525446	53.99761629
71.03594834	53.83142493
70.82566155	53.67206847
70.61809538	53.51477371
70.40949595	53.35669593
70.19053396	53.19076535
69.95843104	53.01487651
69.74565244	52.85363173
69.51346343	52.67767765
69.30541646	52.52001853
69.114036	52.37498939
68.86557048	52.18670088
68.66327535	52.03340054
68.44792291	51.87020529
68.21001062	51.68991408
68.0306486	51.55399257
67.80960419	51.38648393
67.56339768	51.19990731
67.37587995	51.05780536
67.14118901	50.8799553
66.96081434	50.7432664
66.74960009	50.5832071
66.49695363	50.39175025
66.30946625	50.2496713
66.09148406	50.08448322
65.90293144	49.94159703
65.70187767	49.78923739
65.47089833	49.61420001
65.31698754	49.49756558
65.14043091	49.36377001
64.94391311	49.21484776
64.75317085	49.07030225
64.56396907	48.92692412
64.4101645	48.81037019
64.27045523	48.70449775
64.13401135	48.60109984
64.01715597	48.51254621
63.86167087	48.39471875
63.72456489	48.29081911
63.61934854	48.21108559
63.5142328	48.13142831
63.39569762	48.04160171
63.26449161	47.94217309
63.18001911	47.87815937
63.08933599	47.80943922
63.02739272	47.76249827
62.93759465	47.69444881
62.89429458	47.66163579
62.89502374	47.66218835
62.87882778	47.64991496
62.94857446	47.70276937
63.00079696	47.74234386
63.01321575	47.75175489
63.16978373	47.87040295
63.25999422	47.93876494
63.36761308	48.0203191
63.56452269	48.16953826
63.63425345	48.22238061
63.83358774	48.37343721
63.99992173	48.499486
64.05006137	48.53748209
64.30890044	48.73363173
64.46077155	48.84872048
64.62218487	48.97104037
64.84890111	49.14284716
64.97732617	49.24016836
65.18596047	49.39827256
65.37531648	49.54176757
65.54436535	49.66987372
65.77492938	49.84459638
65.95799545	49.98332483
66.14857788	50.12774922
66.33474355	50.26882657
66.50377515	50.39691964
66.72798354	50.56682596
66.86894009	50.6736436
67.05763896	50.81664062
67.27887732	50.98429624
67.41210888	51.08525983
67.59692106	51.2253115
67.78997089	51.3716057
68.00546748	51.53491019
68.17056644	51.66002307
68.30163495	51.75934749
68.51052091	51.9176424
68.67513248	52.04238594
68.81898748	52.15140003
68.99731082	52.28653442
69.161351	52.41084496
69.31106937	52.52430234
69.49141919	52.66097241
69.66870138	52.79531781
69.84862683	52.93166628
70.05710126	53.08964933
70.26771922	53.24925676
70.42562447	53.36891821
70.60199239	53.50257077
70.77030585	53.63011962
70.9300774	53.75119536
71.10860403	53.8864838
71.30423224	54.03473192
71.44762379	54.14339481
71.57741542	54.2417516
71.74218108	54.36661191
71.8773985	54.4690804
72.00951376	54.56919806
72.09594847	54.63469875
72.17984114	54.69827307
72.27304021	54.76889983
72.40207112	54.86668014
72.49243379	54.93515746
72.55283369	54.98092883
72.6213191	55.03282745
72.66159477	55.06334857
72.70628901	55.09721811
72.74545805	55.12690061
72.75163252	55.13157966
72.76117307	55.13880954
72.81072574	55.17636082
72.84916121	55.20548743
72.94247999	55.27620491
73.01415513	55.33052071
73.00100249	55.32055357
73.10120927	55.39649081
73.12866628	55.41729788
73.11388406	55.40609583
73.14500448	55.42967905
73.18830063	55.46248911
73.20484296	55.47502497
73.24517802	55.5055911
73.18778985	55.46210204
73.15107465	55.43427906
73.21643914	55.48381262
73.13413215	55.42143994
73.15827352	55.4397344
73.19052829	55.46417724
73.14360111	55.42861558
73.11251182	55.40505594
73.07936608	55.37993792
73.11939818	55.41027447
73.04092226	55.35080499
72.96345782	55.29210201
72.97433546	55.30034515
72.94710064	55.27970646
72.92595247	55.26368026
72.87731006	55.22681878
72.78804351	55.15917211
72.71811354	55.10617879
72.68318606	55.07971057
72.59739879	55.01470051
72.55953365	54.9860061
72.47602204	54.92272055
72.3881363	54.85612026
72.3306629	54.81256661
72.20456656	54.71701012
72.08132618	54.6236179
71.98656191	54.55180502
71.82103148	54.42636517
71.7711614	54.38857336
71.69933178	54.33414048
71.55317817	54.22338449
71.4854917	54.17209132
71.35792053	54.0754172
71.26181692	54.00258936
71.10800598	53.8860306
70.92887631	53.75028517
70.79723986	53.65053036
70.71431556	53.58768988
70.5128702	53.43503349
70.35319767	53.31403279
70.216118	53.21015307
70.12502295	53.14112075
69.98633613	53.03602314
69.78619096	52.88435204
69.70764524	52.82482967
69.54314404	52.70016978
69.39151897	52.58526748
69.2323701	52.46466361
69.12719785	52.38496351
68.99749339	52.28667277
68.84845953	52.17373411
68.78258308	52.12381258
68.66151541	52.03206685
68.4821321	51.8961292
68.33087097	51.7815027
68.25640247	51.72507007
68.07998347	51.5913788
67.97839514	51.51439462
67.84852846	51.41598095
67.77035102	51.35673766
67.69861722	51.3023774
67.55611568	51.19438897
67.4585664	51.12046559
67.37128203	51.05432103
67.17313396	50.90416335
67.20407474	50.92761044
67.11771151	50.86216392
66.9888422	50.76450606
67.01982596	50.78798573
67.01741861	50.78616142
67.00932672	50.78002934
66.94518901	50.73142544
66.91481591	50.70840854
66.8729384	50.67667354
66.87414974	50.67759149
66.83366702	50.64691347
66.83450275	50.6475468
66.82594933	50.64106497
66.82139291	50.63761208
66.7327761	50.57045779
66.73924082	50.57535679
66.70933258	50.55269216
66.72408092	50.56386854
66.65697936	50.51301861
66.69331531	50.54055419
66.65878028	50.51438336
66.64033484	50.5004053
66.62823325	50.49123465
66.60631895	50.47462788
66.64615418	50.50481523
66.67874971	50.5295163
66.65928059	50.5147625
66.70808921	50.55174993
66.72762557	50.56655469
66.74151824	50.57708263
66.74856953	50.58242613
66.77662694	50.6036882
66.8074722	50.6270629
66.80345142	50.62401593
66.86927613	50.67389825
66.96464718	50.74617094
67.00190992	50.77440885
67.05097704	50.81159218
67.11828994	50.86260226
67.12965732	50.87121652
67.22087167	50.94033925
67.25912066	50.96932454
67.35582997	51.04261138
67.42788119	51.09721218
67.43845008	51.10522134
67.56433256	51.20061576
67.58478731	51.21611648
67.6586752	51.27210912
67.76892349	51.35565587
67.82129969	51.39534684
67.82817562	51.40055746
67.96526526	51.50444473
68.00327915	51.53325186
68.07916425	51.59075799
68.1998548	51.68221794
68.27393908	51.73835941
68.35285234	51.7981603
68.42193302	51.85051002
68.51735675	51.92282263
68.6594885	52.03053084
68.75722207	52.10459387
68.7766214	52.11929479
68.92165381	52.22920113
69.02319534	52.30614985
69.0958925	52.36124014
69.2287629	52.46193006
69.23482381	52.46652304
69.3501083	52.55388625
69.4437737	52.6248664
69.56075944	52.71351883
69.70277351	52.82113785
69.70103808	52.81982273
69.79198664	52.88874404
69.89073863	52.96357883
69.97862666	53.03018086
70.07372596	53.10224762
70.15137363	53.16108944
70.24464785	53.23177315
70.28743428	53.26419694
70.37974325	53.33414918
70.39058294	53.34236355
70.46457505	53.39843517
70.49794125	53.42372026
70.59803337	53.4995706
70.57625249	53.48306494
70.65495238	53.54270413
70.65667199	53.54400727
70.70274684	53.57892303
70.71751966	53.59011796
70.77730024	53.63542
70.80663057	53.65764669
70.79862498	53.65158001
70.9317824	53.75248742
70.8950086	53.72462003
71.04264505	53.83649974
70.97754392	53.78716575
71.00767356	53.80999815
71.12629051	53.89988671
71.11749679	53.89322279
71.17814295	53.93918078
71.16971392	53.93279321
71.20597351	53.96027092
71.22592513	53.97539037
71.22047126	53.9712574
71.19739631	53.95377107
71.28867	54.02293877
71.22831534	53.97720168
71.23849438	53.98491541
71.33514837	54.05816033
71.3145806	54.04257396
71.35158321	54.07061474
71.20441894	53.95909286
71.33558036	54.05848769
71.29080823	54.02455913
71.34696983	54.0671187
71.34348047	54.06447444
71.32316847	54.04908189
71.27543408	54.01290852
71.2303578	53.97874947
71.27146641	54.0099018
71.28172771	54.01767786
71.23041306	53.97879135
71.16751318	53.93112548
71.14708336	53.91564365
71.16269552	53.92747463
71.12748966	53.90079543
71.12478176	53.89874338
71.01346293	53.81438537
70.98011324	53.78911279
70.93716928	53.75656963
70.94684333	53.76390067
70.87946626	53.71284196
70.76712491	53.62770909
70.75204678	53.6162828
70.67769799	53.55994088
70.57540647	53.48242381
70.62369717	53.51901877
70.43235353	53.37401753
70.34803432	53.31011998
70.33676029	53.30157646
70.31460058	53.28478371
70.24666304	53.23330027
70.25419975	53.23901163
70.06607077	53.09644648
70.11920393	53.13671107
70.10790203	53.12814643
69.98520671	53.03516726
69.98151839	53.03237223
69.83448338	52.9209483
69.83925389	52.92456342
69.74072985	52.84990138
69.71435905	52.82991744
69.66906874	52.7955962
69.57526581	52.72451183
69.58610373	52.73272486
69.5576382	52.71115353
69.49063336	52.6603769
69.49519407	52.66383303
69.42806654	52.61296343
69.3330595	52.54096658
69.25152486	52.47917919
69.22377699	52.4581517
69.15984008	52.40969997
69.21668504	52.45277738
69.14615935	52.39933264
69.05455553	52.32991477
69.04049552	52.31926002
69.0646913	52.33759571
69.0501234	52.32655608
68.9676334	52.26404471
68.94189712	52.24454162
68.91793459	52.22638268
68.84136415	52.16835719
68.82578305	52.15654975
68.82990373	52.15967243
68.77779072	52.1201809
68.66030702	52.03115112
68.67728607	52.04401794
68.66726249	52.03642202
68.68434696	52.04936871
68.59341075	51.98045677
68.61073214	51.99358301
68.56768835	51.96096419
68.53725842	51.93790423
68.51863621	51.92379222
68.45785733	51.87773365
68.52536395	51.92889054
68.48368794	51.89730823
68.55518675	51.95149041
68.53680817	51.93756303
68.44326132	51.86667272
68.55942381	51.95470128
68.47295302	51.88917325
68.49943759	51.9092434
68.56276773	51.95723532
68.56501152	51.95893567
68.56786208	51.96109585
68.60206088	51.98701188
68.56766606	51.9609473
68.60800846	51.99151899
68.55844698	51.95396104
68.60093773	51.98616075
68.64854972	52.02224138
68.67094022	52.03920902
68.7051348	52.06512185
68.684495	52.0494809
68.71420333	52.07199404
68.74844184	52.09794016
68.84893438	52.17409395
68.8150776	52.1484371
68.8651094	52.18635147
68.84929815	52.17436962
68.95804048	52.25677514
69.00786422	52.29453184
68.97732108	52.27138609
69.11822696	52.37816532
69.08768157	52.35501786
69.14383487	52.39757113
69.24306323	52.47276692
69.16618847	52.41451081
69.17748733	52.42307315
69.26990044	52.4931043
69.31166671	52.52475501
69.32598667	52.53560675
69.40581318	52.59609971
69.42234559	52.60862806
69.44341367	52.62459356
69.46254402	52.63909065
69.47175407	52.64607007
69.57482152	52.72417514
69.57268463	52.72255579
69.61661712	52.75584808
69.6607093	52.78926137
69.68303823	52.80618235
69.67868919	52.80288662
69.73251735	52.8436779
69.61061917	52.7513028
69.47919589	52.65170953
69.2317744	52.46421219
68.87054644	52.19047169
68.31432296	51.76896253
67.61740358	51.24083327
66.8401407	50.65181927
65.94378869	49.97255887
64.93443212	49.20766302
63.78821866	48.33905628
62.60914787	47.44555007
61.41649002	46.54174751
60.11300165	45.55395699
58.64092957	44.43841283
57.34067211	43.45307071
55.74688324	42.2452889
54.2059317	41.07754752
52.59256711	39.85493112
50.92244996	38.58930734
49.04002424	37.16279497
46.99555273	35.61348343
45.07274884	34.15637227
43.36517782	32.86236573
41.96213453	31.79913196
40.30245016	30.54141419
38.74469909	29.36094202
37.22265321	28.20752744
35.57933174	26.96220957
33.72389423	25.55614901
31.64315494	23.97935354
29.87313296	22.63802134
28.62982446	21.69583545
28.30880996	21.45256893
28.88594619	21.88992588
29.93448704	22.68451579
31.06629318	23.54220459
31.61660887	23.9592368
32.3755854	24.5343933
32.76546971	24.82984974
33.31538977	25.24658212
33.71377728	25.54848233
34.17686582	25.89941332
34.68763766	26.28647898
34.75585433	26.33817394
34.81063672	26.37968833
34.85428254	26.41276337
34.87462131	26.4281762
34.9283162	26.46886647
34.91116522	26.45586937
34.91634751	26.45979654
35.11755026	26.61226907
35.49472692	26.89809557
35.57998728	26.96270633
35.64698327	27.01347626
35.91711462	27.21818325
36.11900139	27.37117414
36.34151218	27.53979401
36.69785921	27.80983571
36.88563229	27.95213117
36.89938506	27.96255309
36.73918197	27.84115033
36.57892925	27.71970995
36.28827315	27.49944919
36.07451615	27.33746298
35.76726262	27.1046246
35.50692449	26.90733896
35.26873454	26.72683733
35.08792972	26.58982246
35.07701122	26.58154836
35.06848277	26.57508546
34.70655275	26.30081294
34.22764961	25.93789755
33.54717495	25.42223018
32.86942707	24.90862919
32.03567115	24.27680445
30.96306588	23.46397839
29.86791998	22.63407091
28.90129225	21.9015552
27.59111498	20.90869581
26.33753474	19.95872593
25.14179133	19.05258512
23.89344771	18.10658359
22.48231584	17.03722025
21.14502402	16.02381329
19.70126158	14.92972233
18.15445928	13.7575472
16.43676868	12.45587199
14.90095427	11.29202355
12.97422637	9.831938748
11.0053165	8.339888224
9.127263391	6.916689445
7.515555665	5.695328634
5.843831614	4.428487128
4.173305977	3.162553786
2.468399796	1.870566684
0.946509832	0.717270258
-0.971959114	-0.736555861
-3.009420656	-2.280555211
-5.039114343	-3.818668038
-6.405961647	-4.8544723
-6.952063412	-5.268311164
-6.451050433	-4.888640825
-5.20670085	-3.945665997
-3.809572965	-2.886914948
-2.426627478	-1.838911396
-2.053525112	-1.55617241
-1.743187067	-1.320996565
-1.041833515	-0.789507059
-0.420634754	-0.318759286
-0.528173236	-0.400252528
-0.629869687	-0.477318648
-0.307690855	-0.23316979
-0.132577467	-0.10046792
-0.26763537	-0.202815528
-0.492808906	-0.373453248
-0.68331703	-0.517821332
-0.705405282	-0.534559929
-0.808533951	-0.612711391
-0.670559573	-0.508153662
-0.521273953	-0.395024214
-0.352282131	-0.266961299
-0.39825562	-0.301800257
-0.173974877	-0.1318391
0.101819829	0.077159616
0.054656307	0.041418844
0.027805546	0.021071193
0.115088584	0.08721475
0.290435722	0.220093757
0.484332356	0.367029673
0.612833702	0.464408686
0.458378136	0.347361425
0.335923934	0.25456497
0.352069091	0.266799856
0.305787949	0.231727757
0.310604211	0.235377547
0.285113829	0.216060798
0.401289093	0.30409904
0.571523418	0.43310353
0.592072332	0.448675608
0.798587772	0.605174123
0.818028954	0.619906755
0.902671548	0.684049369
1.033297407	0.78303835
0.879210541	0.666270492
0.831137659	0.629840602
0.563911567	0.427335228
0.652048647	0.494125983
0.563947804	0.427362688
0.426117008	0.322913767
0.296730918	0.224864291
0.281673657	0.213453817
-0.015920907	-0.01206495
0.095104799	0.07207093
0.075670292	0.057343355
-0.18801918	-0.142481949
-0.325594275	-0.246737098
-0.225630905	-0.170984317
-0.447602013	-0.339195221
-0.460961611	-0.349319196
-0.586539525	-0.444482817
-0.450476611	-0.341373607
-0.425660546	-0.322567858
-0.426324664	-0.323071131
-0.409194552	-0.310089839
-0.345375001	-0.261727039
-0.196410242	-0.148840741
-0.232923915	-0.176510999
-0.150712159	-0.114210487
-0.086937748	-0.065881895
-0.006976372	-0.005286732
0.136579877	0.103500968
0.298873098	0.226487646
0.335348044	0.254128557
0.524538142	0.397497834
0.785285153	0.595093326
0.808944478	0.61302249
0.928121781	0.703335693
1.007319894	0.763352451
0.833794127	0.631853688
0.706817971	0.535630472
0.618547319	0.468738496
0.5790669	0.438820021
0.384539972	0.291406466
0.368682617	0.279389676
0.202698887	0.15360631
0.124975604	0.094707187
0.051340448	0.038906068
0.07381171	0.055934912
-0.115102257	-0.087225112
-0.19734035	-0.149545582
-0.354283806	-0.26847818
-0.405597025	-0.307363614
-0.37333533	-0.282915528
-0.342072928	-0.259224711
-0.265095497	-0.200890798
-0.19958486	-0.151246484
-0.160711582	-0.121788104
-0.210490389	-0.159510753
-0.253115925	-0.191812614
-0.345625955	-0.261917213
-0.343271416	-0.260132931
-0.215599363	-0.16338236
-0.162582753	-0.123206087
-0.232916067	-0.176505053
0.062600746	0.047439183
0.090344583	0.068463612
0.141328496	0.107099497
0.190625056	0.144456696
0.07690692	0.058280479
0.137690215	0.104342388
0.146106821	0.110720537
0.166973355	0.126533309
0.032360874	0.024523245
0.112580815	0.085314349
0.324455651	0.245874243
0.224939972	0.170460725
0.221061035	0.167521245
0.272339791	0.206380563
0.151126128	0.114524195
0.0647643	0.049078736
0.033979379	0.025749757
0.043386934	0.032878852
-0.070417487	-0.053362752
-0.079005414	-0.059870729
0.041460142	0.031418719
-0.145987098	-0.110629811
-0.080078553	-0.06068396
-0.081814943	-0.061999806
-0.089003346	-0.067447216
-0.052419437	-0.039723732
-0.10272252	-0.07784368
-0.124756907	-0.094541457
-0.264935358	-0.200769444
-0.238451523	-0.180699851
-0.099239308	-0.075204083
-0.202402387	-0.153381621
-0.104298274	-0.079037795
-0.106577923	-0.080765325
-0.179881887	-0.136315465
-0.04715882	-0.035737208
-0.095899975	-0.072673519
-0.060823899	-0.046092679
-0.028089437	-0.021286327
-0.01952169	-0.014793642
-0.040044715	-0.030346101
0.032438237	0.024581871
-0.013123383	-0.00994497
0.02360954	0.017891437
0.038062499	0.028843967
0.139831494	0.10596506
0.06961325	0.052753297
0.094605314	0.071692418
0.116803089	0.088514011
0.000307008	0.000232652
0.015804979	0.011977098
0.052115266	0.03949323
0.072283817	0.054777067
0.062489287	0.047354719
0.025081351	0.019006783
0.110600729	0.083813829
0.094292611	0.07145545
0.088203774	0.066841296
0.123111182	0.093294318
0.03739445	0.028337716
0.071320235	0.054046859
-0.007462696	-0.005655272
-0.125596238	-0.095177507
-0.09378797	-0.071073029
-0.065231666	-0.049432908
-0.062573243	-0.047418341
0.016727581	0.012676251
-0.023672533	-0.017939174
-0.032373673	-0.024532944
-0.032107693	-0.024331383
-0.04042687	-0.030635701
0.03575652	0.027096484
0.10470333	0.079344749
0.057143401	0.043303578
0.085771884	0.064998396
0.092541774	0.070128656
0.042808198	0.032440283
0.157371493	0.119256967
0.138220669	0.104744369
0.072875732	0.055225623
0.033011798	0.025016518
0.146067628	0.110690837
0.018744187	0.014204446
0.01732556	0.013129403
0.078744451	0.05967297
0.084661076	0.06415662
0.0467047	0.035393074
0.033229899	0.025181797
0.006446582	0.004885254
0.106275201	0.08053592
0.162811788	0.123379651
0.079459189	0.060214602
0.099870719	0.07568257
0.007539346	0.005713357
0.011338595	0.008592449
-0.071313945	-0.054042093
-0.018841798	-0.014278416
0.07385518	0.055967854
-0.039028743	-0.029576192
0.01364029	0.010336686
0.135797044	0.102907733
0.091216492	0.069124349
0.019066659	0.014448817
0.094097725	0.071307763
0.137358927	0.104091336
0.057023363	0.043212612
0.076019284	0.057607824
0.039760372	0.030130625
0.032277113	0.02445977
0.144570131	0.109556026
0.106003166	0.080329771
0.096198311	0.072899599
0.116770652	0.08848943
0.159068366	0.120542866
0.115413265	0.087460795
0.083216487	0.063061903
-0.06832517	-0.051777182
-0.046761125	-0.035435833
0.052285717	0.039622398
0.076977953	0.058334308
0.07070657	0.053581821
0.132299559	0.10025732
0.031928115	0.024195298
0.044586084	0.033787575
0.038605787	0.029255674
0.130397261	0.098815748
0.065660307	0.049757735
0.069714887	0.052830318
0.07541527	0.057150098
0.055722746	0.042226998
0.107863668	0.081739669
0.191186888	0.144882455
0.173300687	0.131328196
0.281368978	0.21322293
0.210137422	0.159243272
0.143763949	0.108945096
0.199373191	0.15108608
0.30249959	0.229235822
0.258239798	0.195695512
-0.051884918	-0.03931867
0.11534575	0.087409631
0.215883353	0.163597569
0.163543748	0.123934335
0.198646962	0.15053574
0.178002888	0.134891549
0.179121223	0.135739029
0.173376539	0.131385676
0.085546462	0.06482757
0.088197694	0.066836688
0.021018864	0.015928208
-0.035919809	-0.027220225
0.155094915	0.117531764
0.065376731	0.04954284
-0.119624559	-0.090652136
0.004283443	0.003246016
0.049312188	0.037369042
-0.101959545	-0.077265494
-0.156407569	-0.118526499
-0.152997732	-0.115942507
-0.060514378	-0.045858122
0.047004552	0.035620303
0.073803287	0.055928529
0.006015054	0.00455824
0.061864369	0.046881153
0.125254222	0.094918325
0.191848007	0.145383455
0.133520479	0.10118254
0.250823472	0.19007538
0.236070686	0.17889564
0.16014885	0.121361663
0.103634098	0.078534478
0.243886466	0.18481848
0.31384908	0.237836526
0.251444099	0.190545695
0.316788372	0.240063937
0.267901081	0.203016884
0.190696214	0.14451062
0.172493013	0.130716136
0.281029167	0.212965419
0.101145917	0.076648922
0.172112959	0.130428129
0.128805648	0.097609615
0.101368877	0.076817882
0.014505517	0.010992359
0.078314795	0.059347374
0.105702879	0.080102212
-0.032509912	-0.024636187
0.037025136	0.028057848
0.144030162	0.109146834
0.030830066	0.02336319
0.078265516	0.05931003
0.107938467	0.081796353
0.191157902	0.14486049
0.051022492	0.03866512
0.049997689	0.037888518
0.094999596	0.071991206
0.09660674	0.073209109
0.152204023	0.11534103
0.131009127	0.099279423
0.190540158	0.14439236
0.259672024	0.196780861
0.183609998	0.139140647
0.100145564	0.075890849
0.226171322	0.171393848
0.167307705	0.126786682
0.262568905	0.198976133
0.130486282	0.098883208
0.091318785	0.069201868
0.140629358	0.106569686
0.216920648	0.164383637
0.118440596	0.089754923
0.218081189	0.165263102
0.170576786	0.129264009
0.152072131	0.115241081
0.278502725	0.211050868
0.135533344	0.102707899
0.035646234	0.027012908
0.153434834	0.116273745
0.171156464	0.129703292
0.092261323	0.069916128
0.146748622	0.111206898
0.158686517	0.120253499
0.158738673	0.120293023
0.128728191	0.097550917
0.251684792	0.190728093
0.294821115	0.223417031
0.23269632	0.176338527
0.161637783	0.122489984
0.112213229	0.08503579
0.134559255	0.101969729
0.097699557	0.074037252
